  0
SECTION
  2
HEADER
  9
$ACADVER
  1
AC1014
  9
$ACADMAINTVER
 70
     9
  9
$DWGCODEPAGE
  3
ANSI_1252
  9
$INSBASE
 10
0.0
 20
0.0
 30
0.0
  9
$EXTMIN
 10
1.000000000000000E+20
 20
1.000000000000000E+20
 30
1.000000000000000E+20
  9
$EXTMAX
 10
-1.000000000000000E+20
 20
-1.000000000000000E+20
 30
-1.000000000000000E+20
  9
$LIMMIN
 10
0.0
 20
0.0
  9
$LIMMAX
 10
420.0
 20
297.0
  9
$ORTHOMODE
 70
     0
  9
$REGENMODE
 70
     1
  9
$FILLMODE
 70
     1
  9
$QTEXTMODE
 70
     0
  9
$MIRRTEXT
 70
     1
  9
$DRAGMODE
 70
     2
  9
$LTSCALE
 40
1.0
  9
$OSMODE
 70
    37
  9
$ATTMODE
 70
     1
  9
$TEXTSIZE
 40
2.5
  9
$TRACEWID
 40
1.0
  9
$TEXTSTYLE
  7
STANDARD
  9
$CLAYER
  8
0
  9
$CELTYPE
  6
BYLAYER
  9
$CECOLOR
 62
   256
  9
$CELTSCALE
 40
1.0
  9
$DELOBJ
 70
     1
  9
$DISPSILH
 70
     0
  9
$DIMSCALE
 40
1.0
  9
$DIMASZ
 40
2.5
  9
$DIMEXO
 40
0.625
  9
$DIMDLI
 40
3.75
  9
$DIMRND
 40
0.0
  9
$DIMDLE
 40
0.0
  9
$DIMEXE
 40
1.25
  9
$DIMTP
 40
0.0
  9
$DIMTM
 40
0.0
  9
$DIMTXT
 40
2.5
  9
$DIMCEN
 40
2.5
  9
$DIMTSZ
 40
0.0
  9
$DIMTOL
 70
     0
  9
$DIMLIM
 70
     0
  9
$DIMTIH
 70
     0
  9
$DIMTOH
 70
     0
  9
$DIMSE1
 70
     0
  9
$DIMSE2
 70
     0
  9
$DIMTAD
 70
     1
  9
$DIMZIN
 70
     8
  9
$DIMBLK
  1

  9
$DIMASO
 70
     1
  9
$DIMSHO
 70
     1
  9
$DIMPOST
  1

  9
$DIMAPOST
  1

  9
$DIMALT
 70
     0
  9
$DIMALTD
 70
     3
  9
$DIMALTF
 40
0.03937007874016
  9
$DIMLFAC
 40
1.0
  9
$DIMTOFL
 70
     1
  9
$DIMTVP
 40
0.0
  9
$DIMTIX
 70
     0
  9
$DIMSOXD
 70
     0
  9
$DIMSAH
 70
     0
  9
$DIMBLK1
  1

  9
$DIMBLK2
  1

  9
$DIMSTYLE
  2
ISO-25
  9
$DIMCLRD
 70
     0
  9
$DIMCLRE
 70
     0
  9
$DIMCLRT
 70
     0
  9
$DIMTFAC
 40
1.0
  9
$DIMGAP
 40
0.625
  9
$DIMJUST
 70
     0
  9
$DIMSD1
 70
     0
  9
$DIMSD2
 70
     0
  9
$DIMTOLJ
 70
     0
  9
$DIMTZIN
 70
     8
  9
$DIMALTZ
 70
     0
  9
$DIMALTTZ
 70
     0
  9
$DIMFIT
 70
     3
  9
$DIMUPT
 70
     0
  9
$DIMUNIT
 70
     2
  9
$DIMDEC
 70
     2
  9
$DIMTDEC
 70
     2
  9
$DIMALTU
 70
     2
  9
$DIMALTTD
 70
     3
  9
$DIMTXSTY
  7
STANDARD
  9
$DIMAUNIT
 70
     0
  9
$LUNITS
 70
     2
  9
$LUPREC
 70
     4
  9
$SKETCHINC
 40
1.0
  9
$FILLETRAD
 40
0.0
  9
$AUNITS
 70
     0
  9
$AUPREC
 70
     0
  9
$MENU
  1
.
  9
$ELEVATION
 40
0.0
  9
$PELEVATION
 40
0.0
  9
$THICKNESS
 40
0.0
  9
$LIMCHECK
 70
     0
  9
$CHAMFERA
 40
0.0
  9
$CHAMFERB
 40
0.0
  9
$CHAMFERC
 40
0.0
  9
$CHAMFERD
 40
0.0
  9
$SKPOLY
 70
     0
  9
$TDCREATE
 40
2460977.844353148
  9
$TDUPDATE
 40
2460977.844353449
  9
$TDINDWG
 40
0.0000000116
  9
$TDUSRTIMER
 40
0.0000000116
  9
$USRTIMER
 70
     1
  9
$ANGBASE
 50
0.0
  9
$ANGDIR
 70
     0
  9
$PDMODE
 70
     0
  9
$PDSIZE
 40
0.0
  9
$PLINEWID
 40
0.0
  9
$COORDS
 70
     1
  9
$SPLFRAME
 70
     0
  9
$SPLINETYPE
 70
     6
  9
$SPLINESEGS
 70
     8
  9
$ATTDIA
 70
     0
  9
$ATTREQ
 70
     1
  9
$HANDLING
 70
     1
  9
$HANDSEED
  5
1000126F
  9
$SURFTAB1
 70
     6
  9
$SURFTAB2
 70
     6
  9
$SURFTYPE
 70
     6
  9
$SURFU
 70
     6
  9
$SURFV
 70
     6
  9
$UCSNAME
  2

  9
$UCSORG
 10
0.0
 20
0.0
 30
0.0
  9
$UCSXDIR
 10
1.0
 20
0.0
 30
0.0
  9
$UCSYDIR
 10
0.0
 20
1.0
 30
0.0
  9
$PUCSNAME
  2

  9
$PUCSORG
 10
0.0
 20
0.0
 30
0.0
  9
$PUCSXDIR
 10
1.0
 20
0.0
 30
0.0
  9
$PUCSYDIR
 10
0.0
 20
1.0
 30
0.0
  9
$USERI1
 70
     0
  9
$USERI2
 70
     0
  9
$USERI3
 70
     0
  9
$USERI4
 70
     0
  9
$USERI5
 70
     0
  9
$USERR1
 40
0.0
  9
$USERR2
 40
0.0
  9
$USERR3
 40
0.0
  9
$USERR4
 40
0.0
  9
$USERR5
 40
0.0
  9
$WORLDVIEW
 70
     1
  9
$SHADEDGE
 70
     3
  9
$SHADEDIF
 70
    70
  9
$TILEMODE
 70
     1
  9
$MAXACTVP
 70
    64
  9
$PINSBASE
 10
0.0
 20
0.0
 30
0.0
  9
$PLIMCHECK
 70
     0
  9
$PEXTMIN
 10
1.000000000000000E+20
 20
1.000000000000000E+20
 30
1.000000000000000E+20
  9
$PEXTMAX
 10
-1.000000000000000E+20
 20
-1.000000000000000E+20
 30
-1.000000000000000E+20
  9
$PLIMMIN
 10
0.0
 20
0.0
  9
$PLIMMAX
 10
420.0
 20
297.0
  9
$UNITMODE
 70
     0
  9
$VISRETAIN
 70
     1
  9
$PLINEGEN
 70
     0
  9
$PSLTSCALE
 70
     1
  9
$TREEDEPTH
 70
  3020
  9
$PICKSTYLE
 70
     1
  9
$CMLSTYLE
  2
STANDARD
  9
$CMLJUST
 70
     0
  9
$CMLSCALE
 40
20.0
  9
$PROXYGRAPHICS
 70
     1
  9
$MEASUREMENT
 70
     1
  0
ENDSEC
  0
SECTION
  2
CLASSES
  0
CLASS
  1
ACDBDICTIONARYWDFLT
  2
AcDbDictionaryWithDefault
  3
ObjectDBX Classes
 90
        0
280
     0
281
     0
  0
CLASS
  1
VISUALSTYLE
  2
AcDbVisualStyle
  3
ObjectDBX Classes
 90
     4095
280
     0
281
     0
  0
CLASS
  1
MATERIAL
  2
AcDbMaterial
  3
ObjectDBX Classes
 90
     1153
280
     0
281
     0
  0
CLASS
  1
SCALE
  2
AcDbScale
  3
ObjectDBX Classes
 90
     1153
280
     0
281
     0
  0
CLASS
  1
TABLESTYLE
  2
AcDbTableStyle
  3
ObjectDBX Classes
 90
     4095
280
     0
281
     0
  0
CLASS
  1
MLEADERSTYLE
  2
AcDbMLeaderStyle
  3
ACDB_MLEADERSTYLE_CLASS
 90
     4095
280
     0
281
     0
  0
CLASS
  1
SUN
  2
AcDbSun
  3
SCENEOE
 90
     1153
280
     0
281
     0
  0
CLASS
  1
SORTENTSTABLE
  2
AcDbSortentsTable
  3
ObjectDBX Classes
 90
        0
280
     0
281
     0
  0
CLASS
  1
DICTIONARYVAR
  2
AcDbDictionaryVar
  3
ObjectDBX Classes
 90
        0
280
     0
281
     0
  0
CLASS
  1
XRECORD
  2
AcDbXrecord
  3
ObjectDBX Classes
 90
        0
280
     0
281
     0
  0
CLASS
  1
LWPOLYLINE
  2
AcDbPolyline
  3
ObjectDBX Classes
 90
        0
280
     0
281
     1
  0
CLASS
  1
HATCH
  2
AcDbHatch
  3
ObjectDBX Classes
 90
        0
280
     0
281
     1
  0
CLASS
  1
ACDBPLACEHOLDER
  2
AcDbPlaceHolder
  3
ObjectDBX Classes
 90
        0
280
     0
281
     0
  0
CLASS
  1
LAYOUT
  2
AcDbLayout
  3
ObjectDBX Classes
 90
        0
280
     0
281
     0
  0
ENDSEC
  0
SECTION
  2
TABLES
  0
TABLE
  2
VPORT
  5
8
102
{ACAD_XDICTIONARY
360
10001264
102
}
330
0
100
AcDbSymbolTable
 70
     1
  0
VPORT
  5
29
330
8
100
AcDbSymbolTableRecord
100
AcDbViewportTableRecord
  2
*ACTIVE
 70
     0
 10
0.0
 20
0.0
 11
1.0
 21
1.0
 12
344.1869158878504
 22
148.5
 13
0.0
 23
0.0
 14
10.0
 24
10.0
 15
10.0
 25
10.0
 16
0.0
 26
0.0
 36
1.0
 17
0.0
 27
0.0
 37
0.0
 40
297.0
 41
1.972972972850329
 42
50.0
 43
0.0
 44
0.0
 50
0.0
 51
0.0
 71
     0
 72
   100
 73
     1
 74
     3
 75
     0
 76
     0
 77
     0
 78
     0
  0
ENDTAB
  0
TABLE
  2
LTYPE
  5
5
330
0
100
AcDbSymbolTable
 70
     7
  0
LTYPE
  5
14
330
5
100
AcDbSymbolTableRecord
100
AcDbLinetypeTableRecord
  2
BYBLOCK
 70
     0
  3

 72
    65
 73
     0
 40
0.0
  0
LTYPE
  5
15
330
5
100
AcDbSymbolTableRecord
100
AcDbLinetypeTableRecord
  2
BYLAYER
 70
     0
  3

 72
    65
 73
     0
 40
0.0
  0
LTYPE
  5
16
330
5
100
AcDbSymbolTableRecord
100
AcDbLinetypeTableRecord
  2
CONTINUOUS
 70
     0
  3
Solid line
 72
    65
 73
     0
 40
0.0
  0
LTYPE
  5
10000024
330
5
100
AcDbSymbolTableRecord
100
AcDbLinetypeTableRecord
  2
ONS_PHANTOM
 70
     0
  3
Onshape Phantom line ______ __ __ ______
 72
    65
 73
     6
 40
0.4999999999999999
 49
0.25
 74
     0
 49
-0.05
 74
     0
 49
0.05
 74
     0
 49
-0.05
 74
     0
 49
0.05
 74
     0
 49
-0.05
 74
     0
  0
LTYPE
  5
10000025
330
5
100
AcDbSymbolTableRecord
100
AcDbLinetypeTableRecord
  2
CENTER
 70
     0
  3
Center line ____ _ ____ _ ____ _
 72
    65
 73
     4
 40
0.7874015748031495
 49
0.4921259842519685
 74
     0
 49
-0.0984251968503937
 74
     0
 49
0.0984251968503937
 74
     0
 49
-0.0984251968503937
 74
     0
  0
LTYPE
  5
10000026
330
5
100
AcDbSymbolTableRecord
100
AcDbLinetypeTableRecord
  2
DASHED
 70
     0
  3
Dashed line __ __ __ __ __
 72
    65
 73
     2
 40
0.75
 49
0.5
 74
     0
 49
-0.25
 74
     0
  0
LTYPE
  5
10000027
330
5
100
AcDbSymbolTableRecord
100
AcDbLinetypeTableRecord
  2
ONS_DASHDOT
 70
     0
  3
Onshape Dashed with Dot _ . ____ . ____
 72
    65
 73
     4
 40
0.71
 49
0.5
 74
     0
 49
-0.1
 74
     0
 49
0.01
 74
     0
 49
-0.1
 74
     0
  0
LTYPE
  5
10000028
330
5
100
AcDbSymbolTableRecord
100
AcDbLinetypeTableRecord
  2
ONS_DOTTED
 70
     0
  3
Onshape Dotted line . . . . . . .
 72
    65
 73
     2
 40
0.11
 49
0.01
 74
     0
 49
-0.1
 74
     0
  0
LTYPE
  5
10000029
330
5
100
AcDbSymbolTableRecord
100
AcDbLinetypeTableRecord
  2
HIDDEN
 70
     0
  3
Hidden line ____ ____ ____ ____ 
 72
    65
 73
     2
 40
0.15
 49
0.1
 74
     0
 49
-0.05
 74
     0
  0
ENDTAB
  0
TABLE
  2
LAYER
  5
2
330
0
100
AcDbSymbolTable
 70
    48
  0
LAYER
  5
10
330
2
100
AcDbSymbolTableRecord
100
AcDbLayerTableRecord
  2
0
 70
     0
 62
     7
  6
CONTINUOUS
  0
LAYER
  5
1000002A
330
2
100
AcDbSymbolTableRecord
100
AcDbLayerTableRecord
  2
SECTION_CUTTING_LINE
 70
     0
 62
     7
  6
ONS_DASHDOT
  0
LAYER
  5
1000002B
330
2
100
AcDbSymbolTableRecord
100
AcDbLayerTableRecord
  2
DETAIL_VIEW_BORDER
 70
     0
 62
     7
  6
CONTINUOUS
  0
LAYER
  5
1000002C
330
2
100
AcDbSymbolTableRecord
100
AcDbLayerTableRecord
  2
DETAIL_VIEW_PARENT_BORDER
 70
     0
 62
     7
  6
ONS_PHANTOM
  0
LAYER
  5
1000002D
330
2
100
AcDbSymbolTableRecord
100
AcDbLayerTableRecord
  2
TEXT
 70
     0
 62
     7
  6
CONTINUOUS
  0
LAYER
  5
1000002E
330
2
100
AcDbSymbolTableRecord
100
AcDbLayerTableRecord
  2
SKETCHED_GEOMETRY
 70
     0
 62
    -7
  6
CONTINUOUS
  0
LAYER
  5
1000002F
330
2
100
AcDbSymbolTableRecord
100
AcDbLayerTableRecord
  2
VIRTUAL_SHARPS
 70
     0
 62
    -7
  6
CONTINUOUS
  0
LAYER
  5
10000030
330
2
100
AcDbSymbolTableRecord
100
AcDbLayerTableRecord
  2
CENTERLINES
 70
     0
 62
    -7
  6
CENTER
  0
LAYER
  5
10000031
330
2
100
AcDbSymbolTableRecord
100
AcDbLayerTableRecord
  2
CENTERMARKS
 70
     0
 62
    -7
  6
CONTINUOUS
  0
LAYER
  5
10000032
330
2
100
AcDbSymbolTableRecord
100
AcDbLayerTableRecord
  2
TABLES
 70
     0
 62
     7
  6
CONTINUOUS
  0
LAYER
  5
10000033
330
2
100
AcDbSymbolTableRecord
100
AcDbLayerTableRecord
  2
IMAGES
 70
     0
 62
    -7
  6
CONTINUOUS
  0
LAYER
  5
10000034
330
2
100
AcDbSymbolTableRecord
100
AcDbLayerTableRecord
  2
ANNOTATION_LINES
 70
     0
 62
    -7
  6
CONTINUOUS
  0
LAYER
  5
10000035
330
2
100
AcDbSymbolTableRecord
100
AcDbLayerTableRecord
  2
ANNOTATION_TEXT
 70
     0
 62
    -7
  6
CONTINUOUS
  0
LAYER
  5
10000036
330
2
100
AcDbSymbolTableRecord
100
AcDbLayerTableRecord
  2
SIDE_THREAD_SYMBOLS
 70
     0
 62
     7
  6
CONTINUOUS
  0
LAYER
  5
10000037
330
2
100
AcDbSymbolTableRecord
100
AcDbLayerTableRecord
  2
SIDE_THREAD_SYMBOLS_HIDDEN
 70
     0
 62
    -7
  6
HIDDEN
  0
LAYER
  5
10000038
330
2
100
AcDbSymbolTableRecord
100
AcDbLayerTableRecord
  2
SURFACE_THREAD_SYMBOLS
 70
     0
 62
     7
  6
CONTINUOUS
  0
LAYER
  5
10000039
330
2
100
AcDbSymbolTableRecord
100
AcDbLayerTableRecord
  2
SURFACE_THREAD_SYMBOLS_ON_
 70
     0
 62
     7
  6
CONTINUOUS
  0
LAYER
  5
1000003A
330
2
100
AcDbSymbolTableRecord
100
AcDbLayerTableRecord
  2
SURFACE_THREAD_SYMBOLS_HID
 70
     0
 62
    -7
  6
HIDDEN
  0
LAYER
  5
1000003B
330
2
100
AcDbSymbolTableRecord
100
AcDbLayerTableRecord
  2
BLIND_THREAD_SYMBOLS
 70
     0
 62
     7
  6
CONTINUOUS
  0
LAYER
  5
1000003C
330
2
100
AcDbSymbolTableRecord
100
AcDbLayerTableRecord
  2
BLIND_THREAD_SYMBOLS_HIDDE
 70
     0
 62
    -7
  6
HIDDEN
  0
LAYER
  5
1000003D
330
2
100
AcDbSymbolTableRecord
100
AcDbLayerTableRecord
  2
EXPLODE_LINES
 70
     0
 62
     7
  6
ONS_PHANTOM
  0
LAYER
  5
1000003E
330
2
100
AcDbSymbolTableRecord
100
AcDbLayerTableRecord
  2
HIDDEN_EXPLODE_LINES
 70
     0
 62
    -7
  6
ONS_PHANTOM
  0
LAYER
  5
1000003F
330
2
100
AcDbSymbolTableRecord
100
AcDbLayerTableRecord
  2
BREAK_LINES
 70
     0
 62
    -7
  6
CONTINUOUS
  0
LAYER
  5
10000040
330
2
100
AcDbSymbolTableRecord
100
AcDbLayerTableRecord
  2
SHEETMETAL_BEND_LINES_UP
 70
     0
 62
     7
  6
CENTER
  0
LAYER
  5
10000041
330
2
100
AcDbSymbolTableRecord
100
AcDbLayerTableRecord
  2
SHEETMETAL_BEND_LINES_DOWN
 70
     0
 62
     7
  6
CENTER
  0
LAYER
  5
10000042
330
2
100
AcDbSymbolTableRecord
100
AcDbLayerTableRecord
  2
SHEETMETAL_BEND_TANGENT_LI
 70
     0
 62
     7
  6
CONTINUOUS
  0
LAYER
  5
10000043
330
2
100
AcDbSymbolTableRecord
100
AcDbLayerTableRecord
  2
SHEETMETAL_CUT_LINES
 70
     0
 62
     7
  6
CONTINUOUS
  0
LAYER
  5
10000044
330
2
100
AcDbSymbolTableRecord
100
AcDbLayerTableRecord
  2
SHEETMETAL_CBORE_CSINK_UP
 70
     0
 62
     7
  6
CONTINUOUS
  0
LAYER
  5
10000045
330
2
100
AcDbSymbolTableRecord
100
AcDbLayerTableRecord
  2
SHEETMETAL_CBORE_CSINK_DOW
 70
     0
 62
     7
  6
CONTINUOUS
  0
LAYER
  5
10000046
330
2
100
AcDbSymbolTableRecord
100
AcDbLayerTableRecord
  2
SHEETMETAL_CBORE_CSINK_UP_
 70
     0
 62
    -7
  6
HIDDEN
  0
LAYER
  5
10000047
330
2
100
AcDbSymbolTableRecord
100
AcDbLayerTableRecord
  2
SHEETMETAL_CBORE_CSINK_DO0
 70
     0
 62
    -7
  6
HIDDEN
  0
LAYER
  5
10000048
330
2
100
AcDbSymbolTableRecord
100
AcDbLayerTableRecord
  2
SHEETMETAL_FORM_TEAR
 70
     0
 62
     7
  6
CONTINUOUS
  0
LAYER
  5
10000049
330
2
100
AcDbSymbolTableRecord
100
AcDbLayerTableRecord
  2
SHEETMETAL_FORM_UP
 70
     0
 62
     7
  6
CENTER
  0
LAYER
  5
1000004A
330
2
100
AcDbSymbolTableRecord
100
AcDbLayerTableRecord
  2
SHEETMETAL_FORM_DOWN
 70
     0
 62
     7
  6
CENTER
  0
LAYER
  5
1000004B
330
2
100
AcDbSymbolTableRecord
100
AcDbLayerTableRecord
  2
SHEETMETAL_FORM_CENTERMARK
 70
     0
 62
     7
  6
CENTER
  0
LAYER
  5
1000004C
330
2
100
AcDbSymbolTableRecord
100
AcDbLayerTableRecord
  2
REGION_ASSOC_POINTS
 70
     0
 62
    -7
  6
CONTINUOUS
  0
LAYER
  5
1000004D
330
2
100
AcDbSymbolTableRecord
100
AcDbLayerTableRecord
  2
PATTERN_CENTERLINES
 70
     1
 62
    -7
  6
CENTER
  0
LAYER
  5
1000004E
330
2
100
AcDbSymbolTableRecord
100
AcDbLayerTableRecord
  2
HIDDEN
 70
     0
 62
    -7
  6
HIDDEN
  0
LAYER
  5
1000004F
330
2
100
AcDbSymbolTableRecord
100
AcDbLayerTableRecord
  2
VISIBLE
 70
     0
 62
     7
  6
CONTINUOUS
  0
LAYER
  5
10000050
330
2
100
AcDbSymbolTableRecord
100
AcDbLayerTableRecord
  2
MODELSKETCH_VISIBLE
 70
     0
 62
     7
  6
CONTINUOUS
  0
LAYER
  5
10000051
330
2
100
AcDbSymbolTableRecord
100
AcDbLayerTableRecord
  2
MODELSKETCH_POINT
 70
     0
 62
     7
  6
CONTINUOUS
  0
LAYER
  5
10000052
330
2
100
AcDbSymbolTableRecord
100
AcDbLayerTableRecord
  2
MODELSKETCH_CONSTRUCTION
 70
     0
 62
    -7
  6
CENTER
  0
LAYER
  5
10000053
330
2
100
AcDbSymbolTableRecord
100
AcDbLayerTableRecord
  2
HIDDEN_BASE_VIEW
 70
     0
 62
     7
  6
CONTINUOUS
  0
LAYER
  5
10000054
330
2
100
AcDbSymbolTableRecord
100
AcDbLayerTableRecord
  2
TANGENT_LINES
 70
     0
 62
    -7
  6
CONTINUOUS
  0
LAYER
  5
10000055
330
2
100
AcDbSymbolTableRecord
100
AcDbLayerTableRecord
  2
TANGENT_HIDDEN
 70
     0
 62
    -7
  6
HIDDEN
  0
LAYER
  5
10000056
330
2
100
AcDbSymbolTableRecord
100
AcDbLayerTableRecord
  2
INVISIBLE_LINES
 70
     0
 62
    -7
  6
CONTINUOUS
  0
LAYER
  5
10000057
330
2
100
AcDbSymbolTableRecord
100
AcDbLayerTableRecord
  2
VIEW_HATCHES
 70
     0
 62
    -7
  6
CONTINUOUS
  0
LAYER
  5
10000058
330
2
100
AcDbSymbolTableRecord
100
AcDbLayerTableRecord
  2
SECTION_JOG_LINES
 70
     0
 62
    -7
  6
CONTINUOUS
  0
ENDTAB
  0
TABLE
  2
STYLE
  5
3
330
0
100
AcDbSymbolTable
 70
     2
  0
STYLE
  5
11
330
3
100
AcDbSymbolTableRecord
100
AcDbTextStyleTableRecord
  2
STANDARD
 70
     0
 40
0.0
 41
1.0
 50
0.0
 71
     0
 42
2.5
  3
txt
  4

  0
STYLE
  5
10000004
330
3
100
AcDbSymbolTableRecord
100
AcDbTextStyleTableRecord
  2
TTFSTYLE
 70
     0
 40
0.0
 41
1.0
 50
0.0
 71
     0
 42
2.5
  3

  4

1001
ACAD
1000
Verdana
1071
       34
  0
ENDTAB
  0
TABLE
  2
VIEW
  5
6
330
0
100
AcDbSymbolTable
 70
     0
  0
ENDTAB
  0
TABLE
  2
UCS
  5
7
330
0
100
AcDbSymbolTable
 70
     0
  0
ENDTAB
  0
TABLE
  2
APPID
  5
9
330
0
100
AcDbSymbolTable
 70
     2
  0
APPID
  5
12
330
9
100
AcDbSymbolTableRecord
100
AcDbRegAppTableRecord
  2
ACAD
 70
     0
  0
APPID
  5
1000126E
330
9
100
AcDbSymbolTableRecord
100
AcDbRegAppTableRecord
  2
ACAD_MLEADERVER
 70
     0
  0
ENDTAB
  0
TABLE
  2
DIMSTYLE
  5
A
330
0
100
AcDbSymbolTable
 70
     1
  0
DIMSTYLE
105
27
330
A
100
AcDbSymbolTableRecord
100
AcDbDimStyleTableRecord
  2
ISO-25
 70
     0
  3

  4

  5

  6

  7

 40
1.0
 41
2.5
 42
0.625
 43
3.75
 44
1.25
 45
0.0
 46
0.0
 47
0.0
 48
0.0
140
2.5
141
2.5
142
0.0
143
0.03937007874016
144
1.0
145
0.0
146
1.0
147
0.625
 71
     0
 72
     0
 73
     0
 74
     0
 75
     0
 76
     0
 77
     1
 78
     8
170
     0
171
     3
172
     1
173
     0
174
     0
175
     0
176
     0
177
     0
178
     0
270
     2
271
     2
272
     2
273
     2
274
     3
340
11
275
     0
280
     0
281
     0
282
     0
283
     0
284
     8
285
     0
286
     0
287
     3
288
     0
  0
ENDTAB
  0
TABLE
  2
BLOCK_RECORD
  5
1
330
0
100
AcDbSymbolTable
 70
     0
  0
BLOCK_RECORD
  5
1F
102
{ACAD_XDICTIONARY
360
10001235
102
}
330
1
100
AcDbSymbolTableRecord
100
AcDbBlockTableRecord
  2
*MODEL_SPACE
  0
BLOCK_RECORD
  5
1B
330
1
100
AcDbSymbolTableRecord
100
AcDbBlockTableRecord
  2
*PAPER_SPACE
  0
ENDTAB
  0
ENDSEC
  0
SECTION
  2
BLOCKS
  0
BLOCK
  5
20
330
1F
100
AcDbEntity
  8
0
100
AcDbBlockBegin
  2
*MODEL_SPACE
 70
     0
 10
0.0
 20
0.0
 30
0.0
  3
*MODEL_SPACE
  1

  0
ENDBLK
  5
21
330
1F
100
AcDbEntity
  8
0
100
AcDbBlockEnd
  0
BLOCK
  5
1C
330
1B
100
AcDbEntity
 67
     1
  8
0
100
AcDbBlockBegin
  2
*PAPER_SPACE
 70
     0
 10
0.0
 20
0.0
 30
0.0
  3
*PAPER_SPACE
  1

  0
ENDBLK
  5
1D
330
1B
100
AcDbEntity
 67
     1
  8
0
100
AcDbBlockEnd
  0
ENDSEC
  0
SECTION
  2
ENTITIES
  0
LINE
  5
10000059
102
{ACAD_XDICTIONARY
360
1000005A
102
}
330
1F
100
AcDbEntity
  8
MODELSKETCH_VISIBLE
100
AcDbLine
 10
128.38
 20
-8.599999999999994
 30
0.0
 11
128.34
 21
-8.61999999999999
 31
0.0
  0
LINE
  5
1000005D
102
{ACAD_XDICTIONARY
360
1000005E
102
}
330
1F
100
AcDbEntity
  8
MODELSKETCH_VISIBLE
100
AcDbLine
 10
136.42
 20
-8.599999999999994
 30
0.0
 11
128.38
 21
-8.599999999999994
 31
0.0
  0
LINE
  5
10000061
102
{ACAD_XDICTIONARY
360
10000062
102
}
330
1F
100
AcDbEntity
  8
MODELSKETCH_VISIBLE
100
AcDbLine
 10
136.44
 20
-8.61
 30
0.0
 11
136.42
 21
-8.599999999999994
 31
0.0
  0
LINE
  5
10000065
102
{ACAD_XDICTIONARY
360
10000066
102
}
330
1F
100
AcDbEntity
  8
MODELSKETCH_VISIBLE
100
AcDbLine
 10
136.45
 20
-8.61999999999999
 30
0.0
 11
136.44
 21
-8.61
 31
0.0
  0
LINE
  5
10000069
102
{ACAD_XDICTIONARY
360
1000006A
102
}
330
1F
100
AcDbEntity
  8
MODELSKETCH_VISIBLE
100
AcDbLine
 10
136.47
 20
-8.629999999999995
 30
0.0
 11
136.45
 21
-8.61999999999999
 31
0.0
  0
LINE
  5
1000006D
102
{ACAD_XDICTIONARY
360
1000006E
102
}
330
1F
100
AcDbEntity
  8
MODELSKETCH_VISIBLE
100
AcDbLine
 10
136.48
 20
-8.64
 30
0.0
 11
136.47
 21
-8.629999999999995
 31
0.0
  0
LINE
  5
10000071
102
{ACAD_XDICTIONARY
360
10000072
102
}
330
1F
100
AcDbEntity
  8
MODELSKETCH_VISIBLE
100
AcDbLine
 10
136.5
 20
-8.679999999999993
 30
0.0
 11
136.48
 21
-8.64
 31
0.0
  0
LINE
  5
10000075
102
{ACAD_XDICTIONARY
360
10000076
102
}
330
1F
100
AcDbEntity
  8
MODELSKETCH_VISIBLE
100
AcDbLine
 10
136.5
 20
-11.59999999999999
 30
0.0
 11
136.5
 21
-8.679999999999993
 31
0.0
  0
LINE
  5
10000079
102
{ACAD_XDICTIONARY
360
1000007A
102
}
330
1F
100
AcDbEntity
  8
MODELSKETCH_VISIBLE
100
AcDbLine
 10
145.92
 20
-11.59999999999999
 30
0.0
 11
136.5
 21
-11.59999999999999
 31
0.0
  0
LINE
  5
1000007D
102
{ACAD_XDICTIONARY
360
1000007E
102
}
330
1F
100
AcDbEntity
  8
MODELSKETCH_VISIBLE
100
AcDbLine
 10
145.9400000000001
 20
-11.61
 30
0.0
 11
145.92
 21
-11.59999999999999
 31
0.0
  0
LINE
  5
10000081
102
{ACAD_XDICTIONARY
360
10000082
102
}
330
1F
100
AcDbEntity
  8
MODELSKETCH_VISIBLE
100
AcDbLine
 10
145.95
 20
-11.61999999999999
 30
0.0
 11
145.9400000000001
 21
-11.61
 31
0.0
  0
LINE
  5
10000085
102
{ACAD_XDICTIONARY
360
10000086
102
}
330
1F
100
AcDbEntity
  8
MODELSKETCH_VISIBLE
100
AcDbLine
 10
145.97
 20
-11.63
 30
0.0
 11
145.95
 21
-11.61999999999999
 31
0.0
  0
LINE
  5
10000089
102
{ACAD_XDICTIONARY
360
1000008A
102
}
330
1F
100
AcDbEntity
  8
MODELSKETCH_VISIBLE
100
AcDbLine
 10
145.98
 20
-11.64
 30
0.0
 11
145.97
 21
-11.63
 31
0.0
  0
LINE
  5
1000008D
102
{ACAD_XDICTIONARY
360
1000008E
102
}
330
1F
100
AcDbEntity
  8
MODELSKETCH_VISIBLE
100
AcDbLine
 10
146.0
 20
-11.67999999999999
 30
0.0
 11
145.98
 21
-11.64
 31
0.0
  0
LINE
  5
10000091
102
{ACAD_XDICTIONARY
360
10000092
102
}
330
1F
100
AcDbEntity
  8
MODELSKETCH_VISIBLE
100
AcDbLine
 10
146.0
 20
-19.09999999999999
 30
0.0
 11
146.0
 21
-11.67999999999999
 31
0.0
  0
LINE
  5
10000095
102
{ACAD_XDICTIONARY
360
10000096
102
}
330
1F
100
AcDbEntity
  8
MODELSKETCH_VISIBLE
100
AcDbLine
 10
148.92
 20
-19.09999999999999
 30
0.0
 11
146.0
 21
-19.09999999999999
 31
0.0
  0
LINE
  5
10000099
102
{ACAD_XDICTIONARY
360
1000009A
102
}
330
1F
100
AcDbEntity
  8
MODELSKETCH_VISIBLE
100
AcDbLine
 10
148.94
 20
-19.11
 30
0.0
 11
148.92
 21
-19.09999999999999
 31
0.0
  0
LINE
  5
1000009D
102
{ACAD_XDICTIONARY
360
1000009E
102
}
330
1F
100
AcDbEntity
  8
MODELSKETCH_VISIBLE
100
AcDbLine
 10
148.95
 20
-19.12
 30
0.0
 11
148.94
 21
-19.11
 31
0.0
  0
LINE
  5
100000A1
102
{ACAD_XDICTIONARY
360
100000A2
102
}
330
1F
100
AcDbEntity
  8
MODELSKETCH_VISIBLE
100
AcDbLine
 10
148.97
 20
-19.13
 30
0.0
 11
148.95
 21
-19.12
 31
0.0
  0
LINE
  5
100000A5
102
{ACAD_XDICTIONARY
360
100000A6
102
}
330
1F
100
AcDbEntity
  8
MODELSKETCH_VISIBLE
100
AcDbLine
 10
148.98
 20
-19.13999999999999
 30
0.0
 11
148.97
 21
-19.13
 31
0.0
  0
LINE
  5
100000A9
102
{ACAD_XDICTIONARY
360
100000AA
102
}
330
1F
100
AcDbEntity
  8
MODELSKETCH_VISIBLE
100
AcDbLine
 10
149.0
 20
-19.17999999999999
 30
0.0
 11
148.98
 21
-19.13999999999999
 31
0.0
  0
LINE
  5
100000AD
102
{ACAD_XDICTIONARY
360
100000AE
102
}
330
1F
100
AcDbEntity
  8
MODELSKETCH_VISIBLE
100
AcDbLine
 10
149.0
 20
-27.22
 30
0.0
 11
149.0
 21
-19.17999999999999
 31
0.0
  0
LINE
  5
100000B1
102
{ACAD_XDICTIONARY
360
100000B2
102
}
330
1F
100
AcDbEntity
  8
MODELSKETCH_VISIBLE
100
AcDbLine
 10
148.99
 20
-27.24
 30
0.0
 11
149.0
 21
-27.22
 31
0.0
  0
LINE
  5
100000B5
102
{ACAD_XDICTIONARY
360
100000B6
102
}
330
1F
100
AcDbEntity
  8
MODELSKETCH_VISIBLE
100
AcDbLine
 10
148.98
 20
-27.25
 30
0.0
 11
148.99
 21
-27.24
 31
0.0
  0
LINE
  5
100000B9
102
{ACAD_XDICTIONARY
360
100000BA
102
}
330
1F
100
AcDbEntity
  8
MODELSKETCH_VISIBLE
100
AcDbLine
 10
148.97
 20
-27.27
 30
0.0
 11
148.98
 21
-27.25
 31
0.0
  0
LINE
  5
100000BD
102
{ACAD_XDICTIONARY
360
100000BE
102
}
330
1F
100
AcDbEntity
  8
MODELSKETCH_VISIBLE
100
AcDbLine
 10
148.96
 20
-27.27999999999999
 30
0.0
 11
148.97
 21
-27.27
 31
0.0
  0
LINE
  5
100000C1
102
{ACAD_XDICTIONARY
360
100000C2
102
}
330
1F
100
AcDbEntity
  8
MODELSKETCH_VISIBLE
100
AcDbLine
 10
148.92
 20
-27.3
 30
0.0
 11
148.96
 21
-27.27999999999999
 31
0.0
  0
LINE
  5
100000C5
102
{ACAD_XDICTIONARY
360
100000C6
102
}
330
1F
100
AcDbEntity
  8
MODELSKETCH_VISIBLE
100
AcDbLine
 10
146.0
 20
-27.3
 30
0.0
 11
148.92
 21
-27.3
 31
0.0
  0
LINE
  5
100000C9
102
{ACAD_XDICTIONARY
360
100000CA
102
}
330
1F
100
AcDbEntity
  8
MODELSKETCH_VISIBLE
100
AcDbLine
 10
146.0
 20
-35.09999999999999
 30
0.0
 11
146.0
 21
-27.3
 31
0.0
  0
LINE
  5
100000CD
102
{ACAD_XDICTIONARY
360
100000CE
102
}
330
1F
100
AcDbEntity
  8
MODELSKETCH_VISIBLE
100
AcDbLine
 10
148.92
 20
-35.09999999999999
 30
0.0
 11
146.0
 21
-35.09999999999999
 31
0.0
  0
LINE
  5
100000D1
102
{ACAD_XDICTIONARY
360
100000D2
102
}
330
1F
100
AcDbEntity
  8
MODELSKETCH_VISIBLE
100
AcDbLine
 10
148.94
 20
-35.11
 30
0.0
 11
148.92
 21
-35.09999999999999
 31
0.0
  0
LINE
  5
100000D5
102
{ACAD_XDICTIONARY
360
100000D6
102
}
330
1F
100
AcDbEntity
  8
MODELSKETCH_VISIBLE
100
AcDbLine
 10
148.95
 20
-35.12
 30
0.0
 11
148.94
 21
-35.11
 31
0.0
  0
LINE
  5
100000D9
102
{ACAD_XDICTIONARY
360
100000DA
102
}
330
1F
100
AcDbEntity
  8
MODELSKETCH_VISIBLE
100
AcDbLine
 10
148.97
 20
-35.13
 30
0.0
 11
148.95
 21
-35.12
 31
0.0
  0
LINE
  5
100000DD
102
{ACAD_XDICTIONARY
360
100000DE
102
}
330
1F
100
AcDbEntity
  8
MODELSKETCH_VISIBLE
100
AcDbLine
 10
148.98
 20
-35.14000000000001
 30
0.0
 11
148.97
 21
-35.13
 31
0.0
  0
LINE
  5
100000E1
102
{ACAD_XDICTIONARY
360
100000E2
102
}
330
1F
100
AcDbEntity
  8
MODELSKETCH_VISIBLE
100
AcDbLine
 10
149.0
 20
-35.17999999999999
 30
0.0
 11
148.98
 21
-35.14000000000001
 31
0.0
  0
LINE
  5
100000E5
102
{ACAD_XDICTIONARY
360
100000E6
102
}
330
1F
100
AcDbEntity
  8
MODELSKETCH_VISIBLE
100
AcDbLine
 10
149.0
 20
-43.22
 30
0.0
 11
149.0
 21
-35.17999999999999
 31
0.0
  0
LINE
  5
100000E9
102
{ACAD_XDICTIONARY
360
100000EA
102
}
330
1F
100
AcDbEntity
  8
MODELSKETCH_VISIBLE
100
AcDbLine
 10
148.99
 20
-43.23999999999999
 30
0.0
 11
149.0
 21
-43.22
 31
0.0
  0
LINE
  5
100000ED
102
{ACAD_XDICTIONARY
360
100000EE
102
}
330
1F
100
AcDbEntity
  8
MODELSKETCH_VISIBLE
100
AcDbLine
 10
148.98
 20
-43.25000000000001
 30
0.0
 11
148.99
 21
-43.23999999999999
 31
0.0
  0
LINE
  5
100000F1
102
{ACAD_XDICTIONARY
360
100000F2
102
}
330
1F
100
AcDbEntity
  8
MODELSKETCH_VISIBLE
100
AcDbLine
 10
148.97
 20
-43.27
 30
0.0
 11
148.98
 21
-43.25000000000001
 31
0.0
  0
LINE
  5
100000F5
102
{ACAD_XDICTIONARY
360
100000F6
102
}
330
1F
100
AcDbEntity
  8
MODELSKETCH_VISIBLE
100
AcDbLine
 10
148.96
 20
-43.27999999999999
 30
0.0
 11
148.97
 21
-43.27
 31
0.0
  0
LINE
  5
100000F9
102
{ACAD_XDICTIONARY
360
100000FA
102
}
330
1F
100
AcDbEntity
  8
MODELSKETCH_VISIBLE
100
AcDbLine
 10
148.92
 20
-43.3
 30
0.0
 11
148.96
 21
-43.27999999999999
 31
0.0
  0
LINE
  5
100000FD
102
{ACAD_XDICTIONARY
360
100000FE
102
}
330
1F
100
AcDbEntity
  8
MODELSKETCH_VISIBLE
100
AcDbLine
 10
146.0
 20
-50.72
 30
0.0
 11
146.0
 21
-43.3
 31
0.0
  0
LINE
  5
10000101
102
{ACAD_XDICTIONARY
360
10000102
102
}
330
1F
100
AcDbEntity
  8
MODELSKETCH_VISIBLE
100
AcDbLine
 10
145.99
 20
-50.73999999999999
 30
0.0
 11
146.0
 21
-50.72
 31
0.0
  0
LINE
  5
10000105
102
{ACAD_XDICTIONARY
360
10000106
102
}
330
1F
100
AcDbEntity
  8
MODELSKETCH_VISIBLE
100
AcDbLine
 10
145.98
 20
-50.75
 30
0.0
 11
145.99
 21
-50.73999999999999
 31
0.0
  0
LINE
  5
10000109
102
{ACAD_XDICTIONARY
360
1000010A
102
}
330
1F
100
AcDbEntity
  8
MODELSKETCH_VISIBLE
100
AcDbLine
 10
145.97
 20
-50.77
 30
0.0
 11
145.98
 21
-50.75
 31
0.0
  0
LINE
  5
1000010D
102
{ACAD_XDICTIONARY
360
1000010E
102
}
330
1F
100
AcDbEntity
  8
MODELSKETCH_VISIBLE
100
AcDbLine
 10
145.96
 20
-50.78
 30
0.0
 11
145.97
 21
-50.77
 31
0.0
  0
LINE
  5
10000111
102
{ACAD_XDICTIONARY
360
10000112
102
}
330
1F
100
AcDbEntity
  8
MODELSKETCH_VISIBLE
100
AcDbLine
 10
145.92
 20
-50.8
 30
0.0
 11
145.96
 21
-50.78
 31
0.0
  0
LINE
  5
10000115
102
{ACAD_XDICTIONARY
360
10000116
102
}
330
1F
100
AcDbEntity
  8
MODELSKETCH_VISIBLE
100
AcDbLine
 10
136.5
 20
-50.8
 30
0.0
 11
145.92
 21
-50.8
 31
0.0
  0
LINE
  5
10000119
102
{ACAD_XDICTIONARY
360
1000011A
102
}
330
1F
100
AcDbEntity
  8
MODELSKETCH_VISIBLE
100
AcDbLine
 10
136.49
 20
-53.73999999999999
 30
0.0
 11
136.5
 21
-53.72
 31
0.0
  0
LINE
  5
1000011D
102
{ACAD_XDICTIONARY
360
1000011E
102
}
330
1F
100
AcDbEntity
  8
MODELSKETCH_VISIBLE
100
AcDbLine
 10
136.48
 20
-53.75
 30
0.0
 11
136.49
 21
-53.73999999999999
 31
0.0
  0
LINE
  5
10000121
102
{ACAD_XDICTIONARY
360
10000122
102
}
330
1F
100
AcDbEntity
  8
MODELSKETCH_VISIBLE
100
AcDbLine
 10
136.47
 20
-53.77
 30
0.0
 11
136.48
 21
-53.75
 31
0.0
  0
LINE
  5
10000125
102
{ACAD_XDICTIONARY
360
10000126
102
}
330
1F
100
AcDbEntity
  8
MODELSKETCH_VISIBLE
100
AcDbLine
 10
136.46
 20
-53.78
 30
0.0
 11
136.47
 21
-53.77
 31
0.0
  0
LINE
  5
10000129
102
{ACAD_XDICTIONARY
360
1000012A
102
}
330
1F
100
AcDbEntity
  8
MODELSKETCH_VISIBLE
100
AcDbLine
 10
136.42
 20
-53.8
 30
0.0
 11
136.46
 21
-53.78
 31
0.0
  0
LINE
  5
1000012D
102
{ACAD_XDICTIONARY
360
1000012E
102
}
330
1F
100
AcDbEntity
  8
MODELSKETCH_VISIBLE
100
AcDbLine
 10
128.38
 20
-53.8
 30
0.0
 11
136.42
 21
-53.8
 31
0.0
  0
LINE
  5
10000131
102
{ACAD_XDICTIONARY
360
10000132
102
}
330
1F
100
AcDbEntity
  8
MODELSKETCH_VISIBLE
100
AcDbLine
 10
128.36
 20
-53.78999999999999
 30
0.0
 11
128.38
 21
-53.8
 31
0.0
  0
LINE
  5
10000135
102
{ACAD_XDICTIONARY
360
10000136
102
}
330
1F
100
AcDbEntity
  8
MODELSKETCH_VISIBLE
100
AcDbLine
 10
128.33
 20
-53.77
 30
0.0
 11
128.35
 21
-53.78
 31
0.0
  0
LINE
  5
10000139
102
{ACAD_XDICTIONARY
360
1000013A
102
}
330
1F
100
AcDbEntity
  8
MODELSKETCH_VISIBLE
100
AcDbLine
 10
128.32
 20
-53.76
 30
0.0
 11
128.33
 21
-53.77
 31
0.0
  0
LINE
  5
1000013D
102
{ACAD_XDICTIONARY
360
1000013E
102
}
330
1F
100
AcDbEntity
  8
MODELSKETCH_VISIBLE
100
AcDbLine
 10
128.3
 20
-53.72
 30
0.0
 11
128.32
 21
-53.76
 31
0.0
  0
LINE
  5
10000141
102
{ACAD_XDICTIONARY
360
10000142
102
}
330
1F
100
AcDbEntity
  8
MODELSKETCH_VISIBLE
100
AcDbLine
 10
128.3
 20
-50.8
 30
0.0
 11
128.3
 21
-53.72
 31
0.0
  0
LINE
  5
10000145
102
{ACAD_XDICTIONARY
360
10000146
102
}
330
1F
100
AcDbEntity
  8
MODELSKETCH_VISIBLE
100
AcDbLine
 10
120.5
 20
-50.8
 30
0.0
 11
128.3
 21
-50.8
 31
0.0
  0
LINE
  5
10000149
102
{ACAD_XDICTIONARY
360
1000014A
102
}
330
1F
100
AcDbEntity
  8
MODELSKETCH_VISIBLE
100
AcDbLine
 10
120.5
 20
-53.72
 30
0.0
 11
120.5
 21
-50.8
 31
0.0
  0
LINE
  5
1000014D
102
{ACAD_XDICTIONARY
360
1000014E
102
}
330
1F
100
AcDbEntity
  8
MODELSKETCH_VISIBLE
100
AcDbLine
 10
120.49
 20
-53.73999999999999
 30
0.0
 11
120.5
 21
-53.72
 31
0.0
  0
LINE
  5
10000151
102
{ACAD_XDICTIONARY
360
10000152
102
}
330
1F
100
AcDbEntity
  8
MODELSKETCH_VISIBLE
100
AcDbLine
 10
120.47
 20
-53.77
 30
0.0
 11
120.48
 21
-53.75
 31
0.0
  0
LINE
  5
10000155
102
{ACAD_XDICTIONARY
360
10000156
102
}
330
1F
100
AcDbEntity
  8
MODELSKETCH_VISIBLE
100
AcDbLine
 10
120.46
 20
-53.78
 30
0.0
 11
120.47
 21
-53.77
 31
0.0
  0
LINE
  5
10000159
102
{ACAD_XDICTIONARY
360
1000015A
102
}
330
1F
100
AcDbEntity
  8
MODELSKETCH_VISIBLE
100
AcDbLine
 10
120.42
 20
-53.8
 30
0.0
 11
120.46
 21
-53.78
 31
0.0
  0
LINE
  5
1000015D
102
{ACAD_XDICTIONARY
360
1000015E
102
}
330
1F
100
AcDbEntity
  8
MODELSKETCH_VISIBLE
100
AcDbLine
 10
112.38
 20
-53.8
 30
0.0
 11
120.42
 21
-53.8
 31
0.0
  0
LINE
  5
10000161
102
{ACAD_XDICTIONARY
360
10000162
102
}
330
1F
100
AcDbEntity
  8
MODELSKETCH_VISIBLE
100
AcDbLine
 10
112.36
 20
-53.78999999999999
 30
0.0
 11
112.38
 21
-53.8
 31
0.0
  0
LINE
  5
10000165
102
{ACAD_XDICTIONARY
360
10000166
102
}
330
1F
100
AcDbEntity
  8
MODELSKETCH_VISIBLE
100
AcDbLine
 10
112.35
 20
-53.78
 30
0.0
 11
112.36
 21
-53.78999999999999
 31
0.0
  0
LINE
  5
10000169
102
{ACAD_XDICTIONARY
360
1000016A
102
}
330
1F
100
AcDbEntity
  8
MODELSKETCH_VISIBLE
100
AcDbLine
 10
112.33
 20
-53.77
 30
0.0
 11
112.35
 21
-53.78
 31
0.0
  0
LINE
  5
1000016D
102
{ACAD_XDICTIONARY
360
1000016E
102
}
330
1F
100
AcDbEntity
  8
MODELSKETCH_VISIBLE
100
AcDbLine
 10
112.32
 20
-53.76
 30
0.0
 11
112.33
 21
-53.77
 31
0.0
  0
LINE
  5
10000171
102
{ACAD_XDICTIONARY
360
10000172
102
}
330
1F
100
AcDbEntity
  8
MODELSKETCH_VISIBLE
100
AcDbLine
 10
112.3
 20
-53.72
 30
0.0
 11
112.32
 21
-53.76
 31
0.0
  0
LINE
  5
10000175
102
{ACAD_XDICTIONARY
360
10000176
102
}
330
1F
100
AcDbEntity
  8
MODELSKETCH_VISIBLE
100
AcDbLine
 10
112.3
 20
-50.8
 30
0.0
 11
112.3
 21
-53.72
 31
0.0
  0
LINE
  5
10000179
102
{ACAD_XDICTIONARY
360
1000017A
102
}
330
1F
100
AcDbEntity
  8
MODELSKETCH_VISIBLE
100
AcDbLine
 10
104.5
 20
-50.8
 30
0.0
 11
112.3
 21
-50.8
 31
0.0
  0
LINE
  5
1000017D
102
{ACAD_XDICTIONARY
360
1000017E
102
}
330
1F
100
AcDbEntity
  8
MODELSKETCH_VISIBLE
100
AcDbLine
 10
104.5
 20
-53.72
 30
0.0
 11
104.5
 21
-50.8
 31
0.0
  0
LINE
  5
10000181
102
{ACAD_XDICTIONARY
360
10000182
102
}
330
1F
100
AcDbEntity
  8
MODELSKETCH_VISIBLE
100
AcDbLine
 10
104.49
 20
-53.73999999999999
 30
0.0
 11
104.5
 21
-53.72
 31
0.0
  0
LINE
  5
10000185
102
{ACAD_XDICTIONARY
360
10000186
102
}
330
1F
100
AcDbEntity
  8
MODELSKETCH_VISIBLE
100
AcDbLine
 10
104.48
 20
-53.75
 30
0.0
 11
104.49
 21
-53.73999999999999
 31
0.0
  0
LINE
  5
10000189
102
{ACAD_XDICTIONARY
360
1000018A
102
}
330
1F
100
AcDbEntity
  8
MODELSKETCH_VISIBLE
100
AcDbLine
 10
104.47
 20
-53.77
 30
0.0
 11
104.48
 21
-53.75
 31
0.0
  0
LINE
  5
1000018D
102
{ACAD_XDICTIONARY
360
1000018E
102
}
330
1F
100
AcDbEntity
  8
MODELSKETCH_VISIBLE
100
AcDbLine
 10
104.46
 20
-53.78
 30
0.0
 11
104.47
 21
-53.77
 31
0.0
  0
LINE
  5
10000191
102
{ACAD_XDICTIONARY
360
10000192
102
}
330
1F
100
AcDbEntity
  8
MODELSKETCH_VISIBLE
100
AcDbLine
 10
64.1
 20
-17.09999999999999
 30
0.0
 11
52.29999999999998
 21
-17.09999999999999
 31
0.0
  0
LINE
  5
10000195
102
{ACAD_XDICTIONARY
360
10000196
102
}
330
1F
100
AcDbEntity
  8
MODELSKETCH_VISIBLE
100
AcDbLine
 10
64.1
 20
-14.3
 30
0.0
 11
64.1
 21
-17.09999999999999
 31
0.0
  0
LINE
  5
10000199
102
{ACAD_XDICTIONARY
360
1000019A
102
}
330
1F
100
AcDbEntity
  8
MODELSKETCH_VISIBLE
100
AcDbLine
 10
52.29999999999998
 20
-14.3
 30
0.0
 11
64.1
 21
-14.3
 31
0.0
  0
LINE
  5
1000019D
102
{ACAD_XDICTIONARY
360
1000019E
102
}
330
1F
100
AcDbEntity
  8
MODELSKETCH_VISIBLE
100
AcDbLine
 10
52.29999999999998
 20
-17.09999999999999
 30
0.0
 11
52.29999999999998
 21
-14.3
 31
0.0
  0
LINE
  5
100001A1
102
{ACAD_XDICTIONARY
360
100001A2
102
}
330
1F
100
AcDbEntity
  8
MODELSKETCH_VISIBLE
100
AcDbLine
 10
64.1
 20
-11.1
 30
0.0
 11
52.29999999999998
 21
-11.1
 31
0.0
  0
LINE
  5
100001A5
102
{ACAD_XDICTIONARY
360
100001A6
102
}
330
1F
100
AcDbEntity
  8
MODELSKETCH_VISIBLE
100
AcDbLine
 10
64.1
 20
-8.299999999999997
 30
0.0
 11
64.1
 21
-11.1
 31
0.0
  0
LINE
  5
100001A9
102
{ACAD_XDICTIONARY
360
100001AA
102
}
330
1F
100
AcDbEntity
  8
MODELSKETCH_VISIBLE
100
AcDbLine
 10
52.29999999999998
 20
-8.299999999999997
 30
0.0
 11
64.1
 21
-8.299999999999997
 31
0.0
  0
LINE
  5
100001AD
102
{ACAD_XDICTIONARY
360
100001AE
102
}
330
1F
100
AcDbEntity
  8
MODELSKETCH_VISIBLE
100
AcDbLine
 10
52.29999999999998
 20
-11.1
 30
0.0
 11
52.29999999999998
 21
-8.299999999999997
 31
0.0
  0
LINE
  5
100001B1
102
{ACAD_XDICTIONARY
360
100001B2
102
}
330
1F
100
AcDbEntity
  8
MODELSKETCH_VISIBLE
100
AcDbLine
 10
46.22
 20
-55.3
 30
0.0
 11
46.25999999999999
 21
-55.28
 31
0.0
  0
LINE
  5
100001B5
102
{ACAD_XDICTIONARY
360
100001B6
102
}
330
1F
100
AcDbEntity
  8
MODELSKETCH_VISIBLE
100
AcDbLine
 10
38.67999999999998
 20
-55.3
 30
0.0
 11
46.22
 21
-55.3
 31
0.0
  0
LINE
  5
100001B9
102
{ACAD_XDICTIONARY
360
100001BA
102
}
330
1F
100
AcDbEntity
  8
MODELSKETCH_VISIBLE
100
AcDbLine
 10
38.66
 20
-55.28999999999999
 30
0.0
 11
38.67999999999998
 21
-55.3
 31
0.0
  0
LINE
  5
100001BD
102
{ACAD_XDICTIONARY
360
100001BE
102
}
330
1F
100
AcDbEntity
  8
MODELSKETCH_VISIBLE
100
AcDbLine
 10
38.64999999999998
 20
-55.28
 30
0.0
 11
38.66
 21
-55.28999999999999
 31
0.0
  0
LINE
  5
100001C1
102
{ACAD_XDICTIONARY
360
100001C2
102
}
330
1F
100
AcDbEntity
  8
MODELSKETCH_VISIBLE
100
AcDbLine
 10
38.63
 20
-55.27
 30
0.0
 11
38.64999999999998
 21
-55.28
 31
0.0
  0
LINE
  5
100001C5
102
{ACAD_XDICTIONARY
360
100001C6
102
}
330
1F
100
AcDbEntity
  8
MODELSKETCH_VISIBLE
100
AcDbLine
 10
38.61999999999998
 20
-55.26
 30
0.0
 11
38.63
 21
-55.27
 31
0.0
  0
LINE
  5
100001C9
102
{ACAD_XDICTIONARY
360
100001CA
102
}
330
1F
100
AcDbEntity
  8
MODELSKETCH_VISIBLE
100
AcDbLine
 10
38.59999999999999
 20
-55.22
 30
0.0
 11
38.61999999999998
 21
-55.26
 31
0.0
  0
LINE
  5
100001CD
102
{ACAD_XDICTIONARY
360
100001CE
102
}
330
1F
100
AcDbEntity
  8
MODELSKETCH_VISIBLE
100
AcDbLine
 10
38.59999999999999
 20
-46.8
 30
0.0
 11
38.59999999999999
 21
-55.22
 31
0.0
  0
LINE
  5
100001D1
102
{ACAD_XDICTIONARY
360
100001D2
102
}
330
1F
100
AcDbEntity
  8
MODELSKETCH_VISIBLE
100
AcDbLine
 10
35.67999999999999
 20
-46.8
 30
0.0
 11
38.59999999999999
 21
-46.8
 31
0.0
  0
LINE
  5
100001D5
102
{ACAD_XDICTIONARY
360
100001D6
102
}
330
1F
100
AcDbEntity
  8
MODELSKETCH_VISIBLE
100
AcDbLine
 10
35.66
 20
-46.78999999999999
 30
0.0
 11
35.67999999999999
 21
-46.8
 31
0.0
  0
LINE
  5
100001D9
102
{ACAD_XDICTIONARY
360
100001DA
102
}
330
1F
100
AcDbEntity
  8
MODELSKETCH_VISIBLE
100
AcDbLine
 10
35.64999999999998
 20
-46.78
 30
0.0
 11
35.66
 21
-46.78999999999999
 31
0.0
  0
LINE
  5
100001DD
102
{ACAD_XDICTIONARY
360
100001DE
102
}
330
1F
100
AcDbEntity
  8
MODELSKETCH_VISIBLE
100
AcDbLine
 10
35.63
 20
-46.77
 30
0.0
 11
35.64999999999998
 21
-46.78
 31
0.0
  0
LINE
  5
100001E1
102
{ACAD_XDICTIONARY
360
100001E2
102
}
330
1F
100
AcDbEntity
  8
MODELSKETCH_VISIBLE
100
AcDbLine
 10
35.61999999999998
 20
-46.75999999999999
 30
0.0
 11
35.63
 21
-46.77
 31
0.0
  0
LINE
  5
100001E5
102
{ACAD_XDICTIONARY
360
100001E6
102
}
330
1F
100
AcDbEntity
  8
MODELSKETCH_VISIBLE
100
AcDbLine
 10
35.59999999999999
 20
-46.72
 30
0.0
 11
35.61999999999998
 21
-46.75999999999999
 31
0.0
  0
LINE
  5
100001E9
102
{ACAD_XDICTIONARY
360
100001EA
102
}
330
1F
100
AcDbEntity
  8
MODELSKETCH_VISIBLE
100
AcDbLine
 10
35.59999999999999
 20
-38.67999999999999
 30
0.0
 11
35.59999999999999
 21
-46.72
 31
0.0
  0
LINE
  5
100001ED
102
{ACAD_XDICTIONARY
360
100001EE
102
}
330
1F
100
AcDbEntity
  8
MODELSKETCH_VISIBLE
100
AcDbLine
 10
35.60999999999999
 20
-38.66
 30
0.0
 11
35.59999999999999
 21
-38.67999999999999
 31
0.0
  0
LINE
  5
100001F1
102
{ACAD_XDICTIONARY
360
100001F2
102
}
330
1F
100
AcDbEntity
  8
MODELSKETCH_VISIBLE
100
AcDbLine
 10
35.61999999999998
 20
-38.65
 30
0.0
 11
35.60999999999999
 21
-38.66
 31
0.0
  0
LINE
  5
100001F5
102
{ACAD_XDICTIONARY
360
100001F6
102
}
330
1F
100
AcDbEntity
  8
MODELSKETCH_VISIBLE
100
AcDbLine
 10
35.63
 20
-38.63
 30
0.0
 11
35.61999999999998
 21
-38.65
 31
0.0
  0
LINE
  5
100001F9
102
{ACAD_XDICTIONARY
360
100001FA
102
}
330
1F
100
AcDbEntity
  8
MODELSKETCH_VISIBLE
100
AcDbLine
 10
35.63999999999999
 20
-38.62
 30
0.0
 11
35.63
 21
-38.63
 31
0.0
  0
LINE
  5
100001FD
102
{ACAD_XDICTIONARY
360
100001FE
102
}
330
1F
100
AcDbEntity
  8
MODELSKETCH_VISIBLE
100
AcDbLine
 10
35.67999999999999
 20
-38.59999999999999
 30
0.0
 11
35.63999999999999
 21
-38.62
 31
0.0
  0
LINE
  5
10000201
102
{ACAD_XDICTIONARY
360
10000202
102
}
330
1F
100
AcDbEntity
  8
MODELSKETCH_VISIBLE
100
AcDbLine
 10
38.59999999999999
 20
-38.59999999999999
 30
0.0
 11
35.67999999999999
 21
-38.59999999999999
 31
0.0
  0
LINE
  5
10000205
102
{ACAD_XDICTIONARY
360
10000206
102
}
330
1F
100
AcDbEntity
  8
MODELSKETCH_VISIBLE
100
AcDbLine
 10
38.59999999999999
 20
-30.8
 30
0.0
 11
38.59999999999999
 21
-38.59999999999999
 31
0.0
  0
LINE
  5
10000209
102
{ACAD_XDICTIONARY
360
1000020A
102
}
330
1F
100
AcDbEntity
  8
MODELSKETCH_VISIBLE
100
AcDbLine
 10
35.67999999999999
 20
-30.8
 30
0.0
 11
38.59999999999999
 21
-30.8
 31
0.0
  0
LINE
  5
1000020D
102
{ACAD_XDICTIONARY
360
1000020E
102
}
330
1F
100
AcDbEntity
  8
MODELSKETCH_VISIBLE
100
AcDbLine
 10
35.66
 20
-30.79
 30
0.0
 11
35.67999999999999
 21
-30.8
 31
0.0
  0
LINE
  5
10000211
102
{ACAD_XDICTIONARY
360
10000212
102
}
330
1F
100
AcDbEntity
  8
MODELSKETCH_VISIBLE
100
AcDbLine
 10
35.64999999999998
 20
-30.77999999999999
 30
0.0
 11
35.66
 21
-30.79
 31
0.0
  0
LINE
  5
10000215
102
{ACAD_XDICTIONARY
360
10000216
102
}
330
1F
100
AcDbEntity
  8
MODELSKETCH_VISIBLE
100
AcDbLine
 10
35.63
 20
-30.77
 30
0.0
 11
35.64999999999998
 21
-30.77999999999999
 31
0.0
  0
LINE
  5
10000219
102
{ACAD_XDICTIONARY
360
1000021A
102
}
330
1F
100
AcDbEntity
  8
MODELSKETCH_VISIBLE
100
AcDbLine
 10
35.61999999999998
 20
-30.75999999999999
 30
0.0
 11
35.63
 21
-30.77
 31
0.0
  0
LINE
  5
1000021D
102
{ACAD_XDICTIONARY
360
1000021E
102
}
330
1F
100
AcDbEntity
  8
MODELSKETCH_VISIBLE
100
AcDbLine
 10
35.59999999999999
 20
-30.72
 30
0.0
 11
35.61999999999998
 21
-30.75999999999999
 31
0.0
  0
LINE
  5
10000221
102
{ACAD_XDICTIONARY
360
10000222
102
}
330
1F
100
AcDbEntity
  8
MODELSKETCH_VISIBLE
100
AcDbLine
 10
35.59999999999999
 20
-22.68
 30
0.0
 11
35.59999999999999
 21
-30.72
 31
0.0
  0
LINE
  5
10000225
102
{ACAD_XDICTIONARY
360
10000226
102
}
330
1F
100
AcDbEntity
  8
MODELSKETCH_VISIBLE
100
AcDbLine
 10
35.60999999999999
 20
-22.66
 30
0.0
 11
35.59999999999999
 21
-22.68
 31
0.0
  0
LINE
  5
10000229
102
{ACAD_XDICTIONARY
360
1000022A
102
}
330
1F
100
AcDbEntity
  8
MODELSKETCH_VISIBLE
100
AcDbLine
 10
35.61999999999998
 20
-22.65
 30
0.0
 11
35.60999999999999
 21
-22.66
 31
0.0
  0
LINE
  5
1000022D
102
{ACAD_XDICTIONARY
360
1000022E
102
}
330
1F
100
AcDbEntity
  8
MODELSKETCH_VISIBLE
100
AcDbLine
 10
35.63
 20
-22.63
 30
0.0
 11
35.61999999999998
 21
-22.65
 31
0.0
  0
LINE
  5
10000231
102
{ACAD_XDICTIONARY
360
10000232
102
}
330
1F
100
AcDbEntity
  8
MODELSKETCH_VISIBLE
100
AcDbLine
 10
35.63999999999999
 20
-22.62
 30
0.0
 11
35.63
 21
-22.63
 31
0.0
  0
LINE
  5
10000235
102
{ACAD_XDICTIONARY
360
10000236
102
}
330
1F
100
AcDbEntity
  8
MODELSKETCH_VISIBLE
100
AcDbLine
 10
35.67999999999999
 20
-22.59999999999999
 30
0.0
 11
35.63999999999999
 21
-22.62
 31
0.0
  0
LINE
  5
10000239
102
{ACAD_XDICTIONARY
360
1000023A
102
}
330
1F
100
AcDbEntity
  8
MODELSKETCH_VISIBLE
100
AcDbLine
 10
38.59999999999999
 20
-22.59999999999999
 30
0.0
 11
35.67999999999999
 21
-22.59999999999999
 31
0.0
  0
LINE
  5
1000023D
102
{ACAD_XDICTIONARY
360
1000023E
102
}
330
1F
100
AcDbEntity
  8
MODELSKETCH_VISIBLE
100
AcDbLine
 10
38.59999999999999
 20
-5.179999999999993
 30
0.0
 11
38.59999999999999
 21
-22.59999999999999
 31
0.0
  0
LINE
  5
10000241
102
{ACAD_XDICTIONARY
360
10000242
102
}
330
1F
100
AcDbEntity
  8
MODELSKETCH_VISIBLE
100
AcDbLine
 10
38.60999999999999
 20
-5.159999999999997
 30
0.0
 11
38.59999999999999
 21
-5.179999999999993
 31
0.0
  0
LINE
  5
10000245
102
{ACAD_XDICTIONARY
360
10000246
102
}
330
1F
100
AcDbEntity
  8
MODELSKETCH_VISIBLE
100
AcDbLine
 10
38.61999999999998
 20
-5.149999999999991
 30
0.0
 11
38.60999999999999
 21
-5.159999999999997
 31
0.0
  0
LINE
  5
10000249
102
{ACAD_XDICTIONARY
360
1000024A
102
}
330
1F
100
AcDbEntity
  8
MODELSKETCH_VISIBLE
100
AcDbLine
 10
38.63
 20
-5.129999999999995
 30
0.0
 11
38.61999999999998
 21
-5.149999999999991
 31
0.0
  0
LINE
  5
1000024D
102
{ACAD_XDICTIONARY
360
1000024E
102
}
330
1F
100
AcDbEntity
  8
MODELSKETCH_VISIBLE
100
AcDbLine
 10
38.63999999999999
 20
-5.11999999999999
 30
0.0
 11
38.63
 21
-5.129999999999995
 31
0.0
  0
LINE
  5
10000251
102
{ACAD_XDICTIONARY
360
10000252
102
}
330
1F
100
AcDbEntity
  8
MODELSKETCH_VISIBLE
100
AcDbLine
 10
38.67999999999998
 20
-5.099999999999994
 30
0.0
 11
38.63999999999999
 21
-5.11999999999999
 31
0.0
  0
LINE
  5
10000255
102
{ACAD_XDICTIONARY
360
10000256
102
}
330
1F
100
AcDbEntity
  8
MODELSKETCH_VISIBLE
100
AcDbLine
 10
77.72
 20
-5.099999999999994
 30
0.0
 11
38.67999999999998
 21
-5.099999999999994
 31
0.0
  0
LINE
  5
10000259
102
{ACAD_XDICTIONARY
360
1000025A
102
}
330
1F
100
AcDbEntity
  8
MODELSKETCH_VISIBLE
100
AcDbLine
 10
77.73999999999998
 20
-5.11
 30
0.0
 11
77.72
 21
-5.099999999999994
 31
0.0
  0
LINE
  5
1000025D
102
{ACAD_XDICTIONARY
360
1000025E
102
}
330
1F
100
AcDbEntity
  8
MODELSKETCH_VISIBLE
100
AcDbLine
 10
77.75
 20
-5.11999999999999
 30
0.0
 11
77.73999999999998
 21
-5.11
 31
0.0
  0
LINE
  5
10000261
102
{ACAD_XDICTIONARY
360
10000262
102
}
330
1F
100
AcDbEntity
  8
MODELSKETCH_VISIBLE
100
AcDbLine
 10
77.76999999999998
 20
-5.129999999999995
 30
0.0
 11
77.75
 21
-5.11999999999999
 31
0.0
  0
LINE
  5
10000265
102
{ACAD_XDICTIONARY
360
10000266
102
}
330
1F
100
AcDbEntity
  8
MODELSKETCH_VISIBLE
100
AcDbLine
 10
77.78
 20
-5.140000000000001
 30
0.0
 11
77.76999999999998
 21
-5.129999999999995
 31
0.0
  0
LINE
  5
10000269
102
{ACAD_XDICTIONARY
360
1000026A
102
}
330
1F
100
AcDbEntity
  8
MODELSKETCH_VISIBLE
100
AcDbLine
 10
77.79999999999998
 20
-5.179999999999993
 30
0.0
 11
77.78
 21
-5.140000000000001
 31
0.0
  0
LINE
  5
1000026D
102
{ACAD_XDICTIONARY
360
1000026E
102
}
330
1F
100
AcDbEntity
  8
MODELSKETCH_VISIBLE
100
AcDbLine
 10
77.79999999999998
 20
-8.599999999999994
 30
0.0
 11
77.79999999999998
 21
-5.179999999999993
 31
0.0
  0
LINE
  5
10000271
102
{ACAD_XDICTIONARY
360
10000272
102
}
330
1F
100
AcDbEntity
  8
MODELSKETCH_VISIBLE
100
AcDbLine
 10
80.72
 20
-8.599999999999994
 30
0.0
 11
77.79999999999998
 21
-8.599999999999994
 31
0.0
  0
LINE
  5
10000275
102
{ACAD_XDICTIONARY
360
10000276
102
}
330
1F
100
AcDbEntity
  8
MODELSKETCH_VISIBLE
100
AcDbLine
 10
80.73999999999998
 20
-8.61
 30
0.0
 11
80.72
 21
-8.599999999999994
 31
0.0
  0
LINE
  5
10000279
102
{ACAD_XDICTIONARY
360
1000027A
102
}
330
1F
100
AcDbEntity
  8
MODELSKETCH_VISIBLE
100
AcDbLine
 10
80.75
 20
-8.61999999999999
 30
0.0
 11
80.73999999999998
 21
-8.61
 31
0.0
  0
LINE
  5
1000027D
102
{ACAD_XDICTIONARY
360
1000027E
102
}
330
1F
100
AcDbEntity
  8
MODELSKETCH_VISIBLE
100
AcDbLine
 10
80.76999999999998
 20
-8.629999999999995
 30
0.0
 11
80.75
 21
-8.61999999999999
 31
0.0
  0
LINE
  5
10000281
102
{ACAD_XDICTIONARY
360
10000282
102
}
330
1F
100
AcDbEntity
  8
MODELSKETCH_VISIBLE
100
AcDbLine
 10
80.78
 20
-8.64
 30
0.0
 11
80.76999999999998
 21
-8.629999999999995
 31
0.0
  0
LINE
  5
10000285
102
{ACAD_XDICTIONARY
360
10000286
102
}
330
1F
100
AcDbEntity
  8
MODELSKETCH_VISIBLE
100
AcDbLine
 10
80.79999999999998
 20
-8.679999999999993
 30
0.0
 11
80.78
 21
-8.64
 31
0.0
  0
LINE
  5
10000289
102
{ACAD_XDICTIONARY
360
1000028A
102
}
330
1F
100
AcDbEntity
  8
MODELSKETCH_VISIBLE
100
AcDbLine
 10
80.79999999999998
 20
-16.72
 30
0.0
 11
80.79999999999998
 21
-8.679999999999993
 31
0.0
  0
LINE
  5
1000028D
102
{ACAD_XDICTIONARY
360
1000028E
102
}
330
1F
100
AcDbEntity
  8
MODELSKETCH_VISIBLE
100
AcDbLine
 10
80.78999999999999
 20
-16.73999999999999
 30
0.0
 11
80.79999999999998
 21
-16.72
 31
0.0
  0
LINE
  5
10000291
102
{ACAD_XDICTIONARY
360
10000292
102
}
330
1F
100
AcDbEntity
  8
MODELSKETCH_VISIBLE
100
AcDbLine
 10
80.78
 20
-16.74999999999999
 30
0.0
 11
80.78999999999999
 21
-16.73999999999999
 31
0.0
  0
LINE
  5
10000295
102
{ACAD_XDICTIONARY
360
10000296
102
}
330
1F
100
AcDbEntity
  8
MODELSKETCH_VISIBLE
100
AcDbLine
 10
80.76999999999998
 20
-16.77
 30
0.0
 11
80.78
 21
-16.74999999999999
 31
0.0
  0
LINE
  5
10000299
102
{ACAD_XDICTIONARY
360
1000029A
102
}
330
1F
100
AcDbEntity
  8
MODELSKETCH_VISIBLE
100
AcDbLine
 10
80.76
 20
-16.77999999999999
 30
0.0
 11
80.76999999999998
 21
-16.77
 31
0.0
  0
LINE
  5
1000029D
102
{ACAD_XDICTIONARY
360
1000029E
102
}
330
1F
100
AcDbEntity
  8
MODELSKETCH_VISIBLE
100
AcDbLine
 10
80.72
 20
-16.8
 30
0.0
 11
80.76
 21
-16.77999999999999
 31
0.0
  0
LINE
  5
100002A1
102
{ACAD_XDICTIONARY
360
100002A2
102
}
330
1F
100
AcDbEntity
  8
MODELSKETCH_VISIBLE
100
AcDbLine
 10
77.79999999999998
 20
-16.8
 30
0.0
 11
80.72
 21
-16.8
 31
0.0
  0
LINE
  5
100002A5
102
{ACAD_XDICTIONARY
360
100002A6
102
}
330
1F
100
AcDbEntity
  8
MODELSKETCH_VISIBLE
100
AcDbLine
 10
77.79999999999998
 20
-24.59999999999999
 30
0.0
 11
77.79999999999998
 21
-16.8
 31
0.0
  0
LINE
  5
100002A9
102
{ACAD_XDICTIONARY
360
100002AA
102
}
330
1F
100
AcDbEntity
  8
MODELSKETCH_VISIBLE
100
AcDbLine
 10
80.72
 20
-24.59999999999999
 30
0.0
 11
77.79999999999998
 21
-24.59999999999999
 31
0.0
  0
LINE
  5
100002AD
102
{ACAD_XDICTIONARY
360
100002AE
102
}
330
1F
100
AcDbEntity
  8
MODELSKETCH_VISIBLE
100
AcDbLine
 10
80.73999999999998
 20
-24.61
 30
0.0
 11
80.72
 21
-24.59999999999999
 31
0.0
  0
LINE
  5
100002B1
102
{ACAD_XDICTIONARY
360
100002B2
102
}
330
1F
100
AcDbEntity
  8
MODELSKETCH_VISIBLE
100
AcDbLine
 10
80.75
 20
-24.62
 30
0.0
 11
80.73999999999998
 21
-24.61
 31
0.0
  0
LINE
  5
100002B5
102
{ACAD_XDICTIONARY
360
100002B6
102
}
330
1F
100
AcDbEntity
  8
MODELSKETCH_VISIBLE
100
AcDbLine
 10
80.76999999999998
 20
-24.63
 30
0.0
 11
80.75
 21
-24.62
 31
0.0
  0
LINE
  5
100002B9
102
{ACAD_XDICTIONARY
360
100002BA
102
}
330
1F
100
AcDbEntity
  8
MODELSKETCH_VISIBLE
100
AcDbLine
 10
80.78
 20
-24.63999999999999
 30
0.0
 11
80.76999999999998
 21
-24.63
 31
0.0
  0
LINE
  5
100002BD
102
{ACAD_XDICTIONARY
360
100002BE
102
}
330
1F
100
AcDbEntity
  8
MODELSKETCH_VISIBLE
100
AcDbLine
 10
80.79999999999998
 20
-24.68
 30
0.0
 11
80.78
 21
-24.63999999999999
 31
0.0
  0
LINE
  5
100002C1
102
{ACAD_XDICTIONARY
360
100002C2
102
}
330
1F
100
AcDbEntity
  8
MODELSKETCH_VISIBLE
100
AcDbLine
 10
80.79999999999998
 20
-32.72
 30
0.0
 11
80.79999999999998
 21
-24.68
 31
0.0
  0
LINE
  5
100002C5
102
{ACAD_XDICTIONARY
360
100002C6
102
}
330
1F
100
AcDbEntity
  8
MODELSKETCH_VISIBLE
100
AcDbLine
 10
80.78999999999999
 20
-32.73999999999999
 30
0.0
 11
80.79999999999998
 21
-32.72
 31
0.0
  0
LINE
  5
100002C9
102
{ACAD_XDICTIONARY
360
100002CA
102
}
330
1F
100
AcDbEntity
  8
MODELSKETCH_VISIBLE
100
AcDbLine
 10
80.78
 20
-32.75
 30
0.0
 11
80.78999999999999
 21
-32.73999999999999
 31
0.0
  0
LINE
  5
100002CD
102
{ACAD_XDICTIONARY
360
100002CE
102
}
330
1F
100
AcDbEntity
  8
MODELSKETCH_VISIBLE
100
AcDbLine
 10
80.76999999999998
 20
-32.77
 30
0.0
 11
80.78
 21
-32.75
 31
0.0
  0
LINE
  5
100002D1
102
{ACAD_XDICTIONARY
360
100002D2
102
}
330
1F
100
AcDbEntity
  8
MODELSKETCH_VISIBLE
100
AcDbLine
 10
80.72
 20
-32.8
 30
0.0
 11
80.76
 21
-32.77999999999999
 31
0.0
  0
LINE
  5
100002D5
102
{ACAD_XDICTIONARY
360
100002D6
102
}
330
1F
100
AcDbEntity
  8
MODELSKETCH_VISIBLE
100
AcDbLine
 10
77.79999999999998
 20
-32.8
 30
0.0
 11
80.72
 21
-32.8
 31
0.0
  0
LINE
  5
100002D9
102
{ACAD_XDICTIONARY
360
100002DA
102
}
330
1F
100
AcDbEntity
  8
MODELSKETCH_VISIBLE
100
AcDbLine
 10
77.79999999999998
 20
-40.59999999999999
 30
0.0
 11
77.79999999999998
 21
-32.8
 31
0.0
  0
LINE
  5
100002DD
102
{ACAD_XDICTIONARY
360
100002DE
102
}
330
1F
100
AcDbEntity
  8
MODELSKETCH_VISIBLE
100
AcDbLine
 10
80.72
 20
-40.59999999999999
 30
0.0
 11
77.79999999999998
 21
-40.59999999999999
 31
0.0
  0
LINE
  5
100002E1
102
{ACAD_XDICTIONARY
360
100002E2
102
}
330
1F
100
AcDbEntity
  8
MODELSKETCH_VISIBLE
100
AcDbLine
 10
80.73999999999998
 20
-40.61
 30
0.0
 11
80.72
 21
-40.59999999999999
 31
0.0
  0
LINE
  5
100002E5
102
{ACAD_XDICTIONARY
360
100002E6
102
}
330
1F
100
AcDbEntity
  8
MODELSKETCH_VISIBLE
100
AcDbLine
 10
80.75
 20
-40.62
 30
0.0
 11
80.73999999999998
 21
-40.61
 31
0.0
  0
LINE
  5
100002E9
102
{ACAD_XDICTIONARY
360
100002EA
102
}
330
1F
100
AcDbEntity
  8
MODELSKETCH_VISIBLE
100
AcDbLine
 10
80.76999999999998
 20
-40.63
 30
0.0
 11
80.75
 21
-40.62
 31
0.0
  0
LINE
  5
100002ED
102
{ACAD_XDICTIONARY
360
100002EE
102
}
330
1F
100
AcDbEntity
  8
MODELSKETCH_VISIBLE
100
AcDbLine
 10
80.79999999999998
 20
-40.67999999999999
 30
0.0
 11
80.78
 21
-40.63999999999999
 31
0.0
  0
LINE
  5
100002F1
102
{ACAD_XDICTIONARY
360
100002F2
102
}
330
1F
100
AcDbEntity
  8
MODELSKETCH_VISIBLE
100
AcDbLine
 10
80.79999999999998
 20
-48.72
 30
0.0
 11
80.79999999999998
 21
-40.67999999999999
 31
0.0
  0
LINE
  5
100002F5
102
{ACAD_XDICTIONARY
360
100002F6
102
}
330
1F
100
AcDbEntity
  8
MODELSKETCH_VISIBLE
100
AcDbLine
 10
80.78999999999999
 20
-48.74
 30
0.0
 11
80.79999999999998
 21
-48.72
 31
0.0
  0
LINE
  5
100002F9
102
{ACAD_XDICTIONARY
360
100002FA
102
}
330
1F
100
AcDbEntity
  8
MODELSKETCH_VISIBLE
100
AcDbLine
 10
80.78
 20
-48.75
 30
0.0
 11
80.78999999999999
 21
-48.74
 31
0.0
  0
LINE
  5
100002FD
102
{ACAD_XDICTIONARY
360
100002FE
102
}
330
1F
100
AcDbEntity
  8
MODELSKETCH_VISIBLE
100
AcDbLine
 10
80.76999999999998
 20
-48.77
 30
0.0
 11
80.78
 21
-48.75
 31
0.0
  0
LINE
  5
10000301
102
{ACAD_XDICTIONARY
360
10000302
102
}
330
1F
100
AcDbEntity
  8
MODELSKETCH_VISIBLE
100
AcDbLine
 10
80.76
 20
-48.78
 30
0.0
 11
80.76999999999998
 21
-48.77
 31
0.0
  0
LINE
  5
10000305
102
{ACAD_XDICTIONARY
360
10000306
102
}
330
1F
100
AcDbEntity
  8
MODELSKETCH_VISIBLE
100
AcDbLine
 10
80.72
 20
-48.8
 30
0.0
 11
80.76
 21
-48.78
 31
0.0
  0
LINE
  5
10000309
102
{ACAD_XDICTIONARY
360
1000030A
102
}
330
1F
100
AcDbEntity
  8
MODELSKETCH_VISIBLE
100
AcDbLine
 10
77.79999999999998
 20
-55.22
 30
0.0
 11
77.79999999999998
 21
-48.8
 31
0.0
  0
LINE
  5
1000030D
102
{ACAD_XDICTIONARY
360
1000030E
102
}
330
1F
100
AcDbEntity
  8
MODELSKETCH_VISIBLE
100
AcDbLine
 10
77.78999999999999
 20
-55.23999999999999
 30
0.0
 11
77.79999999999998
 21
-55.22
 31
0.0
  0
LINE
  5
10000311
102
{ACAD_XDICTIONARY
360
10000312
102
}
330
1F
100
AcDbEntity
  8
MODELSKETCH_VISIBLE
100
AcDbLine
 10
77.78
 20
-55.25
 30
0.0
 11
77.78999999999999
 21
-55.23999999999999
 31
0.0
  0
LINE
  5
10000315
102
{ACAD_XDICTIONARY
360
10000316
102
}
330
1F
100
AcDbEntity
  8
MODELSKETCH_VISIBLE
100
AcDbLine
 10
77.76999999999998
 20
-55.27
 30
0.0
 11
77.78
 21
-55.25
 31
0.0
  0
LINE
  5
10000319
102
{ACAD_XDICTIONARY
360
1000031A
102
}
330
1F
100
AcDbEntity
  8
MODELSKETCH_VISIBLE
100
AcDbLine
 10
77.75999999999999
 20
-55.28
 30
0.0
 11
77.76999999999998
 21
-55.27
 31
0.0
  0
LINE
  5
1000031D
102
{ACAD_XDICTIONARY
360
1000031E
102
}
330
1F
100
AcDbEntity
  8
MODELSKETCH_VISIBLE
100
AcDbLine
 10
77.72
 20
-55.3
 30
0.0
 11
77.75999999999999
 21
-55.28
 31
0.0
  0
LINE
  5
10000321
102
{ACAD_XDICTIONARY
360
10000322
102
}
330
1F
100
AcDbEntity
  8
MODELSKETCH_VISIBLE
100
AcDbLine
 10
70.17999999999998
 20
-55.3
 30
0.0
 11
77.72
 21
-55.3
 31
0.0
  0
LINE
  5
10000325
102
{ACAD_XDICTIONARY
360
10000326
102
}
330
1F
100
AcDbEntity
  8
MODELSKETCH_VISIBLE
100
AcDbLine
 10
70.16
 20
-55.28999999999999
 30
0.0
 11
70.17999999999998
 21
-55.3
 31
0.0
  0
LINE
  5
10000329
102
{ACAD_XDICTIONARY
360
1000032A
102
}
330
1F
100
AcDbEntity
  8
MODELSKETCH_VISIBLE
100
AcDbLine
 10
70.14999999999998
 20
-55.28
 30
0.0
 11
70.16
 21
-55.28999999999999
 31
0.0
  0
LINE
  5
1000032D
102
{ACAD_XDICTIONARY
360
1000032E
102
}
330
1F
100
AcDbEntity
  8
MODELSKETCH_VISIBLE
100
AcDbLine
 10
70.13
 20
-55.27
 30
0.0
 11
70.14999999999998
 21
-55.28
 31
0.0
  0
LINE
  5
10000331
102
{ACAD_XDICTIONARY
360
10000332
102
}
330
1F
100
AcDbEntity
  8
MODELSKETCH_VISIBLE
100
AcDbLine
 10
70.11999999999998
 20
-55.26
 30
0.0
 11
70.13
 21
-55.27
 31
0.0
  0
LINE
  5
10000335
102
{ACAD_XDICTIONARY
360
10000336
102
}
330
1F
100
AcDbEntity
  8
MODELSKETCH_VISIBLE
100
AcDbLine
 10
70.1
 20
-55.22
 30
0.0
 11
70.11999999999998
 21
-55.26
 31
0.0
  0
LINE
  5
10000339
102
{ACAD_XDICTIONARY
360
1000033A
102
}
330
1F
100
AcDbEntity
  8
MODELSKETCH_VISIBLE
100
AcDbLine
 10
70.1
 20
-52.3
 30
0.0
 11
70.1
 21
-55.22
 31
0.0
  0
LINE
  5
1000033D
102
{ACAD_XDICTIONARY
360
1000033E
102
}
330
1F
100
AcDbEntity
  8
MODELSKETCH_VISIBLE
100
AcDbLine
 10
62.29999999999999
 20
-52.3
 30
0.0
 11
70.1
 21
-52.3
 31
0.0
  0
LINE
  5
10000341
102
{ACAD_XDICTIONARY
360
10000342
102
}
330
1F
100
AcDbEntity
  8
MODELSKETCH_VISIBLE
100
AcDbLine
 10
62.29999999999999
 20
-55.22
 30
0.0
 11
62.29999999999999
 21
-52.3
 31
0.0
  0
LINE
  5
10000345
102
{ACAD_XDICTIONARY
360
10000346
102
}
330
1F
100
AcDbEntity
  8
MODELSKETCH_VISIBLE
100
AcDbLine
 10
62.28999999999999
 20
-55.23999999999999
 30
0.0
 11
62.29999999999999
 21
-55.22
 31
0.0
  0
LINE
  5
10000349
102
{ACAD_XDICTIONARY
360
1000034A
102
}
330
1F
100
AcDbEntity
  8
MODELSKETCH_VISIBLE
100
AcDbLine
 10
62.28
 20
-55.25
 30
0.0
 11
62.28999999999999
 21
-55.23999999999999
 31
0.0
  0
LINE
  5
1000034D
102
{ACAD_XDICTIONARY
360
1000034E
102
}
330
1F
100
AcDbEntity
  8
MODELSKETCH_VISIBLE
100
AcDbLine
 10
62.26999999999998
 20
-55.27
 30
0.0
 11
62.28
 21
-55.25
 31
0.0
  0
LINE
  5
10000351
102
{ACAD_XDICTIONARY
360
10000352
102
}
330
1F
100
AcDbEntity
  8
MODELSKETCH_VISIBLE
100
AcDbLine
 10
62.25999999999999
 20
-55.28
 30
0.0
 11
62.26999999999998
 21
-55.27
 31
0.0
  0
LINE
  5
10000355
102
{ACAD_XDICTIONARY
360
10000356
102
}
330
1F
100
AcDbEntity
  8
MODELSKETCH_VISIBLE
100
AcDbLine
 10
62.22
 20
-55.3
 30
0.0
 11
62.25999999999999
 21
-55.28
 31
0.0
  0
LINE
  5
10000359
102
{ACAD_XDICTIONARY
360
1000035A
102
}
330
1F
100
AcDbEntity
  8
MODELSKETCH_VISIBLE
100
AcDbLine
 10
54.17999999999998
 20
-55.3
 30
0.0
 11
62.22
 21
-55.3
 31
0.0
  0
LINE
  5
1000035D
102
{ACAD_XDICTIONARY
360
1000035E
102
}
330
1F
100
AcDbEntity
  8
MODELSKETCH_VISIBLE
100
AcDbLine
 10
54.16
 20
-55.28999999999999
 30
0.0
 11
54.17999999999998
 21
-55.3
 31
0.0
  0
LINE
  5
10000361
102
{ACAD_XDICTIONARY
360
10000362
102
}
330
1F
100
AcDbEntity
  8
MODELSKETCH_VISIBLE
100
AcDbLine
 10
54.14999999999998
 20
-55.28
 30
0.0
 11
54.16
 21
-55.28999999999999
 31
0.0
  0
LINE
  5
10000365
102
{ACAD_XDICTIONARY
360
10000366
102
}
330
1F
100
AcDbEntity
  8
MODELSKETCH_VISIBLE
100
AcDbLine
 10
54.13
 20
-55.27
 30
0.0
 11
54.14999999999998
 21
-55.28
 31
0.0
  0
LINE
  5
10000369
102
{ACAD_XDICTIONARY
360
1000036A
102
}
330
1F
100
AcDbEntity
  8
MODELSKETCH_VISIBLE
100
AcDbLine
 10
54.11999999999998
 20
-55.26
 30
0.0
 11
54.13
 21
-55.27
 31
0.0
  0
LINE
  5
1000036D
102
{ACAD_XDICTIONARY
360
1000036E
102
}
330
1F
100
AcDbEntity
  8
MODELSKETCH_VISIBLE
100
AcDbLine
 10
54.09999999999999
 20
-55.22
 30
0.0
 11
54.11999999999998
 21
-55.26
 31
0.0
  0
LINE
  5
10000371
102
{ACAD_XDICTIONARY
360
10000372
102
}
330
1F
100
AcDbEntity
  8
MODELSKETCH_VISIBLE
100
AcDbLine
 10
54.09999999999999
 20
-52.3
 30
0.0
 11
54.09999999999999
 21
-55.22
 31
0.0
  0
LINE
  5
10000375
102
{ACAD_XDICTIONARY
360
10000376
102
}
330
1F
100
AcDbEntity
  8
MODELSKETCH_VISIBLE
100
AcDbLine
 10
46.29999999999999
 20
-52.3
 30
0.0
 11
54.09999999999999
 21
-52.3
 31
0.0
  0
LINE
  5
10000379
102
{ACAD_XDICTIONARY
360
1000037A
102
}
330
1F
100
AcDbEntity
  8
MODELSKETCH_VISIBLE
100
AcDbLine
 10
46.29999999999999
 20
-55.22
 30
0.0
 11
46.29999999999999
 21
-52.3
 31
0.0
  0
LINE
  5
1000037D
102
{ACAD_XDICTIONARY
360
1000037E
102
}
330
1F
100
AcDbEntity
  8
MODELSKETCH_VISIBLE
100
AcDbLine
 10
46.28999999999999
 20
-55.23999999999999
 30
0.0
 11
46.29999999999999
 21
-55.22
 31
0.0
  0
LINE
  5
10000381
102
{ACAD_XDICTIONARY
360
10000382
102
}
330
1F
100
AcDbEntity
  8
MODELSKETCH_VISIBLE
100
AcDbLine
 10
46.28
 20
-55.25
 30
0.0
 11
46.28999999999999
 21
-55.23999999999999
 31
0.0
  0
LINE
  5
10000385
102
{ACAD_XDICTIONARY
360
10000386
102
}
330
1F
100
AcDbEntity
  8
MODELSKETCH_VISIBLE
100
AcDbLine
 10
46.26999999999998
 20
-55.27
 30
0.0
 11
46.28
 21
-55.25
 31
0.0
  0
LINE
  5
10000389
102
{ACAD_XDICTIONARY
360
1000038A
102
}
330
1F
100
AcDbEntity
  8
MODELSKETCH_VISIBLE
100
AcDbLine
 10
46.25999999999999
 20
-55.28
 30
0.0
 11
46.26999999999998
 21
-55.27
 31
0.0
  0
LINE
  5
1000038D
102
{ACAD_XDICTIONARY
360
1000038E
102
}
330
1F
100
AcDbEntity
  8
MODELSKETCH_VISIBLE
100
AcDbLine
 10
15.89999999999998
 20
-17.09999999999999
 30
0.0
 11
4.099999999999965
 21
-17.09999999999999
 31
0.0
  0
LINE
  5
10000391
102
{ACAD_XDICTIONARY
360
10000392
102
}
330
1F
100
AcDbEntity
  8
MODELSKETCH_VISIBLE
100
AcDbLine
 10
15.89999999999998
 20
-14.3
 30
0.0
 11
15.89999999999998
 21
-17.09999999999999
 31
0.0
  0
LINE
  5
10000395
102
{ACAD_XDICTIONARY
360
10000396
102
}
330
1F
100
AcDbEntity
  8
MODELSKETCH_VISIBLE
100
AcDbLine
 10
4.099999999999966
 20
-14.3
 30
0.0
 11
15.89999999999998
 21
-14.3
 31
0.0
  0
LINE
  5
10000399
102
{ACAD_XDICTIONARY
360
1000039A
102
}
330
1F
100
AcDbEntity
  8
MODELSKETCH_VISIBLE
100
AcDbLine
 10
4.099999999999966
 20
-17.09999999999999
 30
0.0
 11
4.099999999999966
 21
-14.3
 31
0.0
  0
LINE
  5
1000039D
102
{ACAD_XDICTIONARY
360
1000039E
102
}
330
1F
100
AcDbEntity
  8
MODELSKETCH_VISIBLE
100
AcDbLine
 10
15.89999999999998
 20
-11.1
 30
0.0
 11
4.099999999999965
 21
-11.1
 31
0.0
  0
LINE
  5
100003A1
102
{ACAD_XDICTIONARY
360
100003A2
102
}
330
1F
100
AcDbEntity
  8
MODELSKETCH_VISIBLE
100
AcDbLine
 10
15.89999999999998
 20
-8.299999999999997
 30
0.0
 11
15.89999999999998
 21
-11.1
 31
0.0
  0
LINE
  5
100003A5
102
{ACAD_XDICTIONARY
360
100003A6
102
}
330
1F
100
AcDbEntity
  8
MODELSKETCH_VISIBLE
100
AcDbLine
 10
4.099999999999966
 20
-8.299999999999997
 30
0.0
 11
15.89999999999998
 21
-8.299999999999997
 31
0.0
  0
LINE
  5
100003A9
102
{ACAD_XDICTIONARY
360
100003AA
102
}
330
1F
100
AcDbEntity
  8
MODELSKETCH_VISIBLE
100
AcDbLine
 10
4.099999999999966
 20
-11.1
 30
0.0
 11
4.099999999999966
 21
-8.299999999999997
 31
0.0
  0
LINE
  5
100003AD
102
{ACAD_XDICTIONARY
360
100003AE
102
}
330
1F
100
AcDbEntity
  8
MODELSKETCH_VISIBLE
100
AcDbLine
 10
-1.980000000000018
 20
-55.3
 30
0.0
 11
-1.940000000000026
 21
-55.28
 31
0.0
  0
LINE
  5
100003B1
102
{ACAD_XDICTIONARY
360
100003B2
102
}
330
1F
100
AcDbEntity
  8
MODELSKETCH_VISIBLE
100
AcDbLine
 10
-9.520000000000039
 20
-55.3
 30
0.0
 11
-1.980000000000018
 21
-55.3
 31
0.0
  0
LINE
  5
100003B5
102
{ACAD_XDICTIONARY
360
100003B6
102
}
330
1F
100
AcDbEntity
  8
MODELSKETCH_VISIBLE
100
AcDbLine
 10
-9.54000000000002
 20
-55.28999999999999
 30
0.0
 11
-9.520000000000039
 21
-55.3
 31
0.0
  0
LINE
  5
100003B9
102
{ACAD_XDICTIONARY
360
100003BA
102
}
330
1F
100
AcDbEntity
  8
MODELSKETCH_VISIBLE
100
AcDbLine
 10
-9.55000000000004
 20
-55.28
 30
0.0
 11
-9.54000000000002
 21
-55.28999999999999
 31
0.0
  0
LINE
  5
100003BD
102
{ACAD_XDICTIONARY
360
100003BE
102
}
330
1F
100
AcDbEntity
  8
MODELSKETCH_VISIBLE
100
AcDbLine
 10
-9.570000000000022
 20
-55.27
 30
0.0
 11
-9.55000000000004
 21
-55.28
 31
0.0
  0
LINE
  5
100003C1
102
{ACAD_XDICTIONARY
360
100003C2
102
}
330
1F
100
AcDbEntity
  8
MODELSKETCH_VISIBLE
100
AcDbLine
 10
-9.580000000000041
 20
-55.26
 30
0.0
 11
-9.570000000000022
 21
-55.27
 31
0.0
  0
LINE
  5
100003C5
102
{ACAD_XDICTIONARY
360
100003C6
102
}
330
1F
100
AcDbEntity
  8
MODELSKETCH_VISIBLE
100
AcDbLine
 10
-9.600000000000023
 20
-55.22
 30
0.0
 11
-9.580000000000041
 21
-55.26
 31
0.0
  0
LINE
  5
100003C9
102
{ACAD_XDICTIONARY
360
100003CA
102
}
330
1F
100
AcDbEntity
  8
MODELSKETCH_VISIBLE
100
AcDbLine
 10
-9.600000000000023
 20
-46.8
 30
0.0
 11
-9.600000000000023
 21
-55.22
 31
0.0
  0
LINE
  5
100003CD
102
{ACAD_XDICTIONARY
360
100003CE
102
}
330
1F
100
AcDbEntity
  8
MODELSKETCH_VISIBLE
100
AcDbLine
 10
-12.52000000000004
 20
-46.8
 30
0.0
 11
-9.600000000000023
 21
-46.8
 31
0.0
  0
LINE
  5
100003D1
102
{ACAD_XDICTIONARY
360
100003D2
102
}
330
1F
100
AcDbEntity
  8
MODELSKETCH_VISIBLE
100
AcDbLine
 10
-12.54000000000002
 20
-46.78999999999999
 30
0.0
 11
-12.52000000000004
 21
-46.8
 31
0.0
  0
LINE
  5
100003D5
102
{ACAD_XDICTIONARY
360
100003D6
102
}
330
1F
100
AcDbEntity
  8
MODELSKETCH_VISIBLE
100
AcDbLine
 10
-12.55000000000004
 20
-46.78
 30
0.0
 11
-12.54000000000002
 21
-46.78999999999999
 31
0.0
  0
LINE
  5
100003D9
102
{ACAD_XDICTIONARY
360
100003DA
102
}
330
1F
100
AcDbEntity
  8
MODELSKETCH_VISIBLE
100
AcDbLine
 10
-12.57000000000002
 20
-46.77
 30
0.0
 11
-12.55000000000004
 21
-46.78
 31
0.0
  0
LINE
  5
100003DD
102
{ACAD_XDICTIONARY
360
100003DE
102
}
330
1F
100
AcDbEntity
  8
MODELSKETCH_VISIBLE
100
AcDbLine
 10
-12.58000000000004
 20
-46.75999999999999
 30
0.0
 11
-12.57000000000002
 21
-46.77
 31
0.0
  0
LINE
  5
100003E1
102
{ACAD_XDICTIONARY
360
100003E2
102
}
330
1F
100
AcDbEntity
  8
MODELSKETCH_VISIBLE
100
AcDbLine
 10
-12.60000000000002
 20
-46.72
 30
0.0
 11
-12.58000000000004
 21
-46.75999999999999
 31
0.0
  0
LINE
  5
100003E5
102
{ACAD_XDICTIONARY
360
100003E6
102
}
330
1F
100
AcDbEntity
  8
MODELSKETCH_VISIBLE
100
AcDbLine
 10
-12.60000000000002
 20
-38.67999999999999
 30
0.0
 11
-12.60000000000002
 21
-46.72
 31
0.0
  0
LINE
  5
100003E9
102
{ACAD_XDICTIONARY
360
100003EA
102
}
330
1F
100
AcDbEntity
  8
MODELSKETCH_VISIBLE
100
AcDbLine
 10
-12.59000000000003
 20
-38.66
 30
0.0
 11
-12.60000000000002
 21
-38.67999999999999
 31
0.0
  0
LINE
  5
100003ED
102
{ACAD_XDICTIONARY
360
100003EE
102
}
330
1F
100
AcDbEntity
  8
MODELSKETCH_VISIBLE
100
AcDbLine
 10
-12.58000000000004
 20
-38.65
 30
0.0
 11
-12.59000000000003
 21
-38.66
 31
0.0
  0
LINE
  5
100003F1
102
{ACAD_XDICTIONARY
360
100003F2
102
}
330
1F
100
AcDbEntity
  8
MODELSKETCH_VISIBLE
100
AcDbLine
 10
-12.57000000000002
 20
-38.63
 30
0.0
 11
-12.58000000000004
 21
-38.65
 31
0.0
  0
LINE
  5
100003F5
102
{ACAD_XDICTIONARY
360
100003F6
102
}
330
1F
100
AcDbEntity
  8
MODELSKETCH_VISIBLE
100
AcDbLine
 10
-12.56000000000003
 20
-38.62
 30
0.0
 11
-12.57000000000002
 21
-38.63
 31
0.0
  0
LINE
  5
100003F9
102
{ACAD_XDICTIONARY
360
100003FA
102
}
330
1F
100
AcDbEntity
  8
MODELSKETCH_VISIBLE
100
AcDbLine
 10
-12.52000000000004
 20
-38.59999999999999
 30
0.0
 11
-12.56000000000003
 21
-38.62
 31
0.0
  0
LINE
  5
100003FD
102
{ACAD_XDICTIONARY
360
100003FE
102
}
330
1F
100
AcDbEntity
  8
MODELSKETCH_VISIBLE
100
AcDbLine
 10
-9.600000000000023
 20
-38.59999999999999
 30
0.0
 11
-12.52000000000004
 21
-38.59999999999999
 31
0.0
  0
LINE
  5
10000401
102
{ACAD_XDICTIONARY
360
10000402
102
}
330
1F
100
AcDbEntity
  8
MODELSKETCH_VISIBLE
100
AcDbLine
 10
-9.600000000000023
 20
-30.8
 30
0.0
 11
-9.600000000000023
 21
-38.59999999999999
 31
0.0
  0
LINE
  5
10000405
102
{ACAD_XDICTIONARY
360
10000406
102
}
330
1F
100
AcDbEntity
  8
MODELSKETCH_VISIBLE
100
AcDbLine
 10
-12.52000000000004
 20
-30.8
 30
0.0
 11
-9.600000000000023
 21
-30.8
 31
0.0
  0
LINE
  5
10000409
102
{ACAD_XDICTIONARY
360
1000040A
102
}
330
1F
100
AcDbEntity
  8
MODELSKETCH_VISIBLE
100
AcDbLine
 10
-12.54000000000002
 20
-30.79
 30
0.0
 11
-12.52000000000004
 21
-30.8
 31
0.0
  0
LINE
  5
1000040D
102
{ACAD_XDICTIONARY
360
1000040E
102
}
330
1F
100
AcDbEntity
  8
MODELSKETCH_VISIBLE
100
AcDbLine
 10
-12.55000000000004
 20
-30.77999999999999
 30
0.0
 11
-12.54000000000002
 21
-30.79
 31
0.0
  0
LINE
  5
10000411
102
{ACAD_XDICTIONARY
360
10000412
102
}
330
1F
100
AcDbEntity
  8
MODELSKETCH_VISIBLE
100
AcDbLine
 10
-12.57000000000002
 20
-30.77
 30
0.0
 11
-12.55000000000004
 21
-30.77999999999999
 31
0.0
  0
LINE
  5
10000415
102
{ACAD_XDICTIONARY
360
10000416
102
}
330
1F
100
AcDbEntity
  8
MODELSKETCH_VISIBLE
100
AcDbLine
 10
-12.58000000000004
 20
-30.75999999999999
 30
0.0
 11
-12.57000000000002
 21
-30.77
 31
0.0
  0
LINE
  5
10000419
102
{ACAD_XDICTIONARY
360
1000041A
102
}
330
1F
100
AcDbEntity
  8
MODELSKETCH_VISIBLE
100
AcDbLine
 10
-12.60000000000002
 20
-30.72
 30
0.0
 11
-12.58000000000004
 21
-30.75999999999999
 31
0.0
  0
LINE
  5
1000041D
102
{ACAD_XDICTIONARY
360
1000041E
102
}
330
1F
100
AcDbEntity
  8
MODELSKETCH_VISIBLE
100
AcDbLine
 10
-12.60000000000002
 20
-22.68
 30
0.0
 11
-12.60000000000002
 21
-30.72
 31
0.0
  0
LINE
  5
10000421
102
{ACAD_XDICTIONARY
360
10000422
102
}
330
1F
100
AcDbEntity
  8
MODELSKETCH_VISIBLE
100
AcDbLine
 10
-12.59000000000003
 20
-22.66
 30
0.0
 11
-12.60000000000002
 21
-22.68
 31
0.0
  0
LINE
  5
10000425
102
{ACAD_XDICTIONARY
360
10000426
102
}
330
1F
100
AcDbEntity
  8
MODELSKETCH_VISIBLE
100
AcDbLine
 10
-12.58000000000004
 20
-22.65
 30
0.0
 11
-12.59000000000003
 21
-22.66
 31
0.0
  0
LINE
  5
10000429
102
{ACAD_XDICTIONARY
360
1000042A
102
}
330
1F
100
AcDbEntity
  8
MODELSKETCH_VISIBLE
100
AcDbLine
 10
-12.57000000000002
 20
-22.63
 30
0.0
 11
-12.58000000000004
 21
-22.65
 31
0.0
  0
LINE
  5
1000042D
102
{ACAD_XDICTIONARY
360
1000042E
102
}
330
1F
100
AcDbEntity
  8
MODELSKETCH_VISIBLE
100
AcDbLine
 10
-12.56000000000003
 20
-22.62
 30
0.0
 11
-12.57000000000002
 21
-22.63
 31
0.0
  0
LINE
  5
10000431
102
{ACAD_XDICTIONARY
360
10000432
102
}
330
1F
100
AcDbEntity
  8
MODELSKETCH_VISIBLE
100
AcDbLine
 10
-12.52000000000004
 20
-22.59999999999999
 30
0.0
 11
-12.56000000000003
 21
-22.62
 31
0.0
  0
LINE
  5
10000435
102
{ACAD_XDICTIONARY
360
10000436
102
}
330
1F
100
AcDbEntity
  8
MODELSKETCH_VISIBLE
100
AcDbLine
 10
-9.600000000000023
 20
-22.59999999999999
 30
0.0
 11
-12.52000000000004
 21
-22.59999999999999
 31
0.0
  0
LINE
  5
10000439
102
{ACAD_XDICTIONARY
360
1000043A
102
}
330
1F
100
AcDbEntity
  8
MODELSKETCH_VISIBLE
100
AcDbLine
 10
-9.600000000000023
 20
-5.179999999999993
 30
0.0
 11
-9.600000000000023
 21
-22.59999999999999
 31
0.0
  0
LINE
  5
1000043D
102
{ACAD_XDICTIONARY
360
1000043E
102
}
330
1F
100
AcDbEntity
  8
MODELSKETCH_VISIBLE
100
AcDbLine
 10
-9.590000000000032
 20
-5.159999999999997
 30
0.0
 11
-9.600000000000023
 21
-5.179999999999993
 31
0.0
  0
LINE
  5
10000441
102
{ACAD_XDICTIONARY
360
10000442
102
}
330
1F
100
AcDbEntity
  8
MODELSKETCH_VISIBLE
100
AcDbLine
 10
-9.580000000000041
 20
-5.149999999999991
 30
0.0
 11
-9.590000000000032
 21
-5.159999999999997
 31
0.0
  0
LINE
  5
10000445
102
{ACAD_XDICTIONARY
360
10000446
102
}
330
1F
100
AcDbEntity
  8
MODELSKETCH_VISIBLE
100
AcDbLine
 10
-9.570000000000022
 20
-5.129999999999995
 30
0.0
 11
-9.580000000000041
 21
-5.149999999999991
 31
0.0
  0
LINE
  5
10000449
102
{ACAD_XDICTIONARY
360
1000044A
102
}
330
1F
100
AcDbEntity
  8
MODELSKETCH_VISIBLE
100
AcDbLine
 10
-9.520000000000039
 20
-5.099999999999994
 30
0.0
 11
-9.56000000000003
 21
-5.11999999999999
 31
0.0
  0
LINE
  5
1000044D
102
{ACAD_XDICTIONARY
360
1000044E
102
}
330
1F
100
AcDbEntity
  8
MODELSKETCH_VISIBLE
100
AcDbLine
 10
29.54999999999998
 20
-5.11999999999999
 30
0.0
 11
29.53999999999997
 21
-5.11
 31
0.0
  0
LINE
  5
10000451
102
{ACAD_XDICTIONARY
360
10000452
102
}
330
1F
100
AcDbEntity
  8
MODELSKETCH_VISIBLE
100
AcDbLine
 10
29.56999999999996
 20
-5.129999999999995
 30
0.0
 11
29.54999999999998
 21
-5.11999999999999
 31
0.0
  0
LINE
  5
10000455
102
{ACAD_XDICTIONARY
360
10000456
102
}
330
1F
100
AcDbEntity
  8
MODELSKETCH_VISIBLE
100
AcDbLine
 10
29.57999999999998
 20
-5.140000000000001
 30
0.0
 11
29.56999999999996
 21
-5.129999999999995
 31
0.0
  0
LINE
  5
10000459
102
{ACAD_XDICTIONARY
360
1000045A
102
}
330
1F
100
AcDbEntity
  8
MODELSKETCH_VISIBLE
100
AcDbLine
 10
29.59999999999997
 20
-5.179999999999993
 30
0.0
 11
29.57999999999998
 21
-5.140000000000001
 31
0.0
  0
LINE
  5
1000045D
102
{ACAD_XDICTIONARY
360
1000045E
102
}
330
1F
100
AcDbEntity
  8
MODELSKETCH_VISIBLE
100
AcDbLine
 10
29.59999999999997
 20
-16.8
 30
0.0
 11
29.59999999999997
 21
-5.179999999999993
 31
0.0
  0
LINE
  5
10000461
102
{ACAD_XDICTIONARY
360
10000462
102
}
330
1F
100
AcDbEntity
  8
MODELSKETCH_VISIBLE
100
AcDbLine
 10
32.53999999999996
 20
-8.61
 30
0.0
 11
32.51999999999998
 21
-8.599999999999994
 31
0.0
  0
LINE
  5
10000465
102
{ACAD_XDICTIONARY
360
10000466
102
}
330
1F
100
AcDbEntity
  8
MODELSKETCH_VISIBLE
100
AcDbLine
 10
32.54999999999998
 20
-8.61999999999999
 30
0.0
 11
32.53999999999996
 21
-8.61
 31
0.0
  0
LINE
  5
10000469
102
{ACAD_XDICTIONARY
360
1000046A
102
}
330
1F
100
AcDbEntity
  8
MODELSKETCH_VISIBLE
100
AcDbLine
 10
32.56999999999996
 20
-8.629999999999995
 30
0.0
 11
32.54999999999998
 21
-8.61999999999999
 31
0.0
  0
LINE
  5
1000046D
102
{ACAD_XDICTIONARY
360
1000046E
102
}
330
1F
100
AcDbEntity
  8
MODELSKETCH_VISIBLE
100
AcDbLine
 10
32.57999999999998
 20
-8.64
 30
0.0
 11
32.56999999999996
 21
-8.629999999999995
 31
0.0
  0
LINE
  5
10000471
102
{ACAD_XDICTIONARY
360
10000472
102
}
330
1F
100
AcDbEntity
  8
MODELSKETCH_VISIBLE
100
AcDbLine
 10
32.59999999999997
 20
-8.679999999999993
 30
0.0
 11
32.57999999999998
 21
-8.64
 31
0.0
  0
LINE
  5
10000475
102
{ACAD_XDICTIONARY
360
10000476
102
}
330
1F
100
AcDbEntity
  8
MODELSKETCH_VISIBLE
100
AcDbLine
 10
32.58999999999997
 20
-16.73999999999999
 30
0.0
 11
32.59999999999997
 21
-16.72
 31
0.0
  0
LINE
  5
10000479
102
{ACAD_XDICTIONARY
360
1000047A
102
}
330
1F
100
AcDbEntity
  8
MODELSKETCH_VISIBLE
100
AcDbLine
 10
32.57999999999998
 20
-16.74999999999999
 30
0.0
 11
32.58999999999997
 21
-16.73999999999999
 31
0.0
  0
LINE
  5
1000047D
102
{ACAD_XDICTIONARY
360
1000047E
102
}
330
1F
100
AcDbEntity
  8
MODELSKETCH_VISIBLE
100
AcDbLine
 10
32.56999999999996
 20
-16.77
 30
0.0
 11
32.57999999999998
 21
-16.74999999999999
 31
0.0
  0
LINE
  5
10000481
102
{ACAD_XDICTIONARY
360
10000482
102
}
330
1F
100
AcDbEntity
  8
MODELSKETCH_VISIBLE
100
AcDbLine
 10
32.55999999999998
 20
-16.77999999999999
 30
0.0
 11
32.56999999999996
 21
-16.77
 31
0.0
  0
LINE
  5
10000485
102
{ACAD_XDICTIONARY
360
10000486
102
}
330
1F
100
AcDbEntity
  8
MODELSKETCH_VISIBLE
100
AcDbLine
 10
32.51999999999998
 20
-16.8
 30
0.0
 11
32.55999999999998
 21
-16.77999999999999
 31
0.0
  0
LINE
  5
10000489
102
{ACAD_XDICTIONARY
360
1000048A
102
}
330
1F
100
AcDbEntity
  8
MODELSKETCH_VISIBLE
100
AcDbLine
 10
32.51999999999998
 20
-24.59999999999999
 30
0.0
 11
29.59999999999997
 21
-24.59999999999999
 31
0.0
  0
LINE
  5
1000048D
102
{ACAD_XDICTIONARY
360
1000048E
102
}
330
1F
100
AcDbEntity
  8
MODELSKETCH_VISIBLE
100
AcDbLine
 10
32.53999999999996
 20
-24.61
 30
0.0
 11
32.51999999999998
 21
-24.59999999999999
 31
0.0
  0
LINE
  5
10000491
102
{ACAD_XDICTIONARY
360
10000492
102
}
330
1F
100
AcDbEntity
  8
MODELSKETCH_VISIBLE
100
AcDbLine
 10
32.54999999999998
 20
-24.62
 30
0.0
 11
32.53999999999996
 21
-24.61
 31
0.0
  0
LINE
  5
10000495
102
{ACAD_XDICTIONARY
360
10000496
102
}
330
1F
100
AcDbEntity
  8
MODELSKETCH_VISIBLE
100
AcDbLine
 10
32.56999999999996
 20
-24.63
 30
0.0
 11
32.54999999999998
 21
-24.62
 31
0.0
  0
LINE
  5
10000499
102
{ACAD_XDICTIONARY
360
1000049A
102
}
330
1F
100
AcDbEntity
  8
MODELSKETCH_VISIBLE
100
AcDbLine
 10
32.57999999999998
 20
-24.63999999999999
 30
0.0
 11
32.56999999999996
 21
-24.63
 31
0.0
  0
LINE
  5
1000049D
102
{ACAD_XDICTIONARY
360
1000049E
102
}
330
1F
100
AcDbEntity
  8
MODELSKETCH_VISIBLE
100
AcDbLine
 10
32.59999999999997
 20
-24.68
 30
0.0
 11
32.57999999999998
 21
-24.63999999999999
 31
0.0
  0
LINE
  5
100004A1
102
{ACAD_XDICTIONARY
360
100004A2
102
}
330
1F
100
AcDbEntity
  8
MODELSKETCH_VISIBLE
100
AcDbLine
 10
32.59999999999997
 20
-32.72
 30
0.0
 11
32.59999999999997
 21
-24.68
 31
0.0
  0
LINE
  5
100004A5
102
{ACAD_XDICTIONARY
360
100004A6
102
}
330
1F
100
AcDbEntity
  8
MODELSKETCH_VISIBLE
100
AcDbLine
 10
32.57999999999998
 20
-32.75
 30
0.0
 11
32.58999999999997
 21
-32.73999999999999
 31
0.0
  0
LINE
  5
100004A9
102
{ACAD_XDICTIONARY
360
100004AA
102
}
330
1F
100
AcDbEntity
  8
MODELSKETCH_VISIBLE
100
AcDbLine
 10
32.56999999999996
 20
-32.77
 30
0.0
 11
32.57999999999998
 21
-32.75
 31
0.0
  0
LINE
  5
100004AD
102
{ACAD_XDICTIONARY
360
100004AE
102
}
330
1F
100
AcDbEntity
  8
MODELSKETCH_VISIBLE
100
AcDbLine
 10
32.55999999999998
 20
-32.77999999999999
 30
0.0
 11
32.56999999999996
 21
-32.77
 31
0.0
  0
LINE
  5
100004B1
102
{ACAD_XDICTIONARY
360
100004B2
102
}
330
1F
100
AcDbEntity
  8
MODELSKETCH_VISIBLE
100
AcDbLine
 10
32.51999999999998
 20
-32.8
 30
0.0
 11
32.55999999999998
 21
-32.77999999999999
 31
0.0
  0
LINE
  5
100004B5
102
{ACAD_XDICTIONARY
360
100004B6
102
}
330
1F
100
AcDbEntity
  8
MODELSKETCH_VISIBLE
100
AcDbLine
 10
29.59999999999997
 20
-32.8
 30
0.0
 11
32.51999999999998
 21
-32.8
 31
0.0
  0
LINE
  5
100004B9
102
{ACAD_XDICTIONARY
360
100004BA
102
}
330
1F
100
AcDbEntity
  8
MODELSKETCH_VISIBLE
100
AcDbLine
 10
29.59999999999997
 20
-40.59999999999999
 30
0.0
 11
29.59999999999997
 21
-32.8
 31
0.0
  0
LINE
  5
100004BD
102
{ACAD_XDICTIONARY
360
100004BE
102
}
330
1F
100
AcDbEntity
  8
MODELSKETCH_VISIBLE
100
AcDbLine
 10
32.51999999999998
 20
-40.59999999999999
 30
0.0
 11
29.59999999999997
 21
-40.59999999999999
 31
0.0
  0
LINE
  5
100004C1
102
{ACAD_XDICTIONARY
360
100004C2
102
}
330
1F
100
AcDbEntity
  8
MODELSKETCH_VISIBLE
100
AcDbLine
 10
32.54999999999998
 20
-40.62
 30
0.0
 11
32.53999999999996
 21
-40.61
 31
0.0
  0
LINE
  5
100004C5
102
{ACAD_XDICTIONARY
360
100004C6
102
}
330
1F
100
AcDbEntity
  8
MODELSKETCH_VISIBLE
100
AcDbLine
 10
32.56999999999996
 20
-40.63
 30
0.0
 11
32.54999999999998
 21
-40.62
 31
0.0
  0
LINE
  5
100004C9
102
{ACAD_XDICTIONARY
360
100004CA
102
}
330
1F
100
AcDbEntity
  8
MODELSKETCH_VISIBLE
100
AcDbLine
 10
32.57999999999998
 20
-40.63999999999999
 30
0.0
 11
32.56999999999996
 21
-40.63
 31
0.0
  0
LINE
  5
100004CD
102
{ACAD_XDICTIONARY
360
100004CE
102
}
330
1F
100
AcDbEntity
  8
MODELSKETCH_VISIBLE
100
AcDbLine
 10
32.59999999999997
 20
-40.67999999999999
 30
0.0
 11
32.57999999999998
 21
-40.63999999999999
 31
0.0
  0
LINE
  5
100004D1
102
{ACAD_XDICTIONARY
360
100004D2
102
}
330
1F
100
AcDbEntity
  8
MODELSKETCH_VISIBLE
100
AcDbLine
 10
32.59999999999997
 20
-48.72
 30
0.0
 11
32.59999999999997
 21
-40.67999999999999
 31
0.0
  0
LINE
  5
100004D5
102
{ACAD_XDICTIONARY
360
100004D6
102
}
330
1F
100
AcDbEntity
  8
MODELSKETCH_VISIBLE
100
AcDbLine
 10
32.58999999999997
 20
-48.74
 30
0.0
 11
32.59999999999997
 21
-48.72
 31
0.0
  0
LINE
  5
100004D9
102
{ACAD_XDICTIONARY
360
100004DA
102
}
330
1F
100
AcDbEntity
  8
MODELSKETCH_VISIBLE
100
AcDbLine
 10
32.57999999999998
 20
-48.75
 30
0.0
 11
32.58999999999997
 21
-48.74
 31
0.0
  0
LINE
  5
100004DD
102
{ACAD_XDICTIONARY
360
100004DE
102
}
330
1F
100
AcDbEntity
  8
MODELSKETCH_VISIBLE
100
AcDbLine
 10
32.56999999999996
 20
-48.77
 30
0.0
 11
32.57999999999998
 21
-48.75
 31
0.0
  0
LINE
  5
100004E1
102
{ACAD_XDICTIONARY
360
100004E2
102
}
330
1F
100
AcDbEntity
  8
MODELSKETCH_VISIBLE
100
AcDbLine
 10
32.55999999999998
 20
-48.78
 30
0.0
 11
32.56999999999996
 21
-48.77
 31
0.0
  0
LINE
  5
100004E5
102
{ACAD_XDICTIONARY
360
100004E6
102
}
330
1F
100
AcDbEntity
  8
MODELSKETCH_VISIBLE
100
AcDbLine
 10
32.51999999999998
 20
-48.8
 30
0.0
 11
32.55999999999998
 21
-48.78
 31
0.0
  0
LINE
  5
100004E9
102
{ACAD_XDICTIONARY
360
100004EA
102
}
330
1F
100
AcDbEntity
  8
MODELSKETCH_VISIBLE
100
AcDbLine
 10
29.59999999999997
 20
-48.8
 30
0.0
 11
32.51999999999998
 21
-48.8
 31
0.0
  0
LINE
  5
100004ED
102
{ACAD_XDICTIONARY
360
100004EE
102
}
330
1F
100
AcDbEntity
  8
MODELSKETCH_VISIBLE
100
AcDbLine
 10
29.59999999999997
 20
-55.22
 30
0.0
 11
29.59999999999997
 21
-48.8
 31
0.0
  0
LINE
  5
100004F1
102
{ACAD_XDICTIONARY
360
100004F2
102
}
330
1F
100
AcDbEntity
  8
MODELSKETCH_VISIBLE
100
AcDbLine
 10
29.58999999999997
 20
-55.23999999999999
 30
0.0
 11
29.59999999999997
 21
-55.22
 31
0.0
  0
LINE
  5
100004F5
102
{ACAD_XDICTIONARY
360
100004F6
102
}
330
1F
100
AcDbEntity
  8
MODELSKETCH_VISIBLE
100
AcDbLine
 10
29.57999999999998
 20
-55.25
 30
0.0
 11
29.58999999999997
 21
-55.23999999999999
 31
0.0
  0
LINE
  5
100004F9
102
{ACAD_XDICTIONARY
360
100004FA
102
}
330
1F
100
AcDbEntity
  8
MODELSKETCH_VISIBLE
100
AcDbLine
 10
29.56999999999996
 20
-55.27
 30
0.0
 11
29.57999999999998
 21
-55.25
 31
0.0
  0
LINE
  5
100004FD
102
{ACAD_XDICTIONARY
360
100004FE
102
}
330
1F
100
AcDbEntity
  8
MODELSKETCH_VISIBLE
100
AcDbLine
 10
29.55999999999997
 20
-55.28
 30
0.0
 11
29.56999999999996
 21
-55.27
 31
0.0
  0
LINE
  5
10000501
102
{ACAD_XDICTIONARY
360
10000502
102
}
330
1F
100
AcDbEntity
  8
MODELSKETCH_VISIBLE
100
AcDbLine
 10
29.51999999999999
 20
-55.3
 30
0.0
 11
29.55999999999997
 21
-55.28
 31
0.0
  0
LINE
  5
10000505
102
{ACAD_XDICTIONARY
360
10000506
102
}
330
1F
100
AcDbEntity
  8
MODELSKETCH_VISIBLE
100
AcDbLine
 10
21.97999999999996
 20
-55.3
 30
0.0
 11
29.51999999999999
 21
-55.3
 31
0.0
  0
LINE
  5
10000509
102
{ACAD_XDICTIONARY
360
1000050A
102
}
330
1F
100
AcDbEntity
  8
MODELSKETCH_VISIBLE
100
AcDbLine
 10
21.95999999999998
 20
-55.28999999999999
 30
0.0
 11
21.97999999999996
 21
-55.3
 31
0.0
  0
LINE
  5
1000050D
102
{ACAD_XDICTIONARY
360
1000050E
102
}
330
1F
100
AcDbEntity
  8
MODELSKETCH_VISIBLE
100
AcDbLine
 10
21.94999999999996
 20
-55.28
 30
0.0
 11
21.95999999999998
 21
-55.28999999999999
 31
0.0
  0
LINE
  5
10000511
102
{ACAD_XDICTIONARY
360
10000512
102
}
330
1F
100
AcDbEntity
  8
MODELSKETCH_VISIBLE
100
AcDbLine
 10
21.92999999999998
 20
-55.27
 30
0.0
 11
21.94999999999996
 21
-55.28
 31
0.0
  0
LINE
  5
10000515
102
{ACAD_XDICTIONARY
360
10000516
102
}
330
1F
100
AcDbEntity
  8
MODELSKETCH_VISIBLE
100
AcDbLine
 10
21.91999999999996
 20
-55.26
 30
0.0
 11
21.92999999999998
 21
-55.27
 31
0.0
  0
LINE
  5
10000519
102
{ACAD_XDICTIONARY
360
1000051A
102
}
330
1F
100
AcDbEntity
  8
MODELSKETCH_VISIBLE
100
AcDbLine
 10
21.89999999999998
 20
-55.22
 30
0.0
 11
21.91999999999996
 21
-55.26
 31
0.0
  0
LINE
  5
1000051D
102
{ACAD_XDICTIONARY
360
1000051E
102
}
330
1F
100
AcDbEntity
  8
MODELSKETCH_VISIBLE
100
AcDbLine
 10
21.89999999999998
 20
-52.3
 30
0.0
 11
21.89999999999998
 21
-55.22
 31
0.0
  0
LINE
  5
10000521
102
{ACAD_XDICTIONARY
360
10000522
102
}
330
1F
100
AcDbEntity
  8
MODELSKETCH_VISIBLE
100
AcDbLine
 10
14.09999999999997
 20
-52.3
 30
0.0
 11
21.89999999999998
 21
-52.3
 31
0.0
  0
LINE
  5
10000525
102
{ACAD_XDICTIONARY
360
10000526
102
}
330
1F
100
AcDbEntity
  8
MODELSKETCH_VISIBLE
100
AcDbLine
 10
14.09999999999997
 20
-55.22
 30
0.0
 11
14.09999999999997
 21
-52.3
 31
0.0
  0
LINE
  5
10000529
102
{ACAD_XDICTIONARY
360
1000052A
102
}
330
1F
100
AcDbEntity
  8
MODELSKETCH_VISIBLE
100
AcDbLine
 10
14.08999999999997
 20
-55.23999999999999
 30
0.0
 11
14.09999999999997
 21
-55.22
 31
0.0
  0
LINE
  5
1000052D
102
{ACAD_XDICTIONARY
360
1000052E
102
}
330
1F
100
AcDbEntity
  8
MODELSKETCH_VISIBLE
100
AcDbLine
 10
14.07999999999998
 20
-55.25
 30
0.0
 11
14.08999999999997
 21
-55.23999999999999
 31
0.0
  0
LINE
  5
10000531
102
{ACAD_XDICTIONARY
360
10000532
102
}
330
1F
100
AcDbEntity
  8
MODELSKETCH_VISIBLE
100
AcDbLine
 10
14.06999999999996
 20
-55.27
 30
0.0
 11
14.07999999999998
 21
-55.25
 31
0.0
  0
LINE
  5
10000535
102
{ACAD_XDICTIONARY
360
10000536
102
}
330
1F
100
AcDbEntity
  8
MODELSKETCH_VISIBLE
100
AcDbLine
 10
14.05999999999997
 20
-55.28
 30
0.0
 11
14.06999999999996
 21
-55.27
 31
0.0
  0
LINE
  5
10000539
102
{ACAD_XDICTIONARY
360
1000053A
102
}
330
1F
100
AcDbEntity
  8
MODELSKETCH_VISIBLE
100
AcDbLine
 10
14.01999999999998
 20
-55.3
 30
0.0
 11
14.05999999999997
 21
-55.28
 31
0.0
  0
LINE
  5
1000053D
102
{ACAD_XDICTIONARY
360
1000053E
102
}
330
1F
100
AcDbEntity
  8
MODELSKETCH_VISIBLE
100
AcDbLine
 10
5.979999999999961
 20
-55.3
 30
0.0
 11
14.01999999999998
 21
-55.3
 31
0.0
  0
LINE
  5
10000541
102
{ACAD_XDICTIONARY
360
10000542
102
}
330
1F
100
AcDbEntity
  8
MODELSKETCH_VISIBLE
100
AcDbLine
 10
5.95999999999998
 20
-55.28999999999999
 30
0.0
 11
5.979999999999961
 21
-55.3
 31
0.0
  0
LINE
  5
10000545
102
{ACAD_XDICTIONARY
360
10000546
102
}
330
1F
100
AcDbEntity
  8
MODELSKETCH_VISIBLE
100
AcDbLine
 10
5.94999999999996
 20
-55.28
 30
0.0
 11
5.95999999999998
 21
-55.28999999999999
 31
0.0
  0
LINE
  5
10000549
102
{ACAD_XDICTIONARY
360
1000054A
102
}
330
1F
100
AcDbEntity
  8
MODELSKETCH_VISIBLE
100
AcDbLine
 10
5.929999999999978
 20
-55.27
 30
0.0
 11
5.94999999999996
 21
-55.28
 31
0.0
  0
LINE
  5
1000054D
102
{ACAD_XDICTIONARY
360
1000054E
102
}
330
1F
100
AcDbEntity
  8
MODELSKETCH_VISIBLE
100
AcDbLine
 10
5.919999999999959
 20
-55.26
 30
0.0
 11
5.929999999999978
 21
-55.27
 31
0.0
  0
LINE
  5
10000551
102
{ACAD_XDICTIONARY
360
10000552
102
}
330
1F
100
AcDbEntity
  8
MODELSKETCH_VISIBLE
100
AcDbLine
 10
5.899999999999977
 20
-55.22
 30
0.0
 11
5.919999999999959
 21
-55.26
 31
0.0
  0
LINE
  5
10000555
102
{ACAD_XDICTIONARY
360
10000556
102
}
330
1F
100
AcDbEntity
  8
MODELSKETCH_VISIBLE
100
AcDbLine
 10
5.899999999999977
 20
-52.3
 30
0.0
 11
5.899999999999977
 21
-55.22
 31
0.0
  0
LINE
  5
10000559
102
{ACAD_XDICTIONARY
360
1000055A
102
}
330
1F
100
AcDbEntity
  8
MODELSKETCH_VISIBLE
100
AcDbLine
 10
-1.900000000000034
 20
-52.3
 30
0.0
 11
5.899999999999978
 21
-52.3
 31
0.0
  0
LINE
  5
1000055D
102
{ACAD_XDICTIONARY
360
1000055E
102
}
330
1F
100
AcDbEntity
  8
MODELSKETCH_VISIBLE
100
AcDbLine
 10
-1.900000000000034
 20
-55.22
 30
0.0
 11
-1.900000000000034
 21
-52.3
 31
0.0
  0
LINE
  5
10000561
102
{ACAD_XDICTIONARY
360
10000562
102
}
330
1F
100
AcDbEntity
  8
MODELSKETCH_VISIBLE
100
AcDbLine
 10
-1.910000000000025
 20
-55.23999999999999
 30
0.0
 11
-1.900000000000034
 21
-55.22
 31
0.0
  0
LINE
  5
10000565
102
{ACAD_XDICTIONARY
360
10000566
102
}
330
1F
100
AcDbEntity
  8
MODELSKETCH_VISIBLE
100
AcDbLine
 10
-1.920000000000016
 20
-55.25
 30
0.0
 11
-1.910000000000025
 21
-55.23999999999999
 31
0.0
  0
LINE
  5
10000569
102
{ACAD_XDICTIONARY
360
1000056A
102
}
330
1F
100
AcDbEntity
  8
MODELSKETCH_VISIBLE
100
AcDbLine
 10
-1.930000000000035
 20
-55.27
 30
0.0
 11
-1.920000000000016
 21
-55.25
 31
0.0
  0
LINE
  5
1000056D
102
{ACAD_XDICTIONARY
360
1000056E
102
}
330
1F
100
AcDbEntity
  8
MODELSKETCH_VISIBLE
100
AcDbLine
 10
-1.940000000000026
 20
-55.28
 30
0.0
 11
-1.930000000000035
 21
-55.27
 31
0.0
  0
LINE
  5
10000571
102
{ACAD_XDICTIONARY
360
10000572
102
}
330
1F
100
AcDbEntity
  8
MODELSKETCH_VISIBLE
100
AcDbLine
 10
-54.30000000000001
 20
-77.60000000000004
 30
0.0
 11
-66.10000000000002
 21
-77.60000000000004
 31
0.0
  0
LINE
  5
10000575
102
{ACAD_XDICTIONARY
360
10000576
102
}
330
1F
100
AcDbEntity
  8
MODELSKETCH_VISIBLE
100
AcDbLine
 10
-54.30000000000001
 20
-74.80000000000004
 30
0.0
 11
-54.30000000000001
 21
-77.60000000000004
 31
0.0
  0
LINE
  5
10000579
102
{ACAD_XDICTIONARY
360
1000057A
102
}
330
1F
100
AcDbEntity
  8
MODELSKETCH_VISIBLE
100
AcDbLine
 10
-66.10000000000002
 20
-74.80000000000004
 30
0.0
 11
-54.30000000000001
 21
-74.80000000000004
 31
0.0
  0
LINE
  5
1000057D
102
{ACAD_XDICTIONARY
360
1000057E
102
}
330
1F
100
AcDbEntity
  8
MODELSKETCH_VISIBLE
100
AcDbLine
 10
-66.10000000000002
 20
-77.60000000000004
 30
0.0
 11
-66.10000000000002
 21
-74.80000000000004
 31
0.0
  0
LINE
  5
10000581
102
{ACAD_XDICTIONARY
360
10000582
102
}
330
1F
100
AcDbEntity
  8
MODELSKETCH_VISIBLE
100
AcDbLine
 10
-30.30000000000001
 20
-77.60000000000004
 30
0.0
 11
-42.10000000000002
 21
-77.60000000000004
 31
0.0
  0
LINE
  5
10000585
102
{ACAD_XDICTIONARY
360
10000586
102
}
330
1F
100
AcDbEntity
  8
MODELSKETCH_VISIBLE
100
AcDbLine
 10
-30.30000000000001
 20
-74.80000000000004
 30
0.0
 11
-30.30000000000001
 21
-77.60000000000004
 31
0.0
  0
LINE
  5
10000589
102
{ACAD_XDICTIONARY
360
1000058A
102
}
330
1F
100
AcDbEntity
  8
MODELSKETCH_VISIBLE
100
AcDbLine
 10
-42.10000000000002
 20
-74.80000000000004
 30
0.0
 11
-30.30000000000001
 21
-74.80000000000004
 31
0.0
  0
LINE
  5
1000058D
102
{ACAD_XDICTIONARY
360
1000058E
102
}
330
1F
100
AcDbEntity
  8
MODELSKETCH_VISIBLE
100
AcDbLine
 10
-42.10000000000002
 20
-77.60000000000004
 30
0.0
 11
-42.10000000000002
 21
-74.80000000000004
 31
0.0
  0
LINE
  5
10000591
102
{ACAD_XDICTIONARY
360
10000592
102
}
330
1F
100
AcDbEntity
  8
MODELSKETCH_VISIBLE
100
AcDbLine
 10
-68.18000000000002
 20
-121.8
 30
0.0
 11
-68.14000000000001
 21
-121.78
 31
0.0
  0
LINE
  5
10000595
102
{ACAD_XDICTIONARY
360
10000596
102
}
330
1F
100
AcDbEntity
  8
MODELSKETCH_VISIBLE
100
AcDbLine
 10
-80.72000000000003
 20
-121.8
 30
0.0
 11
-68.18000000000002
 21
-121.8
 31
0.0
  0
LINE
  5
10000599
102
{ACAD_XDICTIONARY
360
1000059A
102
}
330
1F
100
AcDbEntity
  8
MODELSKETCH_VISIBLE
100
AcDbLine
 10
-80.74000000000001
 20
-121.79
 30
0.0
 11
-80.72000000000003
 21
-121.8
 31
0.0
  0
LINE
  5
1000059D
102
{ACAD_XDICTIONARY
360
1000059E
102
}
330
1F
100
AcDbEntity
  8
MODELSKETCH_VISIBLE
100
AcDbLine
 10
-80.75000000000001
 20
-121.78
 30
0.0
 11
-80.74000000000001
 21
-121.79
 31
0.0
  0
LINE
  5
100005A1
102
{ACAD_XDICTIONARY
360
100005A2
102
}
330
1F
100
AcDbEntity
  8
MODELSKETCH_VISIBLE
100
AcDbLine
 10
-80.77000000000001
 20
-121.77
 30
0.0
 11
-80.75000000000001
 21
-121.78
 31
0.0
  0
LINE
  5
100005A5
102
{ACAD_XDICTIONARY
360
100005A6
102
}
330
1F
100
AcDbEntity
  8
MODELSKETCH_VISIBLE
100
AcDbLine
 10
-80.78000000000002
 20
-121.76
 30
0.0
 11
-80.77000000000001
 21
-121.77
 31
0.0
  0
LINE
  5
100005A9
102
{ACAD_XDICTIONARY
360
100005AA
102
}
330
1F
100
AcDbEntity
  8
MODELSKETCH_VISIBLE
100
AcDbLine
 10
-80.80000000000001
 20
-121.72
 30
0.0
 11
-80.78000000000002
 21
-121.76
 31
0.0
  0
LINE
  5
100005AD
102
{ACAD_XDICTIONARY
360
100005AE
102
}
330
1F
100
AcDbEntity
  8
MODELSKETCH_VISIBLE
100
AcDbLine
 10
-80.80000000000001
 20
-115.18
 30
0.0
 11
-80.80000000000001
 21
-121.72
 31
0.0
  0
LINE
  5
100005B1
102
{ACAD_XDICTIONARY
360
100005B2
102
}
330
1F
100
AcDbEntity
  8
MODELSKETCH_VISIBLE
100
AcDbLine
 10
-80.79000000000003
 20
-115.16
 30
0.0
 11
-80.80000000000001
 21
-115.18
 31
0.0
  0
LINE
  5
100005B5
102
{ACAD_XDICTIONARY
360
100005B6
102
}
330
1F
100
AcDbEntity
  8
MODELSKETCH_VISIBLE
100
AcDbLine
 10
-80.78000000000002
 20
-115.15
 30
0.0
 11
-80.79000000000003
 21
-115.16
 31
0.0
  0
LINE
  5
100005B9
102
{ACAD_XDICTIONARY
360
100005BA
102
}
330
1F
100
AcDbEntity
  8
MODELSKETCH_VISIBLE
100
AcDbLine
 10
-80.77000000000001
 20
-115.13
 30
0.0
 11
-80.78000000000002
 21
-115.15
 31
0.0
  0
LINE
  5
100005BD
102
{ACAD_XDICTIONARY
360
100005BE
102
}
330
1F
100
AcDbEntity
  8
MODELSKETCH_VISIBLE
100
AcDbLine
 10
-80.76000000000002
 20
-115.12
 30
0.0
 11
-80.77000000000001
 21
-115.13
 31
0.0
  0
LINE
  5
100005C1
102
{ACAD_XDICTIONARY
360
100005C2
102
}
330
1F
100
AcDbEntity
  8
MODELSKETCH_VISIBLE
100
AcDbLine
 10
-80.72000000000003
 20
-115.1
 30
0.0
 11
-80.76000000000002
 21
-115.12
 31
0.0
  0
LINE
  5
100005C5
102
{ACAD_XDICTIONARY
360
100005C6
102
}
330
1F
100
AcDbEntity
  8
MODELSKETCH_VISIBLE
100
AcDbLine
 10
-77.80000000000001
 20
-115.1
 30
0.0
 11
-80.72000000000003
 21
-115.1
 31
0.0
  0
LINE
  5
100005C9
102
{ACAD_XDICTIONARY
360
100005CA
102
}
330
1F
100
AcDbEntity
  8
MODELSKETCH_VISIBLE
100
AcDbLine
 10
-77.80000000000001
 20
-107.3
 30
0.0
 11
-77.80000000000001
 21
-115.1
 31
0.0
  0
LINE
  5
100005CD
102
{ACAD_XDICTIONARY
360
100005CE
102
}
330
1F
100
AcDbEntity
  8
MODELSKETCH_VISIBLE
100
AcDbLine
 10
-80.72000000000003
 20
-107.3
 30
0.0
 11
-77.80000000000001
 21
-107.3
 31
0.0
  0
LINE
  5
100005D1
102
{ACAD_XDICTIONARY
360
100005D2
102
}
330
1F
100
AcDbEntity
  8
MODELSKETCH_VISIBLE
100
AcDbLine
 10
-80.74000000000001
 20
-107.29
 30
0.0
 11
-80.72000000000003
 21
-107.3
 31
0.0
  0
LINE
  5
100005D5
102
{ACAD_XDICTIONARY
360
100005D6
102
}
330
1F
100
AcDbEntity
  8
MODELSKETCH_VISIBLE
100
AcDbLine
 10
-80.75000000000001
 20
-107.28
 30
0.0
 11
-80.74000000000001
 21
-107.29
 31
0.0
  0
LINE
  5
100005D9
102
{ACAD_XDICTIONARY
360
100005DA
102
}
330
1F
100
AcDbEntity
  8
MODELSKETCH_VISIBLE
100
AcDbLine
 10
-80.77000000000001
 20
-107.27
 30
0.0
 11
-80.75000000000001
 21
-107.28
 31
0.0
  0
LINE
  5
100005DD
102
{ACAD_XDICTIONARY
360
100005DE
102
}
330
1F
100
AcDbEntity
  8
MODELSKETCH_VISIBLE
100
AcDbLine
 10
-80.78000000000002
 20
-107.26
 30
0.0
 11
-80.77000000000001
 21
-107.27
 31
0.0
  0
LINE
  5
100005E1
102
{ACAD_XDICTIONARY
360
100005E2
102
}
330
1F
100
AcDbEntity
  8
MODELSKETCH_VISIBLE
100
AcDbLine
 10
-80.80000000000001
 20
-107.22
 30
0.0
 11
-80.78000000000002
 21
-107.26
 31
0.0
  0
LINE
  5
100005E5
102
{ACAD_XDICTIONARY
360
100005E6
102
}
330
1F
100
AcDbEntity
  8
MODELSKETCH_VISIBLE
100
AcDbLine
 10
-80.80000000000001
 20
-99.18000000000002
 30
0.0
 11
-80.80000000000001
 21
-107.22
 31
0.0
  0
LINE
  5
100005E9
102
{ACAD_XDICTIONARY
360
100005EA
102
}
330
1F
100
AcDbEntity
  8
MODELSKETCH_VISIBLE
100
AcDbLine
 10
-80.79000000000003
 20
-99.16000000000003
 30
0.0
 11
-80.80000000000001
 21
-99.18000000000002
 31
0.0
  0
LINE
  5
100005ED
102
{ACAD_XDICTIONARY
360
100005EE
102
}
330
1F
100
AcDbEntity
  8
MODELSKETCH_VISIBLE
100
AcDbLine
 10
-80.78000000000002
 20
-99.15000000000002
 30
0.0
 11
-80.79000000000003
 21
-99.16000000000003
 31
0.0
  0
LINE
  5
100005F1
102
{ACAD_XDICTIONARY
360
100005F2
102
}
330
1F
100
AcDbEntity
  8
MODELSKETCH_VISIBLE
100
AcDbLine
 10
-80.77000000000001
 20
-99.13000000000002
 30
0.0
 11
-80.78000000000002
 21
-99.15000000000002
 31
0.0
  0
LINE
  5
100005F5
102
{ACAD_XDICTIONARY
360
100005F6
102
}
330
1F
100
AcDbEntity
  8
MODELSKETCH_VISIBLE
100
AcDbLine
 10
-80.76000000000002
 20
-99.12000000000003
 30
0.0
 11
-80.77000000000001
 21
-99.13000000000002
 31
0.0
  0
LINE
  5
100005F9
102
{ACAD_XDICTIONARY
360
100005FA
102
}
330
1F
100
AcDbEntity
  8
MODELSKETCH_VISIBLE
100
AcDbLine
 10
-80.72000000000003
 20
-99.10000000000002
 30
0.0
 11
-80.76000000000002
 21
-99.12000000000003
 31
0.0
  0
LINE
  5
100005FD
102
{ACAD_XDICTIONARY
360
100005FE
102
}
330
1F
100
AcDbEntity
  8
MODELSKETCH_VISIBLE
100
AcDbLine
 10
-77.80000000000001
 20
-99.10000000000002
 30
0.0
 11
-80.72000000000003
 21
-99.10000000000002
 31
0.0
  0
LINE
  5
10000601
102
{ACAD_XDICTIONARY
360
10000602
102
}
330
1F
100
AcDbEntity
  8
MODELSKETCH_VISIBLE
100
AcDbLine
 10
-77.80000000000001
 20
-91.30000000000004
 30
0.0
 11
-77.80000000000001
 21
-99.10000000000004
 31
0.0
  0
LINE
  5
10000605
102
{ACAD_XDICTIONARY
360
10000606
102
}
330
1F
100
AcDbEntity
  8
MODELSKETCH_VISIBLE
100
AcDbLine
 10
-80.72000000000003
 20
-91.30000000000004
 30
0.0
 11
-77.80000000000001
 21
-91.30000000000004
 31
0.0
  0
LINE
  5
10000609
102
{ACAD_XDICTIONARY
360
1000060A
102
}
330
1F
100
AcDbEntity
  8
MODELSKETCH_VISIBLE
100
AcDbLine
 10
-80.74000000000001
 20
-91.29000000000002
 30
0.0
 11
-80.72000000000003
 21
-91.30000000000004
 31
0.0
  0
LINE
  5
1000060D
102
{ACAD_XDICTIONARY
360
1000060E
102
}
330
1F
100
AcDbEntity
  8
MODELSKETCH_VISIBLE
100
AcDbLine
 10
-80.75000000000001
 20
-91.28000000000003
 30
0.0
 11
-80.74000000000001
 21
-91.29000000000003
 31
0.0
  0
LINE
  5
10000611
102
{ACAD_XDICTIONARY
360
10000612
102
}
330
1F
100
AcDbEntity
  8
MODELSKETCH_VISIBLE
100
AcDbLine
 10
-80.76865902662277
 20
-91.27000000000004
 30
0.0
 11
-80.75000000000001
 21
-91.28000000000003
 31
0.0
  0
LINE
  5
10000615
102
{ACAD_XDICTIONARY
360
10000616
102
}
330
1F
100
AcDbEntity
  8
MODELSKETCH_VISIBLE
100
AcDbLine
 10
-80.77865902662278
 20
-91.26000000000002
 30
0.0
 11
-80.76865902662277
 21
-91.27000000000002
 31
0.0
  0
LINE
  5
10000619
102
{ACAD_XDICTIONARY
360
1000061A
102
}
330
1F
100
AcDbEntity
  8
MODELSKETCH_VISIBLE
100
AcDbLine
 10
-80.79865902662277
 20
-91.22000000000003
 30
0.0
 11
-80.77865902662278
 21
-91.26000000000002
 31
0.0
  0
LINE
  5
1000061D
102
{ACAD_XDICTIONARY
360
1000061E
102
}
330
1F
100
AcDbEntity
  8
MODELSKETCH_VISIBLE
100
AcDbLine
 10
-80.79865902662277
 20
-83.18000000000004
 30
0.0
 11
-80.79865902662277
 21
-91.22000000000004
 31
0.0
  0
LINE
  5
10000621
102
{ACAD_XDICTIONARY
360
10000622
102
}
330
1F
100
AcDbEntity
  8
MODELSKETCH_VISIBLE
100
AcDbLine
 10
-15.68000000000001
 20
-71.60000000000002
 30
0.0
 11
-80.72000000000001
 21
-71.60000000000002
 31
0.0
  0
LINE
  5
10000625
102
{ACAD_XDICTIONARY
360
10000626
102
}
330
1F
100
AcDbEntity
  8
MODELSKETCH_VISIBLE
100
AcDbLine
 10
-15.66000000000003
 20
-71.61000000000003
 30
0.0
 11
-15.68000000000001
 21
-71.60000000000002
 31
0.0
  0
LINE
  5
10000629
102
{ACAD_XDICTIONARY
360
1000062A
102
}
330
1F
100
AcDbEntity
  8
MODELSKETCH_VISIBLE
100
AcDbLine
 10
-15.65000000000001
 20
-71.62000000000002
 30
0.0
 11
-15.66000000000003
 21
-71.61000000000003
 31
0.0
  0
LINE
  5
1000062D
102
{ACAD_XDICTIONARY
360
1000062E
102
}
330
1F
100
AcDbEntity
  8
MODELSKETCH_VISIBLE
100
AcDbLine
 10
-15.63000000000003
 20
-71.63000000000002
 30
0.0
 11
-15.65000000000001
 21
-71.62000000000002
 31
0.0
  0
LINE
  5
10000631
102
{ACAD_XDICTIONARY
360
10000632
102
}
330
1F
100
AcDbEntity
  8
MODELSKETCH_VISIBLE
100
AcDbLine
 10
-15.62000000000003
 20
-71.64000000000004
 30
0.0
 11
-15.63000000000003
 21
-71.63000000000002
 31
0.0
  0
LINE
  5
10000635
102
{ACAD_XDICTIONARY
360
10000636
102
}
330
1F
100
AcDbEntity
  8
MODELSKETCH_VISIBLE
100
AcDbLine
 10
-15.60000000000002
 20
-71.68000000000002
 30
0.0
 11
-15.62000000000004
 21
-71.64000000000003
 31
0.0
  0
LINE
  5
10000639
102
{ACAD_XDICTIONARY
360
1000063A
102
}
330
1F
100
AcDbEntity
  8
MODELSKETCH_VISIBLE
100
AcDbLine
 10
-15.60000000000002
 20
-75.22000000000004
 30
0.0
 11
-15.60000000000002
 21
-71.68000000000004
 31
0.0
  0
LINE
  5
1000063D
102
{ACAD_XDICTIONARY
360
1000063E
102
}
330
1F
100
AcDbEntity
  8
MODELSKETCH_VISIBLE
100
AcDbLine
 10
-15.61000000000001
 20
-75.24000000000002
 30
0.0
 11
-15.60000000000002
 21
-75.22000000000004
 31
0.0
  0
LINE
  5
10000641
102
{ACAD_XDICTIONARY
360
10000642
102
}
330
1F
100
AcDbEntity
  8
MODELSKETCH_VISIBLE
100
AcDbLine
 10
-15.63000000000003
 20
-75.27000000000002
 30
0.0
 11
-15.62000000000003
 21
-75.25000000000004
 31
0.0
  0
LINE
  5
10000645
102
{ACAD_XDICTIONARY
360
10000646
102
}
330
1F
100
AcDbEntity
  8
MODELSKETCH_VISIBLE
100
AcDbLine
 10
-15.64000000000001
 20
-75.28000000000003
 30
0.0
 11
-15.63000000000003
 21
-75.27000000000002
 31
0.0
  0
LINE
  5
10000649
102
{ACAD_XDICTIONARY
360
1000064A
102
}
330
1F
100
AcDbEntity
  8
MODELSKETCH_VISIBLE
100
AcDbLine
 10
-15.68000000000001
 20
-75.30000000000004
 30
0.0
 11
-15.64000000000001
 21
-75.28000000000003
 31
0.0
  0
LINE
  5
1000064D
102
{ACAD_XDICTIONARY
360
1000064E
102
}
330
1F
100
AcDbEntity
  8
MODELSKETCH_VISIBLE
100
AcDbLine
 10
-18.60000000000002
 20
-75.30000000000004
 30
0.0
 11
-15.68000000000001
 21
-75.30000000000004
 31
0.0
  0
LINE
  5
10000651
102
{ACAD_XDICTIONARY
360
10000652
102
}
330
1F
100
AcDbEntity
  8
MODELSKETCH_VISIBLE
100
AcDbLine
 10
-18.60000000000002
 20
-83.10000000000002
 30
0.0
 11
-18.60000000000002
 21
-75.30000000000003
 31
0.0
  0
LINE
  5
10000655
102
{ACAD_XDICTIONARY
360
10000656
102
}
330
1F
100
AcDbEntity
  8
MODELSKETCH_VISIBLE
100
AcDbLine
 10
-15.68000000000001
 20
-83.10000000000002
 30
0.0
 11
-18.60000000000002
 21
-83.10000000000002
 31
0.0
  0
LINE
  5
10000659
102
{ACAD_XDICTIONARY
360
1000065A
102
}
330
1F
100
AcDbEntity
  8
MODELSKETCH_VISIBLE
100
AcDbLine
 10
-15.66000000000003
 20
-83.11000000000003
 30
0.0
 11
-15.68000000000001
 21
-83.10000000000002
 31
0.0
  0
LINE
  5
1000065D
102
{ACAD_XDICTIONARY
360
1000065E
102
}
330
1F
100
AcDbEntity
  8
MODELSKETCH_VISIBLE
100
AcDbLine
 10
-15.63000000000003
 20
-83.13000000000002
 30
0.0
 11
-15.65000000000001
 21
-83.12000000000003
 31
0.0
  0
LINE
  5
10000661
102
{ACAD_XDICTIONARY
360
10000662
102
}
330
1F
100
AcDbEntity
  8
MODELSKETCH_VISIBLE
100
AcDbLine
 10
-15.62000000000003
 20
-83.14000000000001
 30
0.0
 11
-15.63000000000003
 21
-83.13000000000002
 31
0.0
  0
LINE
  5
10000665
102
{ACAD_XDICTIONARY
360
10000666
102
}
330
1F
100
AcDbEntity
  8
MODELSKETCH_VISIBLE
100
AcDbLine
 10
-15.60000000000002
 20
-83.18000000000004
 30
0.0
 11
-15.62000000000003
 21
-83.14000000000003
 31
0.0
  0
LINE
  5
10000669
102
{ACAD_XDICTIONARY
360
1000066A
102
}
330
1F
100
AcDbEntity
  8
MODELSKETCH_VISIBLE
100
AcDbLine
 10
-15.60000000000002
 20
-91.22000000000003
 30
0.0
 11
-15.60000000000002
 21
-83.18000000000002
 31
0.0
  0
LINE
  5
1000066D
102
{ACAD_XDICTIONARY
360
1000066E
102
}
330
1F
100
AcDbEntity
  8
MODELSKETCH_VISIBLE
100
AcDbLine
 10
-15.61000000000001
 20
-91.24000000000002
 30
0.0
 11
-15.60000000000002
 21
-91.22000000000003
 31
0.0
  0
LINE
  5
10000671
102
{ACAD_XDICTIONARY
360
10000672
102
}
330
1F
100
AcDbEntity
  8
MODELSKETCH_VISIBLE
100
AcDbLine
 10
-15.62000000000003
 20
-91.25000000000003
 30
0.0
 11
-15.61000000000001
 21
-91.24000000000001
 31
0.0
  0
LINE
  5
10000675
102
{ACAD_XDICTIONARY
360
10000676
102
}
330
1F
100
AcDbEntity
  8
MODELSKETCH_VISIBLE
100
AcDbLine
 10
-15.63000000000003
 20
-91.27000000000004
 30
0.0
 11
-15.62000000000003
 21
-91.25000000000003
 31
0.0
  0
LINE
  5
10000679
102
{ACAD_XDICTIONARY
360
1000067A
102
}
330
1F
100
AcDbEntity
  8
MODELSKETCH_VISIBLE
100
AcDbLine
 10
-15.68000000000001
 20
-91.30000000000004
 30
0.0
 11
-15.64000000000001
 21
-91.28000000000003
 31
0.0
  0
LINE
  5
1000067D
102
{ACAD_XDICTIONARY
360
1000067E
102
}
330
1F
100
AcDbEntity
  8
MODELSKETCH_VISIBLE
100
AcDbLine
 10
-18.60000000000002
 20
-91.30000000000004
 30
0.0
 11
-15.68000000000001
 21
-91.30000000000004
 31
0.0
  0
LINE
  5
10000681
102
{ACAD_XDICTIONARY
360
10000682
102
}
330
1F
100
AcDbEntity
  8
MODELSKETCH_VISIBLE
100
AcDbLine
 10
-18.60000000000002
 20
-99.10000000000002
 30
0.0
 11
-18.60000000000002
 21
-91.30000000000003
 31
0.0
  0
LINE
  5
10000685
102
{ACAD_XDICTIONARY
360
10000686
102
}
330
1F
100
AcDbEntity
  8
MODELSKETCH_VISIBLE
100
AcDbLine
 10
-15.68000000000001
 20
-99.10000000000002
 30
0.0
 11
-18.60000000000002
 21
-99.10000000000002
 31
0.0
  0
LINE
  5
10000689
102
{ACAD_XDICTIONARY
360
1000068A
102
}
330
1F
100
AcDbEntity
  8
MODELSKETCH_VISIBLE
100
AcDbLine
 10
-15.66000000000003
 20
-99.11000000000003
 30
0.0
 11
-15.68000000000001
 21
-99.10000000000002
 31
0.0
  0
LINE
  5
1000068D
102
{ACAD_XDICTIONARY
360
1000068E
102
}
330
1F
100
AcDbEntity
  8
MODELSKETCH_VISIBLE
100
AcDbLine
 10
-15.65000000000001
 20
-99.12000000000003
 30
0.0
 11
-15.66000000000003
 21
-99.11000000000003
 31
0.0
  0
LINE
  5
10000691
102
{ACAD_XDICTIONARY
360
10000692
102
}
330
1F
100
AcDbEntity
  8
MODELSKETCH_VISIBLE
100
AcDbLine
 10
-15.63000000000003
 20
-99.13000000000002
 30
0.0
 11
-15.65000000000001
 21
-99.12000000000002
 31
0.0
  0
LINE
  5
10000695
102
{ACAD_XDICTIONARY
360
10000696
102
}
330
1F
100
AcDbEntity
  8
MODELSKETCH_VISIBLE
100
AcDbLine
 10
-15.62000000000003
 20
-99.14000000000003
 30
0.0
 11
-15.63000000000003
 21
-99.13000000000002
 31
0.0
  0
LINE
  5
10000699
102
{ACAD_XDICTIONARY
360
1000069A
102
}
330
1F
100
AcDbEntity
  8
MODELSKETCH_VISIBLE
100
AcDbLine
 10
-15.60000000000002
 20
-99.18000000000002
 30
0.0
 11
-15.62000000000004
 21
-99.14000000000001
 31
0.0
  0
LINE
  5
1000069D
102
{ACAD_XDICTIONARY
360
1000069E
102
}
330
1F
100
AcDbEntity
  8
MODELSKETCH_VISIBLE
100
AcDbLine
 10
-15.60000000000002
 20
-107.22
 30
0.0
 11
-15.60000000000002
 21
-99.18000000000004
 31
0.0
  0
LINE
  5
100006A1
102
{ACAD_XDICTIONARY
360
100006A2
102
}
330
1F
100
AcDbEntity
  8
MODELSKETCH_VISIBLE
100
AcDbLine
 10
-15.61000000000001
 20
-107.24
 30
0.0
 11
-15.60000000000003
 21
-107.22
 31
0.0
  0
LINE
  5
100006A5
102
{ACAD_XDICTIONARY
360
100006A6
102
}
330
1F
100
AcDbEntity
  8
MODELSKETCH_VISIBLE
100
AcDbLine
 10
-15.62000000000003
 20
-107.25
 30
0.0
 11
-15.61000000000001
 21
-107.24
 31
0.0
  0
LINE
  5
100006A9
102
{ACAD_XDICTIONARY
360
100006AA
102
}
330
1F
100
AcDbEntity
  8
MODELSKETCH_VISIBLE
100
AcDbLine
 10
-15.63000000000003
 20
-107.27
 30
0.0
 11
-15.62000000000003
 21
-107.25
 31
0.0
  0
LINE
  5
100006AD
102
{ACAD_XDICTIONARY
360
100006AE
102
}
330
1F
100
AcDbEntity
  8
MODELSKETCH_VISIBLE
100
AcDbLine
 10
-15.64000000000001
 20
-107.28
 30
0.0
 11
-15.63000000000003
 21
-107.27
 31
0.0
  0
LINE
  5
100006B1
102
{ACAD_XDICTIONARY
360
100006B2
102
}
330
1F
100
AcDbEntity
  8
MODELSKETCH_VISIBLE
100
AcDbLine
 10
-15.68000000000001
 20
-107.3
 30
0.0
 11
-15.64000000000002
 21
-107.28
 31
0.0
  0
LINE
  5
100006B5
102
{ACAD_XDICTIONARY
360
100006B6
102
}
330
1F
100
AcDbEntity
  8
MODELSKETCH_VISIBLE
100
AcDbLine
 10
-18.60000000000002
 20
-107.3
 30
0.0
 11
-15.68000000000001
 21
-107.3
 31
0.0
  0
LINE
  5
100006B9
102
{ACAD_XDICTIONARY
360
100006BA
102
}
330
1F
100
AcDbEntity
  8
MODELSKETCH_VISIBLE
100
AcDbLine
 10
-18.60000000000002
 20
-115.1
 30
0.0
 11
-18.60000000000002
 21
-107.3
 31
0.0
  0
LINE
  5
100006BD
102
{ACAD_XDICTIONARY
360
100006BE
102
}
330
1F
100
AcDbEntity
  8
MODELSKETCH_VISIBLE
100
AcDbLine
 10
-15.68000000000001
 20
-115.1
 30
0.0
 11
-18.60000000000002
 21
-115.1
 31
0.0
  0
LINE
  5
100006C1
102
{ACAD_XDICTIONARY
360
100006C2
102
}
330
1F
100
AcDbEntity
  8
MODELSKETCH_VISIBLE
100
AcDbLine
 10
-15.66000000000003
 20
-115.11
 30
0.0
 11
-15.68000000000001
 21
-115.1
 31
0.0
  0
LINE
  5
100006C5
102
{ACAD_XDICTIONARY
360
100006C6
102
}
330
1F
100
AcDbEntity
  8
MODELSKETCH_VISIBLE
100
AcDbLine
 10
-15.65000000000001
 20
-115.12
 30
0.0
 11
-15.66000000000003
 21
-115.11
 31
0.0
  0
LINE
  5
100006C9
102
{ACAD_XDICTIONARY
360
100006CA
102
}
330
1F
100
AcDbEntity
  8
MODELSKETCH_VISIBLE
100
AcDbLine
 10
-15.63000000000003
 20
-115.13
 30
0.0
 11
-15.65000000000001
 21
-115.12
 31
0.0
  0
LINE
  5
100006CD
102
{ACAD_XDICTIONARY
360
100006CE
102
}
330
1F
100
AcDbEntity
  8
MODELSKETCH_VISIBLE
100
AcDbLine
 10
-15.62000000000003
 20
-115.14
 30
0.0
 11
-15.63000000000002
 21
-115.13
 31
0.0
  0
LINE
  5
100006D1
102
{ACAD_XDICTIONARY
360
100006D2
102
}
330
1F
100
AcDbEntity
  8
MODELSKETCH_VISIBLE
100
AcDbLine
 10
-15.60000000000002
 20
-115.18
 30
0.0
 11
-15.62000000000004
 21
-115.14
 31
0.0
  0
LINE
  5
100006D5
102
{ACAD_XDICTIONARY
360
100006D6
102
}
330
1F
100
AcDbEntity
  8
MODELSKETCH_VISIBLE
100
AcDbLine
 10
-15.60000000000002
 20
-121.72
 30
0.0
 11
-15.60000000000002
 21
-115.18
 31
0.0
  0
LINE
  5
100006D9
102
{ACAD_XDICTIONARY
360
100006DA
102
}
330
1F
100
AcDbEntity
  8
MODELSKETCH_VISIBLE
100
AcDbLine
 10
-15.61000000000001
 20
-121.74
 30
0.0
 11
-15.60000000000002
 21
-121.72
 31
0.0
  0
LINE
  5
100006DD
102
{ACAD_XDICTIONARY
360
100006DE
102
}
330
1F
100
AcDbEntity
  8
MODELSKETCH_VISIBLE
100
AcDbLine
 10
-15.62000000000003
 20
-121.75
 30
0.0
 11
-15.61000000000001
 21
-121.74
 31
0.0
  0
LINE
  5
100006E1
102
{ACAD_XDICTIONARY
360
100006E2
102
}
330
1F
100
AcDbEntity
  8
MODELSKETCH_VISIBLE
100
AcDbLine
 10
-15.63000000000003
 20
-121.77
 30
0.0
 11
-15.62000000000003
 21
-121.75
 31
0.0
  0
LINE
  5
100006E5
102
{ACAD_XDICTIONARY
360
100006E6
102
}
330
1F
100
AcDbEntity
  8
MODELSKETCH_VISIBLE
100
AcDbLine
 10
-15.64000000000001
 20
-121.78
 30
0.0
 11
-15.63000000000002
 21
-121.77
 31
0.0
  0
LINE
  5
100006E9
102
{ACAD_XDICTIONARY
360
100006EA
102
}
330
1F
100
AcDbEntity
  8
MODELSKETCH_VISIBLE
100
AcDbLine
 10
-15.68000000000001
 20
-121.8
 30
0.0
 11
-15.64000000000001
 21
-121.78
 31
0.0
  0
LINE
  5
100006ED
102
{ACAD_XDICTIONARY
360
100006EE
102
}
330
1F
100
AcDbEntity
  8
MODELSKETCH_VISIBLE
100
AcDbLine
 10
-28.22000000000001
 20
-121.8
 30
0.0
 11
-15.68000000000001
 21
-121.8
 31
0.0
  0
LINE
  5
100006F1
102
{ACAD_XDICTIONARY
360
100006F2
102
}
330
1F
100
AcDbEntity
  8
MODELSKETCH_VISIBLE
100
AcDbLine
 10
-94.79865902662277
 20
-83.80000000000004
 30
0.0
 11
-94.79865902662277
 21
-86.80000000000004
 31
0.0
  0
LINE
  5
100006F5
102
{ACAD_XDICTIONARY
360
100006F6
102
}
330
1F
100
AcDbEntity
  8
MODELSKETCH_VISIBLE
100
AcDbLine
 10
-94.79865902662277
 20
-86.80000000000004
 30
0.0
 11
-89.79865902662276
 21
-86.80000000000004
 31
0.0
  0
LINE
  5
100006F9
102
{ACAD_XDICTIONARY
360
100006FA
102
}
330
1F
100
AcDbEntity
  8
MODELSKETCH_VISIBLE
100
AcDbLine
 10
-89.79865902662276
 20
-83.80000000000004
 30
0.0
 11
-80.79865902662277
 21
-83.80000000000004
 31
0.0
  0
LINE
  5
100006FD
102
{ACAD_XDICTIONARY
360
100006FE
102
}
330
1F
100
AcDbEntity
  8
MODELSKETCH_VISIBLE
100
AcDbLine
 10
24.98050337135788
 20
-45.48910828291665
 30
0.0
 11
17.39424908161163
 21
-45.48910828291665
 31
0.0
  0
LINE
  5
10000701
102
{ACAD_XDICTIONARY
360
10000702
102
}
330
1F
100
AcDbEntity
  8
MODELSKETCH_VISIBLE
100
AcDbLine
 10
80.78
 20
-40.63999999999999
 30
0.0
 11
80.76999999999998
 21
-40.63
 31
0.0
  0
CIRCLE
  5
10000705
102
{ACAD_XDICTIONARY
360
10000706
102
}
330
1F
100
AcDbEntity
  8
MODELSKETCH_VISIBLE
100
AcDbCircle
 10
-22.89206415832068
 20
-18.12977623343467
 30
0.0
 40
0.6500000000000001
  0
LINE
  5
10000709
102
{ACAD_XDICTIONARY
360
1000070A
102
}
330
1F
100
AcDbEntity
  8
MODELSKETCH_VISIBLE
100
AcDbLine
 10
26.48050337135788
 20
-49.06953017711639
 30
0.0
 11
26.48050337135788
 21
-46.98910828291665
 31
0.0
  0
ARC
  5
1000070D
102
{ACAD_XDICTIONARY
360
1000070E
102
}
330
1F
100
AcDbEntity
  8
MODELSKETCH_VISIBLE
100
AcDbCircle
 10
17.39424908161163
 20
-46.98910828291665
 30
0.0
 40
1.5
100
AcDbArc
 50
90.0
 51
180.0
  0
ARC
  5
10000711
102
{ACAD_XDICTIONARY
360
10000712
102
}
330
1F
100
AcDbEntity
  8
MODELSKETCH_VISIBLE
100
AcDbCircle
 10
17.39424908161163
 20
-49.06953017711639
 30
0.0
 40
1.5
100
AcDbArc
 50
180.0
 51
270.0
  0
ARC
  5
10000715
102
{ACAD_XDICTIONARY
360
10000716
102
}
330
1F
100
AcDbEntity
  8
MODELSKETCH_VISIBLE
100
AcDbCircle
 10
24.98050337135788
 20
-46.98910828291665
 30
0.0
 40
1.5
100
AcDbArc
 50
0.0
 51
90.0
  0
LINE
  5
10000719
102
{ACAD_XDICTIONARY
360
1000071A
102
}
330
1F
100
AcDbEntity
  8
MODELSKETCH_VISIBLE
100
AcDbLine
 10
88.57235312461853
 20
23.8
 30
0.0
 11
88.57235312461853
 21
20.2
 31
0.0
  0
LINE
  5
1000071D
102
{ACAD_XDICTIONARY
360
1000071E
102
}
330
1F
100
AcDbEntity
  8
MODELSKETCH_VISIBLE
100
AcDbLine
 10
88.57235312461853
 20
20.2
 30
0.0
 11
85.57235312461853
 21
20.2
 31
0.0
  0
LINE
  5
10000721
102
{ACAD_XDICTIONARY
360
10000722
102
}
330
1F
100
AcDbEntity
  8
MODELSKETCH_VISIBLE
100
AcDbLine
 10
80.76
 20
-32.77999999999999
 30
0.0
 11
80.76999999999998
 21
-32.77
 31
0.0
  0
CIRCLE
  5
10000725
102
{ACAD_XDICTIONARY
360
10000726
102
}
330
1F
100
AcDbEntity
  8
MODELSKETCH_VISIBLE
100
AcDbCircle
 10
-38.1320641583206
 20
-43.52977623343467
 30
0.0
 40
0.6500000000000001
  0
LINE
  5
10000729
102
{ACAD_XDICTIONARY
360
1000072A
102
}
330
1F
100
AcDbEntity
  8
MODELSKETCH_VISIBLE
100
AcDbLine
 10
85.57235312461853
 20
20.2
 30
0.0
 11
85.57235312461853
 21
15.2
 31
0.0
  0
LINE
  5
1000072D
102
{ACAD_XDICTIONARY
360
1000072E
102
}
330
1F
100
AcDbEntity
  8
MODELSKETCH_VISIBLE
100
AcDbLine
 10
85.57235312461853
 20
15.2
 30
0.0
 11
88.57235312461853
 21
15.2
 31
0.0
  0
LINE
  5
10000731
102
{ACAD_XDICTIONARY
360
10000732
102
}
330
1F
100
AcDbEntity
  8
MODELSKETCH_VISIBLE
100
AcDbLine
 10
88.57235312461853
 20
15.2
 30
0.0
 11
88.57235312461853
 21
11.60000000000001
 31
0.0
  0
LINE
  5
10000735
102
{ACAD_XDICTIONARY
360
10000736
102
}
330
1F
100
AcDbEntity
  8
MODELSKETCH_VISIBLE
100
AcDbLine
 10
127.7723531246185
 20
11.60000000000001
 30
0.0
 11
127.7723531246185
 21
15.2
 31
0.0
  0
LINE
  5
10000739
102
{ACAD_XDICTIONARY
360
1000073A
102
}
330
1F
100
AcDbEntity
  8
MODELSKETCH_VISIBLE
100
AcDbLine
 10
127.7723531246185
 20
15.2
 30
0.0
 11
130.7723531246185
 21
15.2
 31
0.0
  0
LINE
  5
1000073D
102
{ACAD_XDICTIONARY
360
1000073E
102
}
330
1F
100
AcDbEntity
  8
MODELSKETCH_VISIBLE
100
AcDbLine
 10
130.7723531246185
 20
20.2
 30
0.0
 11
127.7723531246185
 21
20.2
 31
0.0
  0
LINE
  5
10000741
102
{ACAD_XDICTIONARY
360
10000742
102
}
330
1F
100
AcDbEntity
  8
MODELSKETCH_VISIBLE
100
AcDbLine
 10
127.7723531246185
 20
20.2
 30
0.0
 11
127.7723531246185
 21
23.8
 31
0.0
  0
LINE
  5
10000745
102
{ACAD_XDICTIONARY
360
10000746
102
}
330
1F
100
AcDbEntity
  8
MODELSKETCH_VISIBLE
100
AcDbLine
 10
88.57235312461853
 20
11.60000000000001
 30
0.0
 11
102.2723531246185
 21
11.60000000000001
 31
0.0
  0
LINE
  5
10000749
102
{ACAD_XDICTIONARY
360
1000074A
102
}
330
1F
100
AcDbEntity
  8
MODELSKETCH_VISIBLE
100
AcDbLine
 10
114.0723531246185
 20
11.60000000000002
 30
0.0
 11
127.7723531246185
 21
11.60000000000002
 31
0.0
  0
LINE
  5
1000074D
102
{ACAD_XDICTIONARY
360
1000074E
102
}
330
1F
100
AcDbEntity
  8
MODELSKETCH_VISIBLE
100
AcDbLine
 10
102.2723531246185
 20
11.60000000000001
 30
0.0
 11
102.2723531246185
 21
8.600000000000021
 31
0.0
  0
LINE
  5
10000751
102
{ACAD_XDICTIONARY
360
10000752
102
}
330
1F
100
AcDbEntity
  8
MODELSKETCH_VISIBLE
100
AcDbLine
 10
102.2723531246185
 20
8.600000000000021
 30
0.0
 11
114.0723531246185
 21
8.600000000000021
 31
0.0
  0
LINE
  5
10000755
102
{ACAD_XDICTIONARY
360
10000756
102
}
330
1F
100
AcDbEntity
  8
MODELSKETCH_VISIBLE
100
AcDbLine
 10
114.0723531246185
 20
8.600000000000021
 30
0.0
 11
114.0723531246185
 21
11.60000000000002
 31
0.0
  0
LINE
  5
10000759
102
{ACAD_XDICTIONARY
360
1000075A
102
}
330
1F
100
AcDbEntity
  8
MODELSKETCH_VISIBLE
100
AcDbLine
 10
184.3784250736237
 20
23.8
 30
0.0
 11
184.3784250736237
 21
14.80000000000003
 31
0.0
  0
LINE
  5
1000075D
102
{ACAD_XDICTIONARY
360
1000075E
102
}
330
1F
100
AcDbEntity
  8
MODELSKETCH_VISIBLE
100
AcDbLine
 10
184.3784250736237
 20
14.8
 30
0.0
 11
181.3784250736237
 21
14.80000000000003
 31
0.0
  0
LINE
  5
10000761
102
{ACAD_XDICTIONARY
360
10000762
102
}
330
1F
100
AcDbEntity
  8
MODELSKETCH_VISIBLE
100
AcDbLine
 10
181.3784250736237
 20
14.80000000000003
 30
0.0
 11
181.3784250736237
 21
9.800000000000027
 31
0.0
  0
LINE
  5
10000765
102
{ACAD_XDICTIONARY
360
10000766
102
}
330
1F
100
AcDbEntity
  8
MODELSKETCH_VISIBLE
100
AcDbLine
 10
181.3784250736237
 20
9.800000000000027
 30
0.0
 11
184.3784250736237
 21
9.800000000000027
 31
0.0
  0
LINE
  5
10000769
102
{ACAD_XDICTIONARY
360
1000076A
102
}
330
1F
100
AcDbEntity
  8
MODELSKETCH_VISIBLE
100
AcDbLine
 10
184.3784250736237
 20
9.800000000000027
 30
0.0
 11
184.3784250736237
 21
0.8000000000000264
 31
0.0
  0
LINE
  5
1000076D
102
{ACAD_XDICTIONARY
360
1000076E
102
}
330
1F
100
AcDbEntity
  8
MODELSKETCH_VISIBLE
100
AcDbLine
 10
139.1784250736237
 20
9.800000000000027
 30
0.0
 11
142.1784250736237
 21
9.800000000000027
 31
0.0
  0
LINE
  5
10000771
102
{ACAD_XDICTIONARY
360
10000772
102
}
330
1F
100
AcDbEntity
  8
MODELSKETCH_VISIBLE
100
AcDbLine
 10
142.1784250736237
 20
9.800000000000027
 30
0.0
 11
142.1784250736237
 21
14.80000000000001
 31
0.0
  0
LINE
  5
10000775
102
{ACAD_XDICTIONARY
360
10000776
102
}
330
1F
100
AcDbEntity
  8
MODELSKETCH_VISIBLE
100
AcDbLine
 10
142.1784250736237
 20
14.80000000000001
 30
0.0
 11
139.1784250736237
 21
14.80000000000001
 31
0.0
  0
LINE
  5
10000779
102
{ACAD_XDICTIONARY
360
1000077A
102
}
330
1F
100
AcDbEntity
  8
MODELSKETCH_VISIBLE
100
AcDbLine
 10
139.1784250736237
 20
14.80000000000001
 30
0.0
 11
139.1784250736237
 21
23.8
 31
0.0
  0
LINE
  5
1000077D
102
{ACAD_XDICTIONARY
360
1000077E
102
}
330
1F
100
AcDbEntity
  8
MODELSKETCH_VISIBLE
100
AcDbLine
 10
139.1784250736237
 20
23.8
 30
0.0
 11
155.8784250736236
 21
23.8
 31
0.0
  0
LINE
  5
10000781
102
{ACAD_XDICTIONARY
360
10000782
102
}
330
1F
100
AcDbEntity
  8
MODELSKETCH_VISIBLE
100
AcDbLine
 10
155.8784250736236
 20
23.8
 30
0.0
 11
155.8784250736236
 21
26.80000000000002
 31
0.0
  0
LINE
  5
10000785
102
{ACAD_XDICTIONARY
360
10000786
102
}
330
1F
100
AcDbEntity
  8
MODELSKETCH_VISIBLE
100
AcDbLine
 10
155.8784250736236
 20
26.80000000000002
 30
0.0
 11
167.6784250736237
 21
26.80000000000002
 31
0.0
  0
LINE
  5
10000789
102
{ACAD_XDICTIONARY
360
1000078A
102
}
330
1F
100
AcDbEntity
  8
MODELSKETCH_VISIBLE
100
AcDbLine
 10
167.6784250736237
 20
23.8
 30
0.0
 11
184.3784250736237
 21
23.8
 31
0.0
  0
LINE
  5
1000078D
102
{ACAD_XDICTIONARY
360
1000078E
102
}
330
1F
100
AcDbEntity
  8
MODELSKETCH_VISIBLE
100
AcDbLine
 10
139.1784250736237
 20
0.8000000000000264
 30
0.0
 11
155.8784250736236
 21
0.8000000000000264
 31
0.0
  0
LINE
  5
10000791
102
{ACAD_XDICTIONARY
360
10000792
102
}
330
1F
100
AcDbEntity
  8
MODELSKETCH_VISIBLE
100
AcDbLine
 10
155.8784250736236
 20
0.8000000000000264
 30
0.0
 11
155.8784250736236
 21
3.800000000000026
 31
0.0
  0
LINE
  5
10000795
102
{ACAD_XDICTIONARY
360
10000796
102
}
330
1F
100
AcDbEntity
  8
MODELSKETCH_VISIBLE
100
AcDbLine
 10
155.8784250736236
 20
3.800000000000026
 30
0.0
 11
167.6784250736237
 21
3.800000000000026
 31
0.0
  0
LINE
  5
10000799
102
{ACAD_XDICTIONARY
360
1000079A
102
}
330
1F
100
AcDbEntity
  8
MODELSKETCH_VISIBLE
100
AcDbLine
 10
167.6784250736237
 20
3.800000000000026
 30
0.0
 11
167.6784250736237
 21
0.8000000000000264
 31
0.0
  0
LINE
  5
1000079D
102
{ACAD_XDICTIONARY
360
1000079E
102
}
330
1F
100
AcDbEntity
  8
MODELSKETCH_VISIBLE
100
AcDbLine
 10
167.6784250736237
 20
0.8000000000000264
 30
0.0
 11
184.3784250736237
 21
0.8000000000000264
 31
0.0
  0
LINE
  5
100007A1
102
{ACAD_XDICTIONARY
360
100007A2
102
}
330
1F
100
AcDbEntity
  8
MODELSKETCH_VISIBLE
100
AcDbLine
 10
207.9349309206009
 20
23.8
 30
0.0
 11
207.9349309206009
 21
3.800000000000027
 31
0.0
  0
LINE
  5
100007A5
102
{ACAD_XDICTIONARY
360
100007A6
102
}
330
1F
100
AcDbEntity
  8
MODELSKETCH_VISIBLE
100
AcDbLine
 10
219.6349309206009
 20
23.80000000000003
 30
0.0
 11
219.6349309206009
 21
26.80000000000003
 31
0.0
  0
LINE
  5
100007A9
102
{ACAD_XDICTIONARY
360
100007AA
102
}
330
1F
100
AcDbEntity
  8
MODELSKETCH_VISIBLE
100
AcDbLine
 10
219.6349309206009
 20
26.80000000000003
 30
0.0
 11
224.6349309206009
 21
26.80000000000003
 31
0.0
  0
LINE
  5
100007AD
102
{ACAD_XDICTIONARY
360
100007AE
102
}
330
1F
100
AcDbEntity
  8
MODELSKETCH_VISIBLE
100
AcDbLine
 10
224.6349309206009
 20
26.80000000000003
 30
0.0
 11
224.6349309206009
 21
23.80000000000003
 31
0.0
  0
LINE
  5
100007B1
102
{ACAD_XDICTIONARY
360
100007B2
102
}
330
1F
100
AcDbEntity
  8
MODELSKETCH_VISIBLE
100
AcDbLine
 10
224.6349309206009
 20
23.8
 30
0.0
 11
236.4349309206009
 21
23.8
 31
0.0
  0
LINE
  5
100007B5
102
{ACAD_XDICTIONARY
360
100007B6
102
}
330
1F
100
AcDbEntity
  8
MODELSKETCH_VISIBLE
100
AcDbLine
 10
236.4349309206009
 20
26.80000000000003
 30
0.0
 11
241.4349309206009
 21
26.80000000000003
 31
0.0
  0
LINE
  5
100007B9
102
{ACAD_XDICTIONARY
360
100007BA
102
}
330
1F
100
AcDbEntity
  8
MODELSKETCH_VISIBLE
100
AcDbLine
 10
241.4349309206009
 20
26.80000000000003
 30
0.0
 11
241.4349309206009
 21
23.80000000000003
 31
0.0
  0
LINE
  5
100007BD
102
{ACAD_XDICTIONARY
360
100007BE
102
}
330
1F
100
AcDbEntity
  8
MODELSKETCH_VISIBLE
100
AcDbLine
 10
241.4349309206009
 20
23.8
 30
0.0
 11
253.1349309206009
 21
23.8
 31
0.0
  0
LINE
  5
100007C1
102
{ACAD_XDICTIONARY
360
100007C2
102
}
330
1F
100
AcDbEntity
  8
MODELSKETCH_VISIBLE
100
AcDbLine
 10
253.1349309206009
 20
23.80000000000004
 30
0.0
 11
253.1349309206009
 21
3.800000000000038
 31
0.0
  0
LINE
  5
100007C5
102
{ACAD_XDICTIONARY
360
100007C6
102
}
330
1F
100
AcDbEntity
  8
MODELSKETCH_VISIBLE
100
AcDbLine
 10
253.1349309206009
 20
3.800000000000036
 30
0.0
 11
241.4349309206009
 21
3.800000000000036
 31
0.0
  0
LINE
  5
100007C9
102
{ACAD_XDICTIONARY
360
100007CA
102
}
330
1F
100
AcDbEntity
  8
MODELSKETCH_VISIBLE
100
AcDbLine
 10
241.4349309206009
 20
3.800000000000034
 30
0.0
 11
241.4349309206009
 21
0.800000000000034
 31
0.0
  0
LINE
  5
100007CD
102
{ACAD_XDICTIONARY
360
100007CE
102
}
330
1F
100
AcDbEntity
  8
MODELSKETCH_VISIBLE
100
AcDbLine
 10
241.4349309206009
 20
0.8000000000000342
 30
0.0
 11
236.4349309206009
 21
0.8000000000000342
 31
0.0
  0
LINE
  5
100007D1
102
{ACAD_XDICTIONARY
360
100007D2
102
}
330
1F
100
AcDbEntity
  8
MODELSKETCH_VISIBLE
100
AcDbLine
 10
236.4349309206009
 20
3.800000000000036
 30
0.0
 11
224.6349309206009
 21
3.800000000000036
 31
0.0
  0
LINE
  5
100007D5
102
{ACAD_XDICTIONARY
360
100007D6
102
}
330
1F
100
AcDbEntity
  8
MODELSKETCH_VISIBLE
100
AcDbLine
 10
224.6349309206009
 20
3.800000000000034
 30
0.0
 11
224.6349309206009
 21
0.8000000000000302
 31
0.0
  0
LINE
  5
100007D9
102
{ACAD_XDICTIONARY
360
100007DA
102
}
330
1F
100
AcDbEntity
  8
MODELSKETCH_VISIBLE
100
AcDbLine
 10
-75.29000000000002
 20
55.23999999999999
 30
0.0
 11
-75.30000000000003
 21
55.22
 31
0.0
  0
LINE
  5
100007DD
102
{ACAD_XDICTIONARY
360
100007DE
102
}
330
1F
100
AcDbEntity
  8
MODELSKETCH_VISIBLE
100
AcDbLine
 10
236.4349309206009
 20
23.80000000000003
 30
0.0
 11
236.4349309206009
 21
26.80000000000003
 31
0.0
  0
LINE
  5
100007E1
102
{ACAD_XDICTIONARY
360
100007E2
102
}
330
1F
100
AcDbEntity
  8
MODELSKETCH_VISIBLE
100
AcDbLine
 10
112.3
 20
-8.679999999999993
 30
0.0
 11
112.3
 21
-11.59999999999999
 31
0.0
  0
CIRCLE
  5
100007E5
102
{ACAD_XDICTIONARY
360
100007E6
102
}
330
1F
100
AcDbEntity
  8
MODELSKETCH_VISIBLE
100
AcDbCircle
 10
-58.4520641583205
 20
-18.12977623343467
 30
0.0
 40
0.6500000000000001
  0
LINE
  5
100007E9
102
{ACAD_XDICTIONARY
360
100007EA
102
}
330
1F
100
AcDbEntity
  8
MODELSKETCH_VISIBLE
100
AcDbLine
 10
-89.79865902662276
 20
-86.80000000000004
 30
0.0
 11
-89.79865902662276
 21
-83.80000000000004
 31
0.0
  0
LINE
  5
100007ED
102
{ACAD_XDICTIONARY
360
100007EE
102
}
330
1F
100
AcDbEntity
  8
MODELSKETCH_VISIBLE
100
AcDbLine
 10
94.57571428571423
 20
0.960000000000008
 30
0.0
 11
94.5857142857142
 21
0.9800000000000041
 31
0.0
  0
LINE
  5
100007F1
102
{ACAD_XDICTIONARY
360
100007F2
102
}
330
1F
100
AcDbEntity
  8
MODELSKETCH_VISIBLE
100
AcDbLine
 10
-68.10000000000002
 20
-121.72
 30
0.0
 11
-68.10000000000002
 21
-118.8
 31
0.0
  0
LINE
  5
100007F5
102
{ACAD_XDICTIONARY
360
100007F6
102
}
330
1F
100
AcDbEntity
  8
MODELSKETCH_VISIBLE
100
AcDbLine
 10
139.1784250736237
 20
0.8000000000000264
 30
0.0
 11
139.1784250736237
 21
9.800000000000027
 31
0.0
  0
LINE
  5
100007F9
102
{ACAD_XDICTIONARY
360
100007FA
102
}
330
1F
100
AcDbEntity
  8
MODELSKETCH_VISIBLE
100
AcDbLine
 10
-15.64000000000001
 20
-91.28000000000003
 30
0.0
 11
-15.63000000000003
 21
-91.27000000000004
 31
0.0
  0
CIRCLE
  5
100007FD
102
{ACAD_XDICTIONARY
360
100007FE
102
}
330
1F
100
AcDbEntity
  8
MODELSKETCH_VISIBLE
100
AcDbCircle
 10
-40.67206415832059
 20
-18.12977623343467
 30
0.0
 40
0.6500000000000001
  0
LINE
  5
10000801
102
{ACAD_XDICTIONARY
360
10000802
102
}
330
1F
100
AcDbEntity
  8
MODELSKETCH_VISIBLE
100
AcDbLine
 10
-97.79571428571434
 20
7.080000000000005
 30
0.0
 11
-103.8157142857143
 21
1.06000000000001
 31
0.0
  0
LINE
  5
10000805
102
{ACAD_XDICTIONARY
360
10000806
102
}
330
1F
100
AcDbEntity
  8
MODELSKETCH_VISIBLE
100
AcDbLine
 10
-112.5
 20
-52.3
 30
0.0
 11
-112.5
 21
-55.22
 31
0.0
  0
LINE
  5
10000809
102
{ACAD_XDICTIONARY
360
1000080A
102
}
330
1F
100
AcDbEntity
  8
MODELSKETCH_VISIBLE
100
AcDbLine
 10
-86.80000000000001
 20
52.22000000000001
 30
0.0
 11
-86.80000000000001
 21
13.18000000000001
 31
0.0
  0
LINE
  5
1000080D
102
{ACAD_XDICTIONARY
360
1000080E
102
}
330
1F
100
AcDbEntity
  8
MODELSKETCH_VISIBLE
100
AcDbLine
 10
236.4349309206009
 20
0.8000000000000302
 30
0.0
 11
236.4349309206009
 21
3.800000000000035
 31
0.0
  0
LINE
  5
10000811
102
{ACAD_XDICTIONARY
360
10000812
102
}
330
1F
100
AcDbEntity
  8
MODELSKETCH_VISIBLE
100
AcDbLine
 10
104.42
 20
-8.599999999999994
 30
0.0
 11
96.38
 21
-8.599999999999994
 31
0.0
  0
CIRCLE
  5
10000815
102
{ACAD_XDICTIONARY
360
10000816
102
}
330
1F
100
AcDbEntity
  8
MODELSKETCH_VISIBLE
100
AcDbCircle
 10
-25.43206415832067
 20
-18.12977623343467
 30
0.0
 40
0.6500000000000001
  0
ARC
  5
10000819
102
{ACAD_XDICTIONARY
360
1000081A
102
}
330
1F
100
AcDbEntity
  8
MODELSKETCH_VISIBLE
100
AcDbCircle
 10
24.98050337135788
 20
-49.06953017711639
 30
0.0
 40
1.5
100
AcDbArc
 50
270.0
 51
0.0
  0
LINE
  5
1000081D
102
{ACAD_XDICTIONARY
360
1000081E
102
}
330
1F
100
AcDbEntity
  8
MODELSKETCH_VISIBLE
100
AcDbLine
 10
35.4057142857142
 20
1.06000000000001
 30
0.0
 11
35.38571428571422
 21
1.02000000000001
 31
0.0
  0
LINE
  5
10000821
102
{ACAD_XDICTIONARY
360
10000822
102
}
330
1F
100
AcDbEntity
  8
MODELSKETCH_VISIBLE
100
AcDbLine
 10
-60.22000000000001
 20
-121.8
 30
0.0
 11
-52.18000000000003
 21
-121.8
 31
0.0
  0
LINE
  5
10000825
102
{ACAD_XDICTIONARY
360
10000826
102
}
330
1F
100
AcDbEntity
  8
MODELSKETCH_VISIBLE
100
AcDbLine
 10
167.6784250736237
 20
26.80000000000002
 30
0.0
 11
167.6784250736237
 21
23.8
 31
0.0
  0
LINE
  5
10000829
102
{ACAD_XDICTIONARY
360
1000082A
102
}
330
1F
100
AcDbEntity
  8
MODELSKETCH_VISIBLE
100
AcDbLine
 10
-15.65000000000001
 20
-83.12000000000003
 30
0.0
 11
-15.66000000000002
 21
-83.11000000000003
 31
0.0
  0
CIRCLE
  5
1000082D
102
{ACAD_XDICTIONARY
360
1000082E
102
}
330
1F
100
AcDbEntity
  8
MODELSKETCH_VISIBLE
100
AcDbCircle
 10
-55.9120641583205
 20
-43.52977623343467
 30
0.0
 40
0.6500000000000001
  0
LINE
  5
10000831
102
{ACAD_XDICTIONARY
360
10000832
102
}
330
1F
100
AcDbEntity
  8
MODELSKETCH_VISIBLE
100
AcDbLine
 10
-90.33571428571433
 20
0.9000000000000057
 30
0.0
 11
-90.33571428571433
 21
-2.019999999999996
 31
0.0
  0
LINE
  5
10000835
102
{ACAD_XDICTIONARY
360
10000836
102
}
330
1F
100
AcDbEntity
  8
MODELSKETCH_VISIBLE
100
AcDbLine
 10
-104.34
 20
-55.28
 30
0.0
 11
-104.33
 21
-55.27
 31
0.0
  0
LINE
  5
10000839
102
{ACAD_XDICTIONARY
360
1000083A
102
}
330
1F
100
AcDbEntity
  8
MODELSKETCH_VISIBLE
100
AcDbLine
 10
40.51999999999998
 20
23.8
 30
0.0
 11
-24.52000000000004
 21
23.8
 31
0.0
  0
CIRCLE
  5
1000083D
102
{ACAD_XDICTIONARY
360
1000083E
102
}
330
1F
100
AcDbEntity
  8
MODELSKETCH_VISIBLE
100
AcDbCircle
 10
-40.67206415832059
 20
-43.52977623343467
 30
0.0
 40
0.6500000000000001
  0
LINE
  5
10000841
102
{ACAD_XDICTIONARY
360
10000842
102
}
330
1F
100
AcDbEntity
  8
MODELSKETCH_VISIBLE
100
AcDbLine
 10
130.7723531246185
 20
15.2
 30
0.0
 11
130.7723531246185
 21
20.2
 31
0.0
  0
LINE
  5
10000845
102
{ACAD_XDICTIONARY
360
10000846
102
}
330
1F
100
AcDbEntity
  8
MODELSKETCH_VISIBLE
100
AcDbLine
 10
46.88571428571422
 20
-2.019999999999996
 30
0.0
 11
46.9057142857142
 21
-2.059999999999995
 31
0.0
  0
LINE
  5
10000849
102
{ACAD_XDICTIONARY
360
1000084A
102
}
330
1F
100
AcDbEntity
  8
MODELSKETCH_VISIBLE
100
AcDbLine
 10
-44.30000000000001
 20
-118.8
 30
0.0
 11
-44.30000000000001
 21
-121.72
 31
0.0
  0
LINE
  5
1000084D
102
{ACAD_XDICTIONARY
360
1000084E
102
}
330
1F
100
AcDbEntity
  8
MODELSKETCH_VISIBLE
100
AcDbLine
 10
-83.29865902662277
 20
-72.70000000000003
 30
0.0
 11
-98.29865902662277
 21
-72.70000000000003
 31
0.0
  0
LINE
  5
10000851
102
{ACAD_XDICTIONARY
360
10000852
102
}
330
1F
100
AcDbEntity
  8
MODELSKETCH_VISIBLE
100
AcDbLine
 10
207.9349309206009
 20
23.8
 30
0.0
 11
219.6349309206009
 21
23.8
 31
0.0
  0
LINE
  5
10000855
102
{ACAD_XDICTIONARY
360
10000856
102
}
330
1F
100
AcDbEntity
  8
MODELSKETCH_VISIBLE
100
AcDbLine
 10
-15.62000000000003
 20
-75.25000000000004
 30
0.0
 11
-15.61000000000001
 21
-75.24000000000002
 31
0.0
  0
CIRCLE
  5
10000859
102
{ACAD_XDICTIONARY
360
1000085A
102
}
330
1F
100
AcDbEntity
  8
MODELSKETCH_VISIBLE
100
AcDbCircle
 10
-22.89206415832068
 20
-43.52977623343467
 30
0.0
 40
0.6500000000000001
  0
LINE
  5
1000085D
102
{ACAD_XDICTIONARY
360
1000085E
102
}
330
1F
100
AcDbEntity
  8
MODELSKETCH_VISIBLE
100
AcDbLine
 10
-32.05428571428575
 20
-2.079999999999991
 30
0.0
 11
-32.04428571428576
 21
-2.069999999999993
 31
0.0
  0
LINE
  5
10000861
102
{ACAD_XDICTIONARY
360
10000862
102
}
330
1F
100
AcDbEntity
  8
MODELSKETCH_VISIBLE
100
AcDbLine
 10
-96.48000000000002
 20
-55.25999999999999
 30
0.0
 11
-96.47000000000003
 21
-55.27
 31
0.0
  0
LINE
  5
10000865
102
{ACAD_XDICTIONARY
360
10000866
102
}
330
1F
100
AcDbEntity
  8
MODELSKETCH_VISIBLE
100
AcDbLine
 10
-24.58000000000003
 20
11.64
 30
0.0
 11
-24.57000000000002
 21
11.63000000000001
 31
0.0
  0
LINE
  5
10000869
102
{ACAD_XDICTIONARY
360
1000086A
102
}
330
1F
100
AcDbEntity
  8
MODELSKETCH_VISIBLE
100
AcDbLine
 10
224.6349309206009
 20
0.8000000000000342
 30
0.0
 11
219.6349309206009
 21
0.8000000000000342
 31
0.0
  0
LINE
  5
1000086D
102
{ACAD_XDICTIONARY
360
1000086E
102
}
330
1F
100
AcDbEntity
  8
MODELSKETCH_VISIBLE
100
AcDbLine
 10
-97.75571428571432
 20
7.100000000000009
 30
0.0
 11
-97.79571428571434
 21
7.080000000000005
 31
0.0
  0
LINE
  5
10000871
102
{ACAD_XDICTIONARY
360
10000872
102
}
330
1F
100
AcDbEntity
  8
MODELSKETCH_VISIBLE
100
AcDbLine
 10
-120.3
 20
-52.3
 30
0.0
 11
-112.5
 21
-52.3
 31
0.0
  0
LINE
  5
10000875
102
{ACAD_XDICTIONARY
360
10000876
102
}
330
1F
100
AcDbEntity
  8
MODELSKETCH_VISIBLE
100
AcDbLine
 10
219.6349309206009
 20
0.8000000000000305
 30
0.0
 11
219.6349309206009
 21
3.800000000000031
 31
0.0
  0
LINE
  5
10000879
102
{ACAD_XDICTIONARY
360
1000087A
102
}
330
1F
100
AcDbEntity
  8
MODELSKETCH_VISIBLE
100
AcDbLine
 10
219.6349309206009
 20
3.800000000000031
 30
0.0
 11
207.9349309206009
 21
3.800000000000057
 31
0.0
  0
LINE
  5
1000087D
102
{ACAD_XDICTIONARY
360
1000087E
102
}
330
1F
100
AcDbEntity
  8
MODELSKETCH_VISIBLE
100
AcDbLine
 10
-103.8157142857143
 20
1.06000000000001
 30
0.0
 11
-103.8357142857143
 21
1.02000000000001
 31
0.0
  0
LINE
  5
10000881
102
{ACAD_XDICTIONARY
360
10000882
102
}
330
1F
100
AcDbEntity
  8
MODELSKETCH_VISIBLE
100
AcDbLine
 10
-112.5
 20
-55.22
 30
0.0
 11
-112.48
 21
-55.25999999999999
 31
0.0
  0
LINE
  5
10000885
102
{ACAD_XDICTIONARY
360
10000886
102
}
330
1F
100
AcDbEntity
  8
MODELSKETCH_VISIBLE
100
AcDbLine
 10
-98.29865902662277
 20
-72.70000000000003
 30
0.0
 11
-98.29865902662277
 21
-82.70000000000002
 31
0.0
  0
LINE
  5
10000889
102
{ACAD_XDICTIONARY
360
1000088A
102
}
330
1F
100
AcDbEntity
  8
MODELSKETCH_VISIBLE
100
AcDbLine
 10
-103.8357142857143
 20
1.02000000000001
 30
0.0
 11
-103.8357142857143
 21
0.9800000000000041
 31
0.0
  0
LINE
  5
1000088D
102
{ACAD_XDICTIONARY
360
1000088E
102
}
330
1F
100
AcDbEntity
  8
MODELSKETCH_VISIBLE
100
AcDbLine
 10
-112.48
 20
-55.25999999999999
 30
0.0
 11
-112.47
 21
-55.27
 31
0.0
  0
LINE
  5
10000891
102
{ACAD_XDICTIONARY
360
10000892
102
}
330
1F
100
AcDbEntity
  8
MODELSKETCH_VISIBLE
100
AcDbLine
 10
-98.29865902662277
 20
-82.70000000000002
 30
0.0
 11
-83.29865902662277
 21
-82.70000000000002
 31
0.0
  0
LINE
  5
10000895
102
{ACAD_XDICTIONARY
360
10000896
102
}
330
1F
100
AcDbEntity
  8
MODELSKETCH_VISIBLE
100
AcDbLine
 10
-103.8357142857143
 20
0.9800000000000041
 30
0.0
 11
-103.8157142857143
 21
0.9400000000000048
 31
0.0
  0
LINE
  5
10000899
102
{ACAD_XDICTIONARY
360
1000089A
102
}
330
1F
100
AcDbEntity
  8
MODELSKETCH_VISIBLE
100
AcDbLine
 10
-112.47
 20
-55.27
 30
0.0
 11
-112.45
 21
-55.28
 31
0.0
  0
LINE
  5
1000089D
102
{ACAD_XDICTIONARY
360
1000089E
102
}
330
1F
100
AcDbEntity
  8
MODELSKETCH_VISIBLE
100
AcDbLine
 10
-83.29865902662277
 20
-82.70000000000002
 30
0.0
 11
-83.29865902662277
 21
-72.70000000000003
 31
0.0
  0
LINE
  5
100008A1
102
{ACAD_XDICTIONARY
360
100008A2
102
}
330
1F
100
AcDbEntity
  8
MODELSKETCH_VISIBLE
100
AcDbLine
 10
17.39424908161163
 20
-50.56953017711639
 30
0.0
 11
24.98050337135788
 21
-50.56953017711639
 31
0.0
  0
CIRCLE
  5
100008A5
102
{ACAD_XDICTIONARY
360
100008A6
102
}
330
1F
100
AcDbEntity
  8
MODELSKETCH_VISIBLE
100
AcDbCircle
 10
-43.21206415832057
 20
-43.52977623343467
 30
0.0
 40
0.6500000000000001
  0
LINE
  5
100008A9
102
{ACAD_XDICTIONARY
360
100008AA
102
}
330
1F
100
AcDbEntity
  8
MODELSKETCH_VISIBLE
100
AcDbLine
 10
86.88
 20
-11.59999999999999
 30
0.0
 11
86.84
 21
-11.61999999999999
 31
0.0
  0
LINE
  5
100008AD
102
{ACAD_XDICTIONARY
360
100008AE
102
}
330
1F
100
AcDbEntity
  8
MODELSKETCH_VISIBLE
100
AcDbLine
 10
-103.8157142857143
 20
0.9400000000000048
 30
0.0
 11
-103.8057142857143
 21
0.9300000000000069
 31
0.0
  0
LINE
  5
100008B1
102
{ACAD_XDICTIONARY
360
100008B2
102
}
330
1F
100
AcDbEntity
  8
MODELSKETCH_VISIBLE
100
AcDbLine
 10
-112.45
 20
-55.28
 30
0.0
 11
-112.44
 21
-55.28999999999999
 31
0.0
  0
LINE
  5
100008B5
102
{ACAD_XDICTIONARY
360
100008B6
102
}
330
1F
100
AcDbEntity
  8
MODELSKETCH_VISIBLE
100
AcDbLine
 10
-103.8057142857143
 20
0.9300000000000069
 30
0.0
 11
-103.7657142857143
 21
0.9100000000000108
 31
0.0
  0
LINE
  5
100008B9
102
{ACAD_XDICTIONARY
360
100008BA
102
}
330
1F
100
AcDbEntity
  8
MODELSKETCH_VISIBLE
100
AcDbLine
 10
-112.44
 20
-55.28999999999999
 30
0.0
 11
-112.42
 21
-55.3
 31
0.0
  0
LINE
  5
100008BD
102
{ACAD_XDICTIONARY
360
100008BE
102
}
330
1F
100
AcDbEntity
  8
MODELSKETCH_VISIBLE
100
AcDbLine
 10
88.57235312461853
 20
23.8
 30
0.0
 11
88.57235312461853
 21
26.80000000000002
 31
0.0
  0
LINE
  5
100008C1
102
{ACAD_XDICTIONARY
360
100008C2
102
}
330
1F
100
AcDbEntity
  8
MODELSKETCH_VISIBLE
100
AcDbLine
 10
-103.7657142857143
 20
0.9100000000000108
 30
0.0
 11
-103.7557142857143
 21
0.9000000000000057
 31
0.0
  0
LINE
  5
100008C5
102
{ACAD_XDICTIONARY
360
100008C6
102
}
330
1F
100
AcDbEntity
  8
MODELSKETCH_VISIBLE
100
AcDbLine
 10
-112.42
 20
-55.3
 30
0.0
 11
-104.38
 21
-55.3
 31
0.0
  0
LINE
  5
100008C9
102
{ACAD_XDICTIONARY
360
100008CA
102
}
330
1F
100
AcDbEntity
  8
MODELSKETCH_VISIBLE
100
AcDbLine
 10
88.57235312461853
 20
26.80000000000002
 30
0.0
 11
97.27235312461853
 21
26.80000000000002
 31
0.0
  0
LINE
  5
100008CD
102
{ACAD_XDICTIONARY
360
100008CE
102
}
330
1F
100
AcDbEntity
  8
MODELSKETCH_VISIBLE
100
AcDbLine
 10
-103.7557142857143
 20
0.9000000000000057
 30
0.0
 11
-90.33571428571433
 21
0.9000000000000057
 31
0.0
  0
LINE
  5
100008D1
102
{ACAD_XDICTIONARY
360
100008D2
102
}
330
1F
100
AcDbEntity
  8
MODELSKETCH_VISIBLE
100
AcDbLine
 10
-104.38
 20
-55.3
 30
0.0
 11
-104.34
 21
-55.28
 31
0.0
  0
LINE
  5
100008D5
102
{ACAD_XDICTIONARY
360
100008D6
102
}
330
1F
100
AcDbEntity
  8
MODELSKETCH_VISIBLE
100
AcDbLine
 10
97.27235312461853
 20
26.80000000000002
 30
0.0
 11
97.27235312461853
 21
23.8
 31
0.0
  0
LINE
  5
100008D9
102
{ACAD_XDICTIONARY
360
100008DA
102
}
330
1F
100
AcDbEntity
  8
MODELSKETCH_VISIBLE
100
AcDbLine
 10
97.27235312461853
 20
23.8
 30
0.0
 11
102.2723531246185
 21
23.8
 31
0.0
  0
LINE
  5
100008DD
102
{ACAD_XDICTIONARY
360
100008DE
102
}
330
1F
100
AcDbEntity
  8
MODELSKETCH_VISIBLE
100
AcDbLine
 10
-90.33571428571433
 20
-2.019999999999996
 30
0.0
 11
-90.31571428571432
 21
-2.059999999999995
 31
0.0
  0
LINE
  5
100008E1
102
{ACAD_XDICTIONARY
360
100008E2
102
}
330
1F
100
AcDbEntity
  8
MODELSKETCH_VISIBLE
100
AcDbLine
 10
-104.33
 20
-55.27
 30
0.0
 11
-104.32
 21
-55.25
 31
0.0
  0
LINE
  5
100008E5
102
{ACAD_XDICTIONARY
360
100008E6
102
}
330
1F
100
AcDbEntity
  8
MODELSKETCH_VISIBLE
100
AcDbLine
 10
102.2723531246185
 20
23.8
 30
0.0
 11
102.2723531246185
 21
26.80000000000002
 31
0.0
  0
LINE
  5
100008E9
102
{ACAD_XDICTIONARY
360
100008EA
102
}
330
1F
100
AcDbEntity
  8
MODELSKETCH_VISIBLE
100
AcDbLine
 10
-90.31571428571432
 20
-2.059999999999995
 30
0.0
 11
-90.30571428571432
 21
-2.069999999999993
 31
0.0
  0
LINE
  5
100008ED
102
{ACAD_XDICTIONARY
360
100008EE
102
}
330
1F
100
AcDbEntity
  8
MODELSKETCH_VISIBLE
100
AcDbLine
 10
-104.32
 20
-55.25
 30
0.0
 11
-104.31
 21
-55.23999999999999
 31
0.0
  0
LINE
  5
100008F1
102
{ACAD_XDICTIONARY
360
100008F2
102
}
330
1F
100
AcDbEntity
  8
MODELSKETCH_VISIBLE
100
AcDbLine
 10
102.2723531246185
 20
26.80000000000002
 30
0.0
 11
114.0723531246185
 21
26.80000000000002
 31
0.0
  0
LINE
  5
100008F5
102
{ACAD_XDICTIONARY
360
100008F6
102
}
330
1F
100
AcDbEntity
  8
MODELSKETCH_VISIBLE
100
AcDbLine
 10
-90.30571428571432
 20
-2.069999999999993
 30
0.0
 11
-90.28571428571432
 21
-2.079999999999991
 31
0.0
  0
LINE
  5
100008F9
102
{ACAD_XDICTIONARY
360
100008FA
102
}
330
1F
100
AcDbEntity
  8
MODELSKETCH_VISIBLE
100
AcDbLine
 10
-104.31
 20
-55.23999999999999
 30
0.0
 11
-104.3
 21
-55.22
 31
0.0
  0
LINE
  5
100008FD
102
{ACAD_XDICTIONARY
360
100008FE
102
}
330
1F
100
AcDbEntity
  8
MODELSKETCH_VISIBLE
100
AcDbLine
 10
114.0723531246185
 20
26.80000000000002
 30
0.0
 11
114.0723531246185
 21
23.8
 31
0.0
  0
LINE
  5
10000901
102
{ACAD_XDICTIONARY
360
10000902
102
}
330
1F
100
AcDbEntity
  8
MODELSKETCH_VISIBLE
100
AcDbLine
 10
-90.28571428571432
 20
-2.079999999999991
 30
0.0
 11
-90.27571428571432
 21
-2.08999999999999
 31
0.0
  0
LINE
  5
10000905
102
{ACAD_XDICTIONARY
360
10000906
102
}
330
1F
100
AcDbEntity
  8
MODELSKETCH_VISIBLE
100
AcDbLine
 10
-104.3
 20
-55.22
 30
0.0
 11
-104.3
 21
-52.3
 31
0.0
  0
LINE
  5
10000909
102
{ACAD_XDICTIONARY
360
1000090A
102
}
330
1F
100
AcDbEntity
  8
MODELSKETCH_VISIBLE
100
AcDbLine
 10
114.0723531246185
 20
23.8
 30
0.0
 11
119.0723531246185
 21
23.8
 31
0.0
  0
LINE
  5
1000090D
102
{ACAD_XDICTIONARY
360
1000090E
102
}
330
1F
100
AcDbEntity
  8
MODELSKETCH_VISIBLE
100
AcDbLine
 10
-90.27571428571432
 20
-2.08999999999999
 30
0.0
 11
-90.25571428571435
 21
-2.099999999999994
 31
0.0
  0
LINE
  5
10000911
102
{ACAD_XDICTIONARY
360
10000912
102
}
330
1F
100
AcDbEntity
  8
MODELSKETCH_VISIBLE
100
AcDbLine
 10
-104.3
 20
-52.3
 30
0.0
 11
-96.50000000000003
 21
-52.3
 31
0.0
  0
LINE
  5
10000915
102
{ACAD_XDICTIONARY
360
10000916
102
}
330
1F
100
AcDbEntity
  8
MODELSKETCH_VISIBLE
100
AcDbLine
 10
119.0723531246185
 20
23.8
 30
0.0
 11
119.0723531246185
 21
26.80000000000002
 31
0.0
  0
LINE
  5
10000919
102
{ACAD_XDICTIONARY
360
1000091A
102
}
330
1F
100
AcDbEntity
  8
MODELSKETCH_VISIBLE
100
AcDbLine
 10
-90.25571428571435
 20
-2.099999999999994
 30
0.0
 11
-78.21571428571433
 21
-2.099999999999994
 31
0.0
  0
LINE
  5
1000091D
102
{ACAD_XDICTIONARY
360
1000091E
102
}
330
1F
100
AcDbEntity
  8
MODELSKETCH_VISIBLE
100
AcDbLine
 10
-96.50000000000003
 20
-52.3
 30
0.0
 11
-96.50000000000003
 21
-55.22
 31
0.0
  0
LINE
  5
10000921
102
{ACAD_XDICTIONARY
360
10000922
102
}
330
1F
100
AcDbEntity
  8
MODELSKETCH_VISIBLE
100
AcDbLine
 10
119.0723531246185
 20
26.80000000000002
 30
0.0
 11
127.7723531246185
 21
26.80000000000002
 31
0.0
  0
LINE
  5
10000925
102
{ACAD_XDICTIONARY
360
10000926
102
}
330
1F
100
AcDbEntity
  8
MODELSKETCH_VISIBLE
100
AcDbLine
 10
-78.21571428571433
 20
-2.099999999999994
 30
0.0
 11
-78.17571428571432
 21
-2.079999999999991
 31
0.0
  0
LINE
  5
10000929
102
{ACAD_XDICTIONARY
360
1000092A
102
}
330
1F
100
AcDbEntity
  8
MODELSKETCH_VISIBLE
100
AcDbLine
 10
-96.50000000000003
 20
-55.22
 30
0.0
 11
-96.48000000000002
 21
-55.25999999999999
 31
0.0
  0
LINE
  5
1000092D
102
{ACAD_XDICTIONARY
360
1000092E
102
}
330
1F
100
AcDbEntity
  8
MODELSKETCH_VISIBLE
100
AcDbLine
 10
127.7723531246185
 20
26.80000000000002
 30
0.0
 11
127.7723531246185
 21
23.8
 31
0.0
  0
LINE
  5
10000931
102
{ACAD_XDICTIONARY
360
10000932
102
}
330
1F
100
AcDbEntity
  8
MODELSKETCH_VISIBLE
100
AcDbLine
 10
-9.600000000000023
 20
-5.179999999999993
 30
0.0
 11
-9.600000000000023
 21
-2.179999999999993
 31
0.0
  0
LINE
  5
10000935
102
{ACAD_XDICTIONARY
360
10000936
102
}
330
1F
100
AcDbEntity
  8
MODELSKETCH_VISIBLE
100
AcDbLine
 10
32.53999999999996
 20
-40.61
 30
0.0
 11
32.51999999999998
 21
-40.59999999999999
 31
0.0
  0
CIRCLE
  5
10000939
102
{ACAD_XDICTIONARY
360
1000093A
102
}
330
1F
100
AcDbEntity
  8
MODELSKETCH_VISIBLE
100
AcDbCircle
 10
-48.29206415832055
 20
-18.12977623343467
 30
0.0
 40
0.6500000000000001
  0
LINE
  5
1000093D
102
{ACAD_XDICTIONARY
360
1000093E
102
}
330
1F
100
AcDbEntity
  8
MODELSKETCH_VISIBLE
100
AcDbLine
 10
-32.04428571428576
 20
-2.069999999999993
 30
0.0
 11
-32.03428571428576
 21
-2.04999999999999
 31
0.0
  0
LINE
  5
10000941
102
{ACAD_XDICTIONARY
360
10000942
102
}
330
1F
100
AcDbEntity
  8
MODELSKETCH_VISIBLE
100
AcDbLine
 10
-96.47000000000003
 20
-55.27
 30
0.0
 11
-96.45000000000003
 21
-55.28
 31
0.0
  0
LINE
  5
10000945
102
{ACAD_XDICTIONARY
360
10000946
102
}
330
1F
100
AcDbEntity
  8
MODELSKETCH_VISIBLE
100
AcDbLine
 10
-9.600000000000023
 20
-2.179999999999993
 30
0.0
 11
-0.900000000000024
 21
-2.179999999999993
 31
0.0
  0
LINE
  5
10000949
102
{ACAD_XDICTIONARY
360
1000094A
102
}
330
1F
100
AcDbEntity
  8
MODELSKETCH_VISIBLE
100
AcDbLine
 10
-32.03428571428576
 20
-2.04999999999999
 30
0.0
 11
-32.02428571428575
 21
-2.039999999999992
 31
0.0
  0
LINE
  5
1000094D
102
{ACAD_XDICTIONARY
360
1000094E
102
}
330
1F
100
AcDbEntity
  8
MODELSKETCH_VISIBLE
100
AcDbLine
 10
-96.45000000000003
 20
-55.28
 30
0.0
 11
-96.44000000000003
 21
-55.28999999999999
 31
0.0
  0
LINE
  5
10000951
102
{ACAD_XDICTIONARY
360
10000952
102
}
330
1F
100
AcDbEntity
  8
MODELSKETCH_VISIBLE
100
AcDbLine
 10
-0.900000000000024
 20
-2.179999999999993
 30
0.0
 11
-0.9000000000000249
 21
-5.099999999999994
 31
0.0
  0
LINE
  5
10000955
102
{ACAD_XDICTIONARY
360
10000956
102
}
330
1F
100
AcDbEntity
  8
MODELSKETCH_VISIBLE
100
AcDbLine
 10
-32.02428571428575
 20
-2.039999999999992
 30
0.0
 11
-32.01428571428577
 21
-2.019999999999996
 31
0.0
  0
LINE
  5
10000959
102
{ACAD_XDICTIONARY
360
1000095A
102
}
330
1F
100
AcDbEntity
  8
MODELSKETCH_VISIBLE
100
AcDbLine
 10
-96.44000000000003
 20
-55.28999999999999
 30
0.0
 11
-96.42000000000003
 21
-55.3
 31
0.0
  0
LINE
  5
1000095D
102
{ACAD_XDICTIONARY
360
1000095E
102
}
330
1F
100
AcDbEntity
  8
MODELSKETCH_VISIBLE
100
AcDbLine
 10
-0.9000000000000249
 20
-5.099999999999994
 30
0.0
 11
4.099999999999976
 21
-5.099999999999994
 31
0.0
  0
LINE
  5
10000961
102
{ACAD_XDICTIONARY
360
10000962
102
}
330
1F
100
AcDbEntity
  8
MODELSKETCH_VISIBLE
100
AcDbLine
 10
-32.01428571428577
 20
-2.019999999999996
 30
0.0
 11
-32.01428571428577
 21
0.9000000000000058
 31
0.0
  0
LINE
  5
10000965
102
{ACAD_XDICTIONARY
360
10000966
102
}
330
1F
100
AcDbEntity
  8
MODELSKETCH_VISIBLE
100
AcDbLine
 10
-96.42000000000003
 20
-55.3
 30
0.0
 11
-83.88000000000002
 21
-55.3
 31
0.0
  0
LINE
  5
10000969
102
{ACAD_XDICTIONARY
360
1000096A
102
}
330
1F
100
AcDbEntity
  8
MODELSKETCH_VISIBLE
100
AcDbLine
 10
4.099999999999976
 20
-5.099999999999994
 30
0.0
 11
4.099999999999976
 21
-2.119999999999994
 31
0.0
  0
LINE
  5
1000096D
102
{ACAD_XDICTIONARY
360
1000096E
102
}
330
1F
100
AcDbEntity
  8
MODELSKETCH_VISIBLE
100
AcDbLine
 10
-32.01428571428577
 20
0.9000000000000057
 30
0.0
 11
-18.59428571428575
 21
0.9000000000000057
 31
0.0
  0
LINE
  5
10000971
102
{ACAD_XDICTIONARY
360
10000972
102
}
330
1F
100
AcDbEntity
  8
MODELSKETCH_VISIBLE
100
AcDbLine
 10
-83.88000000000002
 20
-55.3
 30
0.0
 11
-83.84000000000005
 21
-55.28
 31
0.0
  0
LINE
  5
10000975
102
{ACAD_XDICTIONARY
360
10000976
102
}
330
1F
100
AcDbEntity
  8
MODELSKETCH_VISIBLE
100
AcDbLine
 10
4.099999999999976
 20
-2.119999999999994
 30
0.0
 11
15.89999999999998
 21
-2.119999999999994
 31
0.0
  0
LINE
  5
10000979
102
{ACAD_XDICTIONARY
360
1000097A
102
}
330
1F
100
AcDbEntity
  8
MODELSKETCH_VISIBLE
100
AcDbLine
 10
-18.59428571428575
 20
0.9000000000000057
 30
0.0
 11
-18.55428571428575
 21
0.9200000000000088
 31
0.0
  0
LINE
  5
1000097D
102
{ACAD_XDICTIONARY
360
1000097E
102
}
330
1F
100
AcDbEntity
  8
MODELSKETCH_VISIBLE
100
AcDbLine
 10
-83.84000000000005
 20
-55.28
 30
0.0
 11
-83.83000000000003
 21
-55.27
 31
0.0
  0
LINE
  5
10000981
102
{ACAD_XDICTIONARY
360
10000982
102
}
330
1F
100
AcDbEntity
  8
MODELSKETCH_VISIBLE
100
AcDbLine
 10
15.89999999999998
 20
-2.119999999999994
 30
0.0
 11
15.89999999999998
 21
-5.099999999999994
 31
0.0
  0
LINE
  5
10000985
102
{ACAD_XDICTIONARY
360
10000986
102
}
330
1F
100
AcDbEntity
  8
MODELSKETCH_VISIBLE
100
AcDbLine
 10
-18.55428571428575
 20
0.9200000000000088
 30
0.0
 11
-18.54428571428576
 21
0.9300000000000069
 31
0.0
  0
LINE
  5
10000989
102
{ACAD_XDICTIONARY
360
1000098A
102
}
330
1F
100
AcDbEntity
  8
MODELSKETCH_VISIBLE
100
AcDbLine
 10
-83.83000000000003
 20
-55.27
 30
0.0
 11
-83.82000000000002
 21
-55.25
 31
0.0
  0
LINE
  5
1000098D
102
{ACAD_XDICTIONARY
360
1000098E
102
}
330
1F
100
AcDbEntity
  8
MODELSKETCH_VISIBLE
100
AcDbLine
 10
15.89999999999998
 20
-5.099999999999994
 30
0.0
 11
20.89999999999998
 21
-5.099999999999994
 31
0.0
  0
LINE
  5
10000991
102
{ACAD_XDICTIONARY
360
10000992
102
}
330
1F
100
AcDbEntity
  8
MODELSKETCH_VISIBLE
100
AcDbLine
 10
-18.54428571428576
 20
0.9300000000000069
 30
0.0
 11
-18.53428571428574
 21
0.95000000000001
 31
0.0
  0
LINE
  5
10000995
102
{ACAD_XDICTIONARY
360
10000996
102
}
330
1F
100
AcDbEntity
  8
MODELSKETCH_VISIBLE
100
AcDbLine
 10
-83.82000000000002
 20
-55.25
 30
0.0
 11
-83.81000000000003
 21
-55.23999999999999
 31
0.0
  0
LINE
  5
10000999
102
{ACAD_XDICTIONARY
360
1000099A
102
}
330
1F
100
AcDbEntity
  8
MODELSKETCH_VISIBLE
100
AcDbLine
 10
20.89999999999998
 20
-5.099999999999994
 30
0.0
 11
20.89999999999998
 21
-2.119999999999994
 31
0.0
  0
LINE
  5
1000099D
102
{ACAD_XDICTIONARY
360
1000099E
102
}
330
1F
100
AcDbEntity
  8
MODELSKETCH_VISIBLE
100
AcDbLine
 10
32.58999999999997
 20
-32.73999999999999
 30
0.0
 11
32.59999999999997
 21
-32.72
 31
0.0
  0
CIRCLE
  5
100009A1
102
{ACAD_XDICTIONARY
360
100009A2
102
}
330
1F
100
AcDbEntity
  8
MODELSKETCH_VISIBLE
100
AcDbCircle
 10
-63.53206415832047
 20
-43.52977623343467
 30
0.0
 40
0.6500000000000001
  0
LINE
  5
100009A5
102
{ACAD_XDICTIONARY
360
100009A6
102
}
330
1F
100
AcDbEntity
  8
MODELSKETCH_VISIBLE
100
AcDbLine
 10
-18.53428571428574
 20
0.95000000000001
 30
0.0
 11
-18.52428571428575
 21
0.960000000000008
 31
0.0
  0
LINE
  5
100009A9
102
{ACAD_XDICTIONARY
360
100009AA
102
}
330
1F
100
AcDbEntity
  8
MODELSKETCH_VISIBLE
100
AcDbLine
 10
-83.81000000000003
 20
-55.23999999999999
 30
0.0
 11
-83.80000000000003
 21
-55.22
 31
0.0
  0
LINE
  5
100009AD
102
{ACAD_XDICTIONARY
360
100009AE
102
}
330
1F
100
AcDbEntity
  8
MODELSKETCH_VISIBLE
100
AcDbLine
 10
20.89999999999998
 20
-2.119999999999994
 30
0.0
 11
29.59999999999997
 21
-2.119999999999994
 31
0.0
  0
LINE
  5
100009B1
102
{ACAD_XDICTIONARY
360
100009B2
102
}
330
1F
100
AcDbEntity
  8
MODELSKETCH_VISIBLE
100
AcDbLine
 10
-18.52428571428575
 20
0.960000000000008
 30
0.0
 11
-18.51428571428576
 21
0.9800000000000041
 31
0.0
  0
LINE
  5
100009B5
102
{ACAD_XDICTIONARY
360
100009B6
102
}
330
1F
100
AcDbEntity
  8
MODELSKETCH_VISIBLE
100
AcDbLine
 10
-83.80000000000003
 20
-55.22
 30
0.0
 11
-83.80000000000003
 21
-46.67999999999999
 31
0.0
  0
LINE
  5
100009B9
102
{ACAD_XDICTIONARY
360
100009BA
102
}
330
1F
100
AcDbEntity
  8
MODELSKETCH_VISIBLE
100
AcDbLine
 10
35.38571428571422
 20
1.02000000000001
 30
0.0
 11
35.38571428571422
 21
0.9800000000000041
 31
0.0
  0
LINE
  5
100009BD
102
{ACAD_XDICTIONARY
360
100009BE
102
}
330
1F
100
AcDbEntity
  8
MODELSKETCH_VISIBLE
100
AcDbLine
 10
-52.18000000000003
 20
-121.8
 30
0.0
 11
-52.14000000000001
 21
-121.78
 31
0.0
  0
LINE
  5
100009C1
102
{ACAD_XDICTIONARY
360
100009C2
102
}
330
1F
100
AcDbEntity
  8
MODELSKETCH_VISIBLE
100
AcDbLine
 10
35.38571428571422
 20
0.9800000000000041
 30
0.0
 11
35.4057142857142
 21
0.9400000000000048
 31
0.0
  0
LINE
  5
100009C5
102
{ACAD_XDICTIONARY
360
100009C6
102
}
330
1F
100
AcDbEntity
  8
MODELSKETCH_VISIBLE
100
AcDbLine
 10
-52.14000000000001
 20
-121.78
 30
0.0
 11
-52.13000000000002
 21
-121.77
 31
0.0
  0
LINE
  5
100009C9
102
{ACAD_XDICTIONARY
360
100009CA
102
}
330
1F
100
AcDbEntity
  8
MODELSKETCH_VISIBLE
100
AcDbLine
 10
120.48
 20
-53.75
 30
0.0
 11
120.49
 21
-53.73999999999999
 31
0.0
  0
CIRCLE
  5
100009CD
102
{ACAD_XDICTIONARY
360
100009CE
102
}
330
1F
100
AcDbEntity
  8
MODELSKETCH_VISIBLE
100
AcDbCircle
 10
-63.53206415832047
 20
-18.12977623343467
 30
0.0
 40
0.6500000000000001
  0
LINE
  5
100009D1
102
{ACAD_XDICTIONARY
360
100009D2
102
}
330
1F
100
AcDbEntity
  8
MODELSKETCH_VISIBLE
100
AcDbLine
 10
16.90768252670761
 20
29.32259580686685
 30
0.0
 11
16.91768252670761
 21
29.33259580686686
 31
0.0
  0
LINE
  5
100009D5
102
{ACAD_XDICTIONARY
360
100009D6
102
}
330
1F
100
AcDbEntity
  8
MODELSKETCH_VISIBLE
100
AcDbLine
 10
-83.88000000000002
 20
-22.8
 30
0.0
 11
-83.84000000000005
 21
-22.77999999999999
 31
0.0
  0
LINE
  5
100009D9
102
{ACAD_XDICTIONARY
360
100009DA
102
}
330
1F
100
AcDbEntity
  8
MODELSKETCH_VISIBLE
100
AcDbLine
 10
35.4057142857142
 20
0.9400000000000048
 30
0.0
 11
35.41571428571422
 21
0.9300000000000069
 31
0.0
  0
LINE
  5
100009DD
102
{ACAD_XDICTIONARY
360
100009DE
102
}
330
1F
100
AcDbEntity
  8
MODELSKETCH_VISIBLE
100
AcDbLine
 10
-52.13000000000002
 20
-121.77
 30
0.0
 11
-52.12000000000002
 21
-121.75
 31
0.0
  0
LINE
  5
100009E1
102
{ACAD_XDICTIONARY
360
100009E2
102
}
330
1F
100
AcDbEntity
  8
MODELSKETCH_VISIBLE
100
AcDbLine
 10
35.41571428571422
 20
0.9300000000000069
 30
0.0
 11
35.45571428571421
 21
0.9100000000000108
 31
0.0
  0
LINE
  5
100009E5
102
{ACAD_XDICTIONARY
360
100009E6
102
}
330
1F
100
AcDbEntity
  8
MODELSKETCH_VISIBLE
100
AcDbLine
 10
-52.12000000000002
 20
-121.75
 30
0.0
 11
-52.11000000000001
 21
-121.74
 31
0.0
  0
LINE
  5
100009E9
102
{ACAD_XDICTIONARY
360
100009EA
102
}
330
1F
100
AcDbEntity
  8
MODELSKETCH_VISIBLE
100
AcDbLine
 10
35.45571428571421
 20
0.9100000000000108
 30
0.0
 11
35.4657142857142
 21
0.9000000000000057
 31
0.0
  0
LINE
  5
100009ED
102
{ACAD_XDICTIONARY
360
100009EE
102
}
330
1F
100
AcDbEntity
  8
MODELSKETCH_VISIBLE
100
AcDbLine
 10
-52.11000000000002
 20
-121.74
 30
0.0
 11
-52.10000000000002
 21
-121.72
 31
0.0
  0
LINE
  5
100009F1
102
{ACAD_XDICTIONARY
360
100009F2
102
}
330
1F
100
AcDbEntity
  8
MODELSKETCH_VISIBLE
100
AcDbLine
 10
35.4657142857142
 20
0.9000000000000057
 30
0.0
 11
46.88571428571422
 21
0.9000000000000057
 31
0.0
  0
LINE
  5
100009F5
102
{ACAD_XDICTIONARY
360
100009F6
102
}
330
1F
100
AcDbEntity
  8
MODELSKETCH_VISIBLE
100
AcDbLine
 10
-52.10000000000002
 20
-121.72
 30
0.0
 11
-52.10000000000002
 21
-118.8
 31
0.0
  0
LINE
  5
100009F9
102
{ACAD_XDICTIONARY
360
100009FA
102
}
330
1F
100
AcDbEntity
  8
MODELSKETCH_VISIBLE
100
AcDbLine
 10
46.88571428571422
 20
0.9000000000000057
 30
0.0
 11
46.88571428571422
 21
-2.019999999999996
 31
0.0
  0
LINE
  5
100009FD
102
{ACAD_XDICTIONARY
360
100009FE
102
}
330
1F
100
AcDbEntity
  8
MODELSKETCH_VISIBLE
100
AcDbLine
 10
-52.10000000000002
 20
-118.8
 30
0.0
 11
-44.30000000000001
 21
-118.8
 31
0.0
  0
LINE
  5
10000A01
102
{ACAD_XDICTIONARY
360
10000A02
102
}
330
1F
100
AcDbEntity
  8
MODELSKETCH_VISIBLE
100
AcDbLine
 10
46.9057142857142
 20
-2.059999999999995
 30
0.0
 11
46.91571428571422
 21
-2.069999999999993
 31
0.0
  0
LINE
  5
10000A05
102
{ACAD_XDICTIONARY
360
10000A06
102
}
330
1F
100
AcDbEntity
  8
MODELSKETCH_VISIBLE
100
AcDbLine
 10
-44.30000000000001
 20
-121.72
 30
0.0
 11
-44.28000000000002
 21
-121.76
 31
0.0
  0
LINE
  5
10000A09
102
{ACAD_XDICTIONARY
360
10000A0A
102
}
330
1F
100
AcDbEntity
  8
MODELSKETCH_VISIBLE
100
AcDbLine
 10
46.91571428571422
 20
-2.069999999999993
 30
0.0
 11
46.9357142857142
 21
-2.079999999999991
 31
0.0
  0
LINE
  5
10000A0D
102
{ACAD_XDICTIONARY
360
10000A0E
102
}
330
1F
100
AcDbEntity
  8
MODELSKETCH_VISIBLE
100
AcDbLine
 10
-44.28000000000002
 20
-121.76
 30
0.0
 11
-44.27
 21
-121.77
 31
0.0
  0
LINE
  5
10000A11
102
{ACAD_XDICTIONARY
360
10000A12
102
}
330
1F
100
AcDbEntity
  8
MODELSKETCH_VISIBLE
100
AcDbLine
 10
128.35
 20
-53.78
 30
0.0
 11
128.36
 21
-53.78999999999999
 31
0.0
  0
CIRCLE
  5
10000A15
102
{ACAD_XDICTIONARY
360
10000A16
102
}
330
1F
100
AcDbEntity
  8
MODELSKETCH_VISIBLE
100
AcDbCircle
 10
-30.51206415832064
 20
-18.12977623343467
 30
0.0
 40
0.6500000000000001
  0
LINE
  5
10000A19
102
{ACAD_XDICTIONARY
360
10000A1A
102
}
330
1F
100
AcDbEntity
  8
MODELSKETCH_VISIBLE
100
AcDbLine
 10
30.41768252670754
 20
32.33259580686691
 30
0.0
 11
30.42768252670755
 21
32.35259580686691
 31
0.0
  0
LINE
  5
10000A1D
102
{ACAD_XDICTIONARY
360
10000A1E
102
}
330
1F
100
AcDbEntity
  8
MODELSKETCH_VISIBLE
100
AcDbLine
 10
-83.83000000000003
 20
-83.63000000000002
 30
0.0
 11
-83.85000000000002
 21
-83.62000000000002
 31
0.0
  0
LINE
  5
10000A21
102
{ACAD_XDICTIONARY
360
10000A22
102
}
330
1F
100
AcDbEntity
  8
MODELSKETCH_VISIBLE
100
AcDbLine
 10
46.9357142857142
 20
-2.079999999999991
 30
0.0
 11
46.94571428571422
 21
-2.08999999999999
 31
0.0
  0
LINE
  5
10000A25
102
{ACAD_XDICTIONARY
360
10000A26
102
}
330
1F
100
AcDbEntity
  8
MODELSKETCH_VISIBLE
100
AcDbLine
 10
-44.27000000000001
 20
-121.77
 30
0.0
 11
-44.25000000000002
 21
-121.78
 31
0.0
  0
LINE
  5
10000A29
102
{ACAD_XDICTIONARY
360
10000A2A
102
}
330
1F
100
AcDbEntity
  8
MODELSKETCH_VISIBLE
100
AcDbLine
 10
46.94571428571422
 20
-2.08999999999999
 30
0.0
 11
46.9657142857142
 21
-2.099999999999994
 31
0.0
  0
LINE
  5
10000A2D
102
{ACAD_XDICTIONARY
360
10000A2E
102
}
330
1F
100
AcDbEntity
  8
MODELSKETCH_VISIBLE
100
AcDbLine
 10
-44.25000000000002
 20
-121.78
 30
0.0
 11
-44.24000000000003
 21
-121.79
 31
0.0
  0
LINE
  5
10000A31
102
{ACAD_XDICTIONARY
360
10000A32
102
}
330
1F
100
AcDbEntity
  8
MODELSKETCH_VISIBLE
100
AcDbLine
 10
46.9657142857142
 20
-2.099999999999994
 30
0.0
 11
59.00571428571423
 21
-2.099999999999994
 31
0.0
  0
LINE
  5
10000A35
102
{ACAD_XDICTIONARY
360
10000A36
102
}
330
1F
100
AcDbEntity
  8
MODELSKETCH_VISIBLE
100
AcDbLine
 10
-44.24000000000002
 20
-121.79
 30
0.0
 11
-44.22000000000001
 21
-121.8
 31
0.0
  0
LINE
  5
10000A39
102
{ACAD_XDICTIONARY
360
10000A3A
102
}
330
1F
100
AcDbEntity
  8
MODELSKETCH_VISIBLE
100
AcDbLine
 10
59.00571428571423
 20
-2.099999999999994
 30
0.0
 11
59.04571428571422
 21
-2.079999999999991
 31
0.0
  0
LINE
  5
10000A3D
102
{ACAD_XDICTIONARY
360
10000A3E
102
}
330
1F
100
AcDbEntity
  8
MODELSKETCH_VISIBLE
100
AcDbLine
 10
-44.22000000000001
 20
-121.8
 30
0.0
 11
-36.18000000000003
 21
-121.8
 31
0.0
  0
LINE
  5
10000A41
102
{ACAD_XDICTIONARY
360
10000A42
102
}
330
1F
100
AcDbEntity
  8
MODELSKETCH_VISIBLE
100
AcDbLine
 10
-125.34
 20
10.12
 30
0.0
 11
-125.33
 21
10.13
 31
0.0
  0
LINE
  5
10000A45
102
{ACAD_XDICTIONARY
360
10000A46
102
}
330
1F
100
AcDbEntity
  8
MODELSKETCH_VISIBLE
100
AcDbLine
 10
-36.18000000000003
 20
-121.8
 30
0.0
 11
-36.14000000000001
 21
-121.78
 31
0.0
  0
LINE
  5
10000A49
102
{ACAD_XDICTIONARY
360
10000A4A
102
}
330
1F
100
AcDbEntity
  8
MODELSKETCH_VISIBLE
100
AcDbLine
 10
-125.33
 20
10.13
 30
0.0
 11
-125.32
 21
10.15000000000001
 31
0.0
  0
LINE
  5
10000A4D
102
{ACAD_XDICTIONARY
360
10000A4E
102
}
330
1F
100
AcDbEntity
  8
MODELSKETCH_VISIBLE
100
AcDbLine
 10
-36.14000000000001
 20
-121.78
 30
0.0
 11
-36.13000000000002
 21
-121.77
 31
0.0
  0
LINE
  5
10000A51
102
{ACAD_XDICTIONARY
360
10000A52
102
}
330
1F
100
AcDbEntity
  8
MODELSKETCH_VISIBLE
100
AcDbLine
 10
-125.32
 20
10.15000000000001
 30
0.0
 11
-125.31
 21
10.16
 31
0.0
  0
LINE
  5
10000A55
102
{ACAD_XDICTIONARY
360
10000A56
102
}
330
1F
100
AcDbEntity
  8
MODELSKETCH_VISIBLE
100
AcDbLine
 10
-36.13000000000002
 20
-121.77
 30
0.0
 11
-36.12000000000002
 21
-121.75
 31
0.0
  0
LINE
  5
10000A59
102
{ACAD_XDICTIONARY
360
10000A5A
102
}
330
1F
100
AcDbEntity
  8
MODELSKETCH_VISIBLE
100
AcDbLine
 10
-125.31
 20
10.16
 30
0.0
 11
-125.3
 21
10.18
 31
0.0
  0
LINE
  5
10000A5D
102
{ACAD_XDICTIONARY
360
10000A5E
102
}
330
1F
100
AcDbEntity
  8
MODELSKETCH_VISIBLE
100
AcDbLine
 10
-36.12000000000002
 20
-121.75
 30
0.0
 11
-36.11000000000001
 21
-121.74
 31
0.0
  0
LINE
  5
10000A61
102
{ACAD_XDICTIONARY
360
10000A62
102
}
330
1F
100
AcDbEntity
  8
MODELSKETCH_VISIBLE
100
AcDbLine
 10
136.5
 20
-53.72
 30
0.0
 11
136.5
 21
-50.8
 31
0.0
  0
CIRCLE
  5
10000A65
102
{ACAD_XDICTIONARY
360
10000A66
102
}
330
1F
100
AcDbEntity
  8
MODELSKETCH_VISIBLE
100
AcDbCircle
 10
-45.75206415832056
 20
-43.52977623343467
 30
0.0
 40
0.6500000000000001
  0
LINE
  5
10000A69
102
{ACAD_XDICTIONARY
360
10000A6A
102
}
330
1F
100
AcDbEntity
  8
MODELSKETCH_VISIBLE
100
AcDbLine
 10
-2.672317473292439
 20
38.5025958068669
 30
0.0
 11
-2.71231747329242
 21
38.4825958068669
 31
0.0
  0
LINE
  5
10000A6D
102
{ACAD_XDICTIONARY
360
10000A6E
102
}
330
1F
100
AcDbEntity
  8
MODELSKETCH_VISIBLE
100
AcDbLine
 10
-148.99
 20
-17.16
 30
0.0
 11
-149.0
 21
-17.17999999999999
 31
0.0
  0
LINE
  5
10000A71
102
{ACAD_XDICTIONARY
360
10000A72
102
}
330
1F
100
AcDbEntity
  8
MODELSKETCH_VISIBLE
100
AcDbLine
 10
-125.3
 20
10.18
 30
0.0
 11
-125.3
 21
13.10000000000001
 31
0.0
  0
LINE
  5
10000A75
102
{ACAD_XDICTIONARY
360
10000A76
102
}
330
1F
100
AcDbEntity
  8
MODELSKETCH_VISIBLE
100
AcDbLine
 10
-36.11000000000001
 20
-121.74
 30
0.0
 11
-36.10000000000002
 21
-121.72
 31
0.0
  0
LINE
  5
10000A79
102
{ACAD_XDICTIONARY
360
10000A7A
102
}
330
1F
100
AcDbEntity
  8
MODELSKETCH_VISIBLE
100
AcDbLine
 10
-125.3
 20
13.10000000000001
 30
0.0
 11
-113.5
 21
13.10000000000001
 31
0.0
  0
LINE
  5
10000A7D
102
{ACAD_XDICTIONARY
360
10000A7E
102
}
330
1F
100
AcDbEntity
  8
MODELSKETCH_VISIBLE
100
AcDbLine
 10
-36.10000000000002
 20
-121.72
 30
0.0
 11
-36.10000000000002
 21
-118.8
 31
0.0
  0
LINE
  5
10000A81
102
{ACAD_XDICTIONARY
360
10000A82
102
}
330
1F
100
AcDbEntity
  8
MODELSKETCH_VISIBLE
100
AcDbLine
 10
-113.5
 20
13.10000000000001
 30
0.0
 11
-113.5
 21
10.18
 31
0.0
  0
LINE
  5
10000A85
102
{ACAD_XDICTIONARY
360
10000A86
102
}
330
1F
100
AcDbEntity
  8
MODELSKETCH_VISIBLE
100
AcDbLine
 10
-36.10000000000002
 20
-118.8
 30
0.0
 11
-28.30000000000001
 21
-118.8
 31
0.0
  0
LINE
  5
10000A89
102
{ACAD_XDICTIONARY
360
10000A8A
102
}
330
1F
100
AcDbEntity
  8
MODELSKETCH_VISIBLE
100
AcDbLine
 10
-113.5
 20
10.18
 30
0.0
 11
-113.48
 21
10.14
 31
0.0
  0
LINE
  5
10000A8D
102
{ACAD_XDICTIONARY
360
10000A8E
102
}
330
1F
100
AcDbEntity
  8
MODELSKETCH_VISIBLE
100
AcDbLine
 10
-28.30000000000001
 20
-118.8
 30
0.0
 11
-28.30000000000001
 21
-121.72
 31
0.0
  0
LINE
  5
10000A91
102
{ACAD_XDICTIONARY
360
10000A92
102
}
330
1F
100
AcDbEntity
  8
MODELSKETCH_VISIBLE
100
AcDbLine
 10
-113.48
 20
10.14
 30
0.0
 11
-113.47
 21
10.13
 31
0.0
  0
LINE
  5
10000A95
102
{ACAD_XDICTIONARY
360
10000A96
102
}
330
1F
100
AcDbEntity
  8
MODELSKETCH_VISIBLE
100
AcDbLine
 10
-28.30000000000001
 20
-121.72
 30
0.0
 11
-28.28000000000002
 21
-121.76
 31
0.0
  0
LINE
  5
10000A99
102
{ACAD_XDICTIONARY
360
10000A9A
102
}
330
1F
100
AcDbEntity
  8
MODELSKETCH_VISIBLE
100
AcDbLine
 10
-113.47
 20
10.13
 30
0.0
 11
-113.45
 21
10.12
 31
0.0
  0
LINE
  5
10000A9D
102
{ACAD_XDICTIONARY
360
10000A9E
102
}
330
1F
100
AcDbEntity
  8
MODELSKETCH_VISIBLE
100
AcDbLine
 10
-28.28000000000002
 20
-121.76
 30
0.0
 11
-28.27
 21
-121.77
 31
0.0
  0
LINE
  5
10000AA1
102
{ACAD_XDICTIONARY
360
10000AA2
102
}
330
1F
100
AcDbEntity
  8
MODELSKETCH_VISIBLE
100
AcDbLine
 10
-113.45
 20
10.12
 30
0.0
 11
-113.44
 21
10.11
 31
0.0
  0
LINE
  5
10000AA5
102
{ACAD_XDICTIONARY
360
10000AA6
102
}
330
1F
100
AcDbEntity
  8
MODELSKETCH_VISIBLE
100
AcDbLine
 10
-28.27000000000001
 20
-121.77
 30
0.0
 11
-28.25000000000002
 21
-121.78
 31
0.0
  0
LINE
  5
10000AA9
102
{ACAD_XDICTIONARY
360
10000AAA
102
}
330
1F
100
AcDbEntity
  8
MODELSKETCH_VISIBLE
100
AcDbLine
 10
-113.44
 20
10.11
 30
0.0
 11
-113.42
 21
10.1
 31
0.0
  0
LINE
  5
10000AAD
102
{ACAD_XDICTIONARY
360
10000AAE
102
}
330
1F
100
AcDbEntity
  8
MODELSKETCH_VISIBLE
100
AcDbLine
 10
-28.25000000000001
 20
-121.78
 30
0.0
 11
-28.24
 21
-121.79
 31
0.0
  0
LINE
  5
10000AB1
102
{ACAD_XDICTIONARY
360
10000AB2
102
}
330
1F
100
AcDbEntity
  8
MODELSKETCH_VISIBLE
100
AcDbLine
 10
146.0
 20
-43.3
 30
0.0
 11
148.92
 21
-43.3
 31
0.0
  0
CIRCLE
  5
10000AB5
102
{ACAD_XDICTIONARY
360
10000AB6
102
}
330
1F
100
AcDbEntity
  8
MODELSKETCH_VISIBLE
100
AcDbCircle
 10
238.9349309206009
 20
13.80000000000004
 30
0.0
 40
3.175
  0
LINE
  5
10000AB9
102
{ACAD_XDICTIONARY
360
10000ABA
102
}
330
1F
100
AcDbEntity
  8
MODELSKETCH_VISIBLE
100
AcDbLine
 10
-8.672317473292422
 20
32.30259580686689
 30
0.0
 11
4.747682526707592
 21
32.30259580686689
 31
0.0
  0
LINE
  5
10000ABD
102
{ACAD_XDICTIONARY
360
10000ABE
102
}
330
1F
100
AcDbEntity
  8
MODELSKETCH_VISIBLE
100
AcDbLine
 10
-146.0
 20
-22.8
 30
0.0
 11
-146.0
 21
-30.59999999999999
 31
0.0
  0
LINE
  5
10000AC1
102
{ACAD_XDICTIONARY
360
10000AC2
102
}
330
1F
100
AcDbEntity
  8
MODELSKETCH_VISIBLE
100
AcDbLine
 10
-113.42
 20
10.1
 30
0.0
 11
-101.38
 21
10.1
 31
0.0
  0
LINE
  5
10000AC5
102
{ACAD_XDICTIONARY
360
10000AC6
102
}
330
1F
100
AcDbEntity
  8
MODELSKETCH_VISIBLE
100
AcDbLine
 10
-28.24000000000001
 20
-121.79
 30
0.0
 11
-28.22000000000002
 21
-121.8
 31
0.0
  0
LINE
  5
10000AC9
102
{ACAD_XDICTIONARY
360
10000ACA
102
}
330
1F
100
AcDbEntity
  8
MODELSKETCH_VISIBLE
100
AcDbLine
 10
-101.38
 20
10.1
 30
0.0
 11
-101.34
 21
10.12
 31
0.0
  0
LINE
  5
10000ACD
102
{ACAD_XDICTIONARY
360
10000ACE
102
}
330
1F
100
AcDbEntity
  8
MODELSKETCH_VISIBLE
100
AcDbLine
 10
-101.34
 20
10.12
 30
0.0
 11
-101.33
 21
10.13
 31
0.0
  0
LINE
  5
10000AD1
102
{ACAD_XDICTIONARY
360
10000AD2
102
}
330
1F
100
AcDbEntity
  8
MODELSKETCH_VISIBLE
100
AcDbLine
 10
-101.33
 20
10.13
 30
0.0
 11
-101.32
 21
10.15000000000001
 31
0.0
  0
LINE
  5
10000AD5
102
{ACAD_XDICTIONARY
360
10000AD6
102
}
330
1F
100
AcDbEntity
  8
MODELSKETCH_VISIBLE
100
AcDbLine
 10
-101.32
 20
10.15000000000001
 30
0.0
 11
-101.31
 21
10.16
 31
0.0
  0
CIRCLE
  5
10000AD9
102
{ACAD_XDICTIONARY
360
10000ADA
102
}
330
1F
100
AcDbEntity
  8
MODELSKETCH_VISIBLE
100
AcDbCircle
 10
-50.83206415832053
 20
-18.12977623343467
 30
0.0
 40
0.6500000000000001
  0
LINE
  5
10000ADD
102
{ACAD_XDICTIONARY
360
10000ADE
102
}
330
1F
100
AcDbEntity
  8
MODELSKETCH_VISIBLE
100
AcDbLine
 10
96.30000000000001
 20
-53.72
 30
0.0
 11
96.32
 21
-53.76
 31
0.0
  0
LINE
  5
10000AE1
102
{ACAD_XDICTIONARY
360
10000AE2
102
}
330
1F
100
AcDbEntity
  8
MODELSKETCH_VISIBLE
100
AcDbLine
 10
-101.31
 20
10.16
 30
0.0
 11
-101.3
 21
10.18
 31
0.0
  0
LINE
  5
10000AE5
102
{ACAD_XDICTIONARY
360
10000AE6
102
}
330
1F
100
AcDbEntity
  8
MODELSKETCH_VISIBLE
100
AcDbLine
 10
-101.3
 20
10.18
 30
0.0
 11
-101.3
 21
13.10000000000001
 31
0.0
  0
LINE
  5
10000AE9
102
{ACAD_XDICTIONARY
360
10000AEA
102
}
330
1F
100
AcDbEntity
  8
MODELSKETCH_VISIBLE
100
AcDbLine
 10
-101.3
 20
13.10000000000001
 30
0.0
 11
-89.88000000000002
 21
13.10000000000001
 31
0.0
  0
CIRCLE
  5
10000AED
102
{ACAD_XDICTIONARY
360
10000AEE
102
}
330
1F
100
AcDbEntity
  8
MODELSKETCH_VISIBLE
100
AcDbCircle
 10
-53.37206415832052
 20
-18.12977623343467
 30
0.0
 40
0.6500000000000001
  0
LINE
  5
10000AF1
102
{ACAD_XDICTIONARY
360
10000AF2
102
}
330
1F
100
AcDbEntity
  8
MODELSKETCH_VISIBLE
100
AcDbLine
 10
-89.88000000000002
 20
13.10000000000001
 30
0.0
 11
-89.84000000000003
 21
13.12
 31
0.0
  0
LINE
  5
10000AF5
102
{ACAD_XDICTIONARY
360
10000AF6
102
}
330
1F
100
AcDbEntity
  8
MODELSKETCH_VISIBLE
100
AcDbLine
 10
-89.84000000000003
 20
13.12
 30
0.0
 11
-89.83000000000004
 21
13.13000000000001
 31
0.0
  0
LINE
  5
10000AF9
102
{ACAD_XDICTIONARY
360
10000AFA
102
}
330
1F
100
AcDbEntity
  8
MODELSKETCH_VISIBLE
100
AcDbLine
 10
-89.83000000000004
 20
13.13000000000001
 30
0.0
 11
-89.82000000000002
 21
13.15000000000001
 31
0.0
  0
LINE
  5
10000AFD
102
{ACAD_XDICTIONARY
360
10000AFE
102
}
330
1F
100
AcDbEntity
  8
MODELSKETCH_VISIBLE
100
AcDbLine
 10
-89.82000000000002
 20
13.15000000000001
 30
0.0
 11
-89.81000000000003
 21
13.16
 31
0.0
  0
LINE
  5
10000B01
102
{ACAD_XDICTIONARY
360
10000B02
102
}
330
1F
100
AcDbEntity
  8
MODELSKETCH_VISIBLE
100
AcDbLine
 10
-89.81000000000003
 20
13.16
 30
0.0
 11
-89.80000000000003
 21
13.18000000000001
 31
0.0
  0
CIRCLE
  5
10000B05
102
{ACAD_XDICTIONARY
360
10000B06
102
}
330
1F
100
AcDbEntity
  8
MODELSKETCH_VISIBLE
100
AcDbCircle
 10
-66.07206415832046
 20
-43.52977623343467
 30
0.0
 40
0.6500000000000001
  0
LINE
  5
10000B09
102
{ACAD_XDICTIONARY
360
10000B0A
102
}
330
1F
100
AcDbEntity
  8
MODELSKETCH_VISIBLE
100
AcDbLine
 10
-122.1442857142857
 20
-2.069999999999993
 30
0.0
 11
-122.1342857142857
 21
-2.04999999999999
 31
0.0
  0
LINE
  5
10000B0D
102
{ACAD_XDICTIONARY
360
10000B0E
102
}
330
1F
100
AcDbEntity
  8
MODELSKETCH_VISIBLE
100
AcDbLine
 10
-89.80000000000003
 20
13.18000000000001
 30
0.0
 11
-89.80000000000003
 21
13.22
 31
0.0
  0
LINE
  5
10000B11
102
{ACAD_XDICTIONARY
360
10000B12
102
}
330
1F
100
AcDbEntity
  8
MODELSKETCH_VISIBLE
100
AcDbLine
 10
-89.80000000000003
 20
13.22
 30
0.0
 11
-89.82000000000002
 21
13.26000000000001
 31
0.0
  0
LINE
  5
10000B15
102
{ACAD_XDICTIONARY
360
10000B16
102
}
330
1F
100
AcDbEntity
  8
MODELSKETCH_VISIBLE
100
AcDbLine
 10
-89.82000000000002
 20
13.26000000000001
 30
0.0
 11
-95.84000000000003
 21
19.28
 31
0.0
  0
LINE
  5
10000B19
102
{ACAD_XDICTIONARY
360
10000B1A
102
}
330
1F
100
AcDbEntity
  8
MODELSKETCH_VISIBLE
100
AcDbLine
 10
-27.63000000000003
 20
13.13000000000001
 30
0.0
 11
-27.62000000000002
 21
13.15000000000001
 31
0.0
  0
LINE
  5
10000B1D
102
{ACAD_XDICTIONARY
360
10000B1E
102
}
330
1F
100
AcDbEntity
  8
MODELSKETCH_VISIBLE
100
AcDbLine
 10
-27.62000000000002
 20
13.15000000000001
 30
0.0
 11
-27.61000000000001
 21
13.16000000000001
 31
0.0
  0
LINE
  5
10000B21
102
{ACAD_XDICTIONARY
360
10000B22
102
}
330
1F
100
AcDbEntity
  8
MODELSKETCH_VISIBLE
100
AcDbLine
 10
-27.61000000000001
 20
13.16000000000001
 30
0.0
 11
-27.60000000000002
 21
13.18000000000001
 31
0.0
  0
CIRCLE
  5
10000B25
102
{ACAD_XDICTIONARY
360
10000B26
102
}
330
1F
100
AcDbEntity
  8
MODELSKETCH_VISIBLE
100
AcDbCircle
 10
-25.43206415832067
 20
-43.52977623343467
 30
0.0
 40
0.6500000000000001
  0
LINE
  5
10000B29
102
{ACAD_XDICTIONARY
360
10000B2A
102
}
330
1F
100
AcDbEntity
  8
MODELSKETCH_VISIBLE
100
AcDbLine
 10
-27.60000000000002
 20
13.18000000000001
 30
0.0
 11
-27.60000000000002
 21
52.22000000000001
 31
0.0
  0
LINE
  5
10000B2D
102
{ACAD_XDICTIONARY
360
10000B2E
102
}
330
1F
100
AcDbEntity
  8
MODELSKETCH_VISIBLE
100
AcDbLine
 10
-27.60000000000002
 20
52.22000000000001
 30
0.0
 11
-27.62000000000002
 21
52.26000000000001
 31
0.0
  0
LINE
  5
10000B31
102
{ACAD_XDICTIONARY
360
10000B32
102
}
330
1F
100
AcDbEntity
  8
MODELSKETCH_VISIBLE
100
AcDbLine
 10
-27.62000000000002
 20
52.26000000000001
 30
0.0
 11
-27.63000000000003
 21
52.27
 31
0.0
  0
LINE
  5
10000B35
102
{ACAD_XDICTIONARY
360
10000B36
102
}
330
1F
100
AcDbEntity
  8
MODELSKETCH_VISIBLE
100
AcDbLine
 10
-27.63000000000003
 20
52.27
 30
0.0
 11
-27.65000000000002
 21
52.28
 31
0.0
  0
LINE
  5
10000B39
102
{ACAD_XDICTIONARY
360
10000B3A
102
}
330
1F
100
AcDbEntity
  8
MODELSKETCH_VISIBLE
100
AcDbLine
 10
-27.65000000000002
 20
52.28
 30
0.0
 11
-27.66000000000003
 21
52.29000000000001
 31
0.0
  0
LINE
  5
10000B3D
102
{ACAD_XDICTIONARY
360
10000B3E
102
}
330
1F
100
AcDbEntity
  8
MODELSKETCH_VISIBLE
100
AcDbLine
 10
-27.66000000000003
 20
52.29000000000001
 30
0.0
 11
-27.68000000000002
 21
52.3
 31
0.0
  0
LINE
  5
10000B41
102
{ACAD_XDICTIONARY
360
10000B42
102
}
330
1F
100
AcDbEntity
  8
MODELSKETCH_VISIBLE
100
AcDbLine
 10
-27.68000000000002
 20
52.3
 30
0.0
 11
-39.10000000000002
 21
52.3
 31
0.0
  0
LINE
  5
10000B45
102
{ACAD_XDICTIONARY
360
10000B46
102
}
330
1F
100
AcDbEntity
  8
MODELSKETCH_VISIBLE
100
AcDbLine
 10
-39.15000000000002
 20
55.28
 30
0.0
 11
-39.16000000000003
 21
55.29000000000001
 31
0.0
  0
LINE
  5
10000B49
102
{ACAD_XDICTIONARY
360
10000B4A
102
}
330
1F
100
AcDbEntity
  8
MODELSKETCH_VISIBLE
100
AcDbLine
 10
-39.16000000000003
 20
55.29000000000001
 30
0.0
 11
-39.18000000000002
 21
55.3
 31
0.0
  0
LINE
  5
10000B4D
102
{ACAD_XDICTIONARY
360
10000B4E
102
}
330
1F
100
AcDbEntity
  8
MODELSKETCH_VISIBLE
100
AcDbLine
 10
-39.13000000000002
 20
55.27
 30
0.0
 11
-39.15000000000002
 21
55.28
 31
0.0
  0
LINE
  5
10000B51
102
{ACAD_XDICTIONARY
360
10000B52
102
}
330
1F
100
AcDbEntity
  8
MODELSKETCH_VISIBLE
100
AcDbLine
 10
-39.12000000000003
 20
55.26000000000001
 30
0.0
 11
-39.13000000000002
 21
55.27
 31
0.0
  0
LINE
  5
10000B55
102
{ACAD_XDICTIONARY
360
10000B56
102
}
330
1F
100
AcDbEntity
  8
MODELSKETCH_VISIBLE
100
AcDbLine
 10
-39.10000000000002
 20
55.22
 30
0.0
 11
-39.12000000000003
 21
55.26000000000001
 31
0.0
  0
LINE
  5
10000B59
102
{ACAD_XDICTIONARY
360
10000B5A
102
}
330
1F
100
AcDbEntity
  8
MODELSKETCH_VISIBLE
100
AcDbLine
 10
-39.10000000000002
 20
52.3
 30
0.0
 11
-39.10000000000002
 21
55.22
 31
0.0
  0
LINE
  5
10000B5D
102
{ACAD_XDICTIONARY
360
10000B5E
102
}
330
1F
100
AcDbEntity
  8
MODELSKETCH_VISIBLE
100
AcDbLine
 10
-27.64000000000001
 20
13.12
 30
0.0
 11
-27.63000000000003
 21
13.13000000000001
 31
0.0
  0
LINE
  5
10000B61
102
{ACAD_XDICTIONARY
360
10000B62
102
}
330
1F
100
AcDbEntity
  8
MODELSKETCH_VISIBLE
100
AcDbLine
 10
-125.38
 20
10.1
 30
0.0
 11
-125.34
 21
10.12
 31
0.0
  0
LINE
  5
10000B65
102
{ACAD_XDICTIONARY
360
10000B66
102
}
330
1F
100
AcDbEntity
  8
MODELSKETCH_VISIBLE
100
AcDbLine
 10
-137.42
 20
10.1
 30
0.0
 11
-125.38
 21
10.1
 31
0.0
  0
LINE
  5
10000B69
102
{ACAD_XDICTIONARY
360
10000B6A
102
}
330
1F
100
AcDbEntity
  8
MODELSKETCH_VISIBLE
100
AcDbLine
 10
-137.44
 20
10.11
 30
0.0
 11
-137.42
 21
10.1
 31
0.0
  0
LINE
  5
10000B6D
102
{ACAD_XDICTIONARY
360
10000B6E
102
}
330
1F
100
AcDbEntity
  8
MODELSKETCH_VISIBLE
100
AcDbLine
 10
-137.45
 20
10.12
 30
0.0
 11
-137.44
 21
10.11
 31
0.0
  0
LINE
  5
10000B71
102
{ACAD_XDICTIONARY
360
10000B72
102
}
330
1F
100
AcDbEntity
  8
MODELSKETCH_VISIBLE
100
AcDbLine
 10
-137.47
 20
10.13
 30
0.0
 11
-137.45
 21
10.12
 31
0.0
  0
CIRCLE
  5
10000B75
102
{ACAD_XDICTIONARY
360
10000B76
102
}
330
1F
100
AcDbEntity
  8
MODELSKETCH_VISIBLE
100
AcDbCircle
 10
-58.4520641583205
 20
-43.52977623343467
 30
0.0
 40
0.6500000000000001
  0
LINE
  5
10000B79
102
{ACAD_XDICTIONARY
360
10000B7A
102
}
330
1F
100
AcDbEntity
  8
MODELSKETCH_VISIBLE
100
AcDbLine
 10
-137.48
 20
10.14
 30
0.0
 11
-137.47
 21
10.13
 31
0.0
  0
LINE
  5
10000B7D
102
{ACAD_XDICTIONARY
360
10000B7E
102
}
330
1F
100
AcDbEntity
  8
MODELSKETCH_VISIBLE
100
AcDbLine
 10
-137.5
 20
10.18
 30
0.0
 11
-137.48
 21
10.14
 31
0.0
  0
LINE
  5
10000B81
102
{ACAD_XDICTIONARY
360
10000B82
102
}
330
1F
100
AcDbEntity
  8
MODELSKETCH_VISIBLE
100
AcDbLine
 10
-137.5
 20
13.10000000000001
 30
0.0
 11
-137.5
 21
10.18
 31
0.0
  0
LINE
  5
10000B85
102
{ACAD_XDICTIONARY
360
10000B86
102
}
330
1F
100
AcDbEntity
  8
MODELSKETCH_VISIBLE
100
AcDbLine
 10
-148.92
 20
13.10000000000001
 30
0.0
 11
-137.5
 21
13.10000000000001
 31
0.0
  0
LINE
  5
10000B89
102
{ACAD_XDICTIONARY
360
10000B8A
102
}
330
1F
100
AcDbEntity
  8
MODELSKETCH_VISIBLE
100
AcDbLine
 10
-148.93
 20
13.11
 30
0.0
 11
-148.92
 21
13.10000000000001
 31
0.0
  0
CIRCLE
  5
10000B8D
102
{ACAD_XDICTIONARY
360
10000B8E
102
}
330
1F
100
AcDbEntity
  8
MODELSKETCH_VISIBLE
100
AcDbCircle
 10
-35.59206415832061
 20
-43.52977623343467
 30
0.0
 40
0.6500000000000001
  0
LINE
  5
10000B91
102
{ACAD_XDICTIONARY
360
10000B92
102
}
330
1F
100
AcDbEntity
  8
MODELSKETCH_VISIBLE
100
AcDbLine
 10
-148.97
 20
13.13000000000001
 30
0.0
 11
-148.93
 21
13.11
 31
0.0
  0
LINE
  5
10000B95
102
{ACAD_XDICTIONARY
360
10000B96
102
}
330
1F
100
AcDbEntity
  8
MODELSKETCH_VISIBLE
100
AcDbLine
 10
-148.98
 20
13.14
 30
0.0
 11
-148.97
 21
13.13000000000001
 31
0.0
  0
LINE
  5
10000B99
102
{ACAD_XDICTIONARY
360
10000B9A
102
}
330
1F
100
AcDbEntity
  8
MODELSKETCH_VISIBLE
100
AcDbLine
 10
-149.0
 20
13.18000000000001
 30
0.0
 11
-148.98
 21
13.14
 31
0.0
  0
CIRCLE
  5
10000B9D
102
{ACAD_XDICTIONARY
360
10000B9E
102
}
330
1F
100
AcDbEntity
  8
MODELSKETCH_VISIBLE
100
AcDbCircle
 10
-43.21206415832057
 20
-18.12977623343467
 30
0.0
 40
0.6500000000000001
  0
CIRCLE
  5
10000BA1
102
{ACAD_XDICTIONARY
360
10000BA2
102
}
330
1F
100
AcDbEntity
  8
MODELSKETCH_VISIBLE
100
AcDbCircle
 10
-33.05206415832063
 20
-43.52977623343467
 30
0.0
 40
0.6500000000000001
  0
LINE
  5
10000BA5
102
{ACAD_XDICTIONARY
360
10000BA6
102
}
330
1F
100
AcDbEntity
  8
MODELSKETCH_VISIBLE
100
AcDbLine
 10
-108.6342857142857
 20
0.95000000000001
 30
0.0
 11
-108.6242857142858
 21
0.960000000000008
 31
0.0
  0
LINE
  5
10000BA9
102
{ACAD_XDICTIONARY
360
10000BAA
102
}
330
1F
100
AcDbEntity
  8
MODELSKETCH_VISIBLE
100
AcDbLine
 10
-149.0
 20
13.22
 30
0.0
 11
-149.0
 21
13.18000000000001
 31
0.0
  0
LINE
  5
10000BAD
102
{ACAD_XDICTIONARY
360
10000BAE
102
}
330
1F
100
AcDbEntity
  8
MODELSKETCH_VISIBLE
100
AcDbLine
 10
-148.98
 20
13.26000000000001
 30
0.0
 11
-149.0
 21
13.22
 31
0.0
  0
LINE
  5
10000BB1
102
{ACAD_XDICTIONARY
360
10000BB2
102
}
330
1F
100
AcDbEntity
  8
MODELSKETCH_VISIBLE
100
AcDbLine
 10
-142.96
 20
19.28
 30
0.0
 11
-148.98
 21
13.26000000000001
 31
0.0
  0
LINE
  5
10000BB5
102
{ACAD_XDICTIONARY
360
10000BB6
102
}
330
1F
100
AcDbEntity
  8
MODELSKETCH_VISIBLE
100
AcDbLine
 10
-142.92
 20
19.3
 30
0.0
 11
-142.96
 21
19.28
 31
0.0
  0
LINE
  5
10000BB9
102
{ACAD_XDICTIONARY
360
10000BBA
102
}
330
1F
100
AcDbEntity
  8
MODELSKETCH_VISIBLE
100
AcDbLine
 10
-95.88000000000002
 20
19.3
 30
0.0
 11
-142.92
 21
19.3
 31
0.0
  0
CIRCLE
  5
10000BBD
102
{ACAD_XDICTIONARY
360
10000BBE
102
}
330
1F
100
AcDbEntity
  8
MODELSKETCH_VISIBLE
100
AcDbCircle
 10
-68.61206415832044
 20
-43.52977623343467
 30
0.0
 40
0.6500000000000001
  0
LINE
  5
10000BC1
102
{ACAD_XDICTIONARY
360
10000BC2
102
}
330
1F
100
AcDbEntity
  8
MODELSKETCH_VISIBLE
100
AcDbLine
 10
-95.84000000000003
 20
19.28
 30
0.0
 11
-95.88000000000002
 21
19.3
 31
0.0
  0
LINE
  5
10000BC5
102
{ACAD_XDICTIONARY
360
10000BC6
102
}
330
1F
100
AcDbEntity
  8
MODELSKETCH_VISIBLE
100
AcDbLine
 10
41.42571428571421
 20
7.080000000000005
 30
0.0
 11
35.4057142857142
 21
1.06000000000001
 31
0.0
  0
LINE
  5
10000BC9
102
{ACAD_XDICTIONARY
360
10000BCA
102
}
330
1F
100
AcDbEntity
  8
MODELSKETCH_VISIBLE
100
AcDbLine
 10
-60.24000000000002
 20
-121.79
 30
0.0
 11
-60.22000000000001
 21
-121.8
 31
0.0
  0
LINE
  5
10000BCD
102
{ACAD_XDICTIONARY
360
10000BCE
102
}
330
1F
100
AcDbEntity
  8
MODELSKETCH_VISIBLE
100
AcDbLine
 10
41.46571428571421
 20
7.100000000000009
 30
0.0
 11
41.42571428571421
 21
7.080000000000005
 31
0.0
  0
LINE
  5
10000BD1
102
{ACAD_XDICTIONARY
360
10000BD2
102
}
330
1F
100
AcDbEntity
  8
MODELSKETCH_VISIBLE
100
AcDbLine
 10
-60.25000000000002
 20
-121.78
 30
0.0
 11
-60.24000000000003
 21
-121.79
 31
0.0
  0
LINE
  5
10000BD5
102
{ACAD_XDICTIONARY
360
10000BD6
102
}
330
1F
100
AcDbEntity
  8
MODELSKETCH_VISIBLE
100
AcDbLine
 10
88.50571428571422
 20
7.100000000000009
 30
0.0
 11
41.46571428571421
 21
7.100000000000009
 31
0.0
  0
LINE
  5
10000BD9
102
{ACAD_XDICTIONARY
360
10000BDA
102
}
330
1F
100
AcDbEntity
  8
MODELSKETCH_VISIBLE
100
AcDbLine
 10
-60.27000000000001
 20
-121.77
 30
0.0
 11
-60.25000000000002
 21
-121.78
 31
0.0
  0
LINE
  5
10000BDD
102
{ACAD_XDICTIONARY
360
10000BDE
102
}
330
1F
100
AcDbEntity
  8
MODELSKETCH_VISIBLE
100
AcDbLine
 10
88.54571428571421
 20
7.080000000000005
 30
0.0
 11
88.50571428571422
 21
7.100000000000009
 31
0.0
  0
LINE
  5
10000BE1
102
{ACAD_XDICTIONARY
360
10000BE2
102
}
330
1F
100
AcDbEntity
  8
MODELSKETCH_VISIBLE
100
AcDbLine
 10
-60.28000000000002
 20
-121.76
 30
0.0
 11
-60.27
 21
-121.77
 31
0.0
  0
LINE
  5
10000BE5
102
{ACAD_XDICTIONARY
360
10000BE6
102
}
330
1F
100
AcDbEntity
  8
MODELSKETCH_VISIBLE
100
AcDbLine
 10
94.56571428571422
 20
1.06000000000001
 30
0.0
 11
88.54571428571421
 21
7.080000000000005
 31
0.0
  0
LINE
  5
10000BE9
102
{ACAD_XDICTIONARY
360
10000BEA
102
}
330
1F
100
AcDbEntity
  8
MODELSKETCH_VISIBLE
100
AcDbLine
 10
-60.30000000000001
 20
-121.72
 30
0.0
 11
-60.28000000000002
 21
-121.76
 31
0.0
  0
LINE
  5
10000BED
102
{ACAD_XDICTIONARY
360
10000BEE
102
}
330
1F
100
AcDbEntity
  8
MODELSKETCH_VISIBLE
100
AcDbLine
 10
94.5857142857142
 20
1.02000000000001
 30
0.0
 11
94.56571428571422
 21
1.06000000000001
 31
0.0
  0
LINE
  5
10000BF1
102
{ACAD_XDICTIONARY
360
10000BF2
102
}
330
1F
100
AcDbEntity
  8
MODELSKETCH_VISIBLE
100
AcDbLine
 10
-60.30000000000001
 20
-118.8
 30
0.0
 11
-60.30000000000001
 21
-121.72
 31
0.0
  0
LINE
  5
10000BF5
102
{ACAD_XDICTIONARY
360
10000BF6
102
}
330
1F
100
AcDbEntity
  8
MODELSKETCH_VISIBLE
100
AcDbLine
 10
94.5857142857142
 20
0.9800000000000041
 30
0.0
 11
94.5857142857142
 21
1.02000000000001
 31
0.0
  0
LINE
  5
10000BF9
102
{ACAD_XDICTIONARY
360
10000BFA
102
}
330
1F
100
AcDbEntity
  8
MODELSKETCH_VISIBLE
100
AcDbLine
 10
-68.10000000000002
 20
-118.8
 30
0.0
 11
-60.30000000000001
 21
-118.8
 31
0.0
  0
LINE
  5
10000BFD
102
{ACAD_XDICTIONARY
360
10000BFE
102
}
330
1F
100
AcDbEntity
  8
MODELSKETCH_VISIBLE
100
AcDbLine
 10
94.56571428571422
 20
0.95000000000001
 30
0.0
 11
94.57571428571423
 21
0.960000000000008
 31
0.0
  0
LINE
  5
10000C01
102
{ACAD_XDICTIONARY
360
10000C02
102
}
330
1F
100
AcDbEntity
  8
MODELSKETCH_VISIBLE
100
AcDbLine
 10
-68.11000000000001
 20
-121.74
 30
0.0
 11
-68.10000000000002
 21
-121.72
 31
0.0
  0
LINE
  5
10000C05
102
{ACAD_XDICTIONARY
360
10000C06
102
}
330
1F
100
AcDbEntity
  8
MODELSKETCH_VISIBLE
100
AcDbLine
 10
94.5557142857142
 20
0.9300000000000069
 30
0.0
 11
94.56571428571422
 21
0.95000000000001
 31
0.0
  0
LINE
  5
10000C09
102
{ACAD_XDICTIONARY
360
10000C0A
102
}
330
1F
100
AcDbEntity
  8
MODELSKETCH_VISIBLE
100
AcDbLine
 10
-68.12000000000002
 20
-121.75
 30
0.0
 11
-68.11000000000001
 21
-121.74
 31
0.0
  0
LINE
  5
10000C0D
102
{ACAD_XDICTIONARY
360
10000C0E
102
}
330
1F
100
AcDbEntity
  8
MODELSKETCH_VISIBLE
100
AcDbLine
 10
94.54571428571423
 20
0.9200000000000088
 30
0.0
 11
94.5557142857142
 21
0.9300000000000069
 31
0.0
  0
LINE
  5
10000C11
102
{ACAD_XDICTIONARY
360
10000C12
102
}
330
1F
100
AcDbEntity
  8
MODELSKETCH_VISIBLE
100
AcDbLine
 10
-68.13000000000002
 20
-121.77
 30
0.0
 11
-68.12000000000002
 21
-121.75
 31
0.0
  0
LINE
  5
10000C15
102
{ACAD_XDICTIONARY
360
10000C16
102
}
330
1F
100
AcDbEntity
  8
MODELSKETCH_VISIBLE
100
AcDbLine
 10
94.50571428571422
 20
0.9000000000000057
 30
0.0
 11
94.54571428571423
 21
0.9200000000000088
 31
0.0
  0
LINE
  5
10000C19
102
{ACAD_XDICTIONARY
360
10000C1A
102
}
330
1F
100
AcDbEntity
  8
MODELSKETCH_VISIBLE
100
AcDbLine
 10
-68.14000000000001
 20
-121.78
 30
0.0
 11
-68.13000000000002
 21
-121.77
 31
0.0
  0
LINE
  5
10000C1D
102
{ACAD_XDICTIONARY
360
10000C1E
102
}
330
1F
100
AcDbEntity
  8
MODELSKETCH_VISIBLE
100
AcDbLine
 10
83.0857142857142
 20
0.9000000000000057
 30
0.0
 11
94.50571428571422
 21
0.9000000000000057
 31
0.0
  0
LINE
  5
10000C21
102
{ACAD_XDICTIONARY
360
10000C22
102
}
330
1F
100
AcDbEntity
  8
MODELSKETCH_VISIBLE
100
AcDbLine
 10
-136.38
 20
-55.3
 30
0.0
 11
-136.34
 21
-55.28
 31
0.0
  0
LINE
  5
10000C25
102
{ACAD_XDICTIONARY
360
10000C26
102
}
330
1F
100
AcDbEntity
  8
MODELSKETCH_VISIBLE
100
AcDbLine
 10
83.0857142857142
 20
-2.019999999999996
 30
0.0
 11
83.0857142857142
 21
0.9000000000000058
 31
0.0
  0
LINE
  5
10000C29
102
{ACAD_XDICTIONARY
360
10000C2A
102
}
330
1F
100
AcDbEntity
  8
MODELSKETCH_VISIBLE
100
AcDbLine
 10
-148.92
 20
-55.3
 30
0.0
 11
-136.38
 21
-55.3
 31
0.0
  0
LINE
  5
10000C2D
102
{ACAD_XDICTIONARY
360
10000C2E
102
}
330
1F
100
AcDbEntity
  8
MODELSKETCH_VISIBLE
100
AcDbLine
 10
83.07571428571421
 20
-2.039999999999992
 30
0.0
 11
83.0857142857142
 21
-2.019999999999996
 31
0.0
  0
LINE
  5
10000C31
102
{ACAD_XDICTIONARY
360
10000C32
102
}
330
1F
100
AcDbEntity
  8
MODELSKETCH_VISIBLE
100
AcDbLine
 10
-148.94
 20
-55.28999999999999
 30
0.0
 11
-148.92
 21
-55.3
 31
0.0
  0
LINE
  5
10000C35
102
{ACAD_XDICTIONARY
360
10000C36
102
}
330
1F
100
AcDbEntity
  8
MODELSKETCH_VISIBLE
100
AcDbLine
 10
83.06571428571422
 20
-2.04999999999999
 30
0.0
 11
83.07571428571421
 21
-2.039999999999992
 31
0.0
  0
LINE
  5
10000C39
102
{ACAD_XDICTIONARY
360
10000C3A
102
}
330
1F
100
AcDbEntity
  8
MODELSKETCH_VISIBLE
100
AcDbLine
 10
-148.95
 20
-55.28
 30
0.0
 11
-148.94
 21
-55.28999999999999
 31
0.0
  0
LINE
  5
10000C3D
102
{ACAD_XDICTIONARY
360
10000C3E
102
}
330
1F
100
AcDbEntity
  8
MODELSKETCH_VISIBLE
100
AcDbLine
 10
83.0557142857142
 20
-2.069999999999993
 30
0.0
 11
83.06571428571422
 21
-2.04999999999999
 31
0.0
  0
LINE
  5
10000C41
102
{ACAD_XDICTIONARY
360
10000C42
102
}
330
1F
100
AcDbEntity
  8
MODELSKETCH_VISIBLE
100
AcDbLine
 10
-148.97
 20
-55.27
 30
0.0
 11
-148.95
 21
-55.28
 31
0.0
  0
LINE
  5
10000C45
102
{ACAD_XDICTIONARY
360
10000C46
102
}
330
1F
100
AcDbEntity
  8
MODELSKETCH_VISIBLE
100
AcDbLine
 10
83.04571428571421
 20
-2.079999999999991
 30
0.0
 11
83.0557142857142
 21
-2.069999999999993
 31
0.0
  0
LINE
  5
10000C49
102
{ACAD_XDICTIONARY
360
10000C4A
102
}
330
1F
100
AcDbEntity
  8
MODELSKETCH_VISIBLE
100
AcDbLine
 10
-148.98
 20
-55.25999999999999
 30
0.0
 11
-148.97
 21
-55.27
 31
0.0
  0
LINE
  5
10000C4D
102
{ACAD_XDICTIONARY
360
10000C4E
102
}
330
1F
100
AcDbEntity
  8
MODELSKETCH_VISIBLE
100
AcDbLine
 10
83.00571428571422
 20
-2.099999999999994
 30
0.0
 11
83.04571428571421
 21
-2.079999999999991
 31
0.0
  0
LINE
  5
10000C51
102
{ACAD_XDICTIONARY
360
10000C52
102
}
330
1F
100
AcDbEntity
  8
MODELSKETCH_VISIBLE
100
AcDbLine
 10
-149.0
 20
-55.22
 30
0.0
 11
-148.98
 21
-55.25999999999999
 31
0.0
  0
LINE
  5
10000C55
102
{ACAD_XDICTIONARY
360
10000C56
102
}
330
1F
100
AcDbEntity
  8
MODELSKETCH_VISIBLE
100
AcDbLine
 10
70.9657142857142
 20
-2.099999999999994
 30
0.0
 11
83.00571428571422
 21
-2.099999999999994
 31
0.0
  0
LINE
  5
10000C59
102
{ACAD_XDICTIONARY
360
10000C5A
102
}
330
1F
100
AcDbEntity
  8
MODELSKETCH_VISIBLE
100
AcDbLine
 10
-149.0
 20
-46.67999999999999
 30
0.0
 11
-149.0
 21
-55.22
 31
0.0
  0
LINE
  5
10000C5D
102
{ACAD_XDICTIONARY
360
10000C5E
102
}
330
1F
100
AcDbEntity
  8
MODELSKETCH_VISIBLE
100
AcDbLine
 10
70.94571428571422
 20
-2.08999999999999
 30
0.0
 11
70.9657142857142
 21
-2.099999999999994
 31
0.0
  0
LINE
  5
10000C61
102
{ACAD_XDICTIONARY
360
10000C62
102
}
330
1F
100
AcDbEntity
  8
MODELSKETCH_VISIBLE
100
AcDbLine
 10
-148.99
 20
-46.66
 30
0.0
 11
-149.0
 21
-46.67999999999999
 31
0.0
  0
LINE
  5
10000C65
102
{ACAD_XDICTIONARY
360
10000C66
102
}
330
1F
100
AcDbEntity
  8
MODELSKETCH_VISIBLE
100
AcDbLine
 10
70.9357142857142
 20
-2.079999999999991
 30
0.0
 11
70.94571428571422
 21
-2.08999999999999
 31
0.0
  0
LINE
  5
10000C69
102
{ACAD_XDICTIONARY
360
10000C6A
102
}
330
1F
100
AcDbEntity
  8
MODELSKETCH_VISIBLE
100
AcDbLine
 10
-148.98
 20
-46.65
 30
0.0
 11
-148.99
 21
-46.66
 31
0.0
  0
LINE
  5
10000C6D
102
{ACAD_XDICTIONARY
360
10000C6E
102
}
330
1F
100
AcDbEntity
  8
MODELSKETCH_VISIBLE
100
AcDbLine
 10
70.91571428571422
 20
-2.069999999999993
 30
0.0
 11
70.9357142857142
 21
-2.079999999999991
 31
0.0
  0
LINE
  5
10000C71
102
{ACAD_XDICTIONARY
360
10000C72
102
}
330
1F
100
AcDbEntity
  8
MODELSKETCH_VISIBLE
100
AcDbLine
 10
-148.97
 20
-46.63
 30
0.0
 11
-148.98
 21
-46.65
 31
0.0
  0
LINE
  5
10000C75
102
{ACAD_XDICTIONARY
360
10000C76
102
}
330
1F
100
AcDbEntity
  8
MODELSKETCH_VISIBLE
100
AcDbLine
 10
70.9057142857142
 20
-2.059999999999995
 30
0.0
 11
70.91571428571422
 21
-2.069999999999993
 31
0.0
  0
LINE
  5
10000C79
102
{ACAD_XDICTIONARY
360
10000C7A
102
}
330
1F
100
AcDbEntity
  8
MODELSKETCH_VISIBLE
100
AcDbLine
 10
-148.96
 20
-46.62
 30
0.0
 11
-148.97
 21
-46.63
 31
0.0
  0
LINE
  5
10000C7D
102
{ACAD_XDICTIONARY
360
10000C7E
102
}
330
1F
100
AcDbEntity
  8
MODELSKETCH_VISIBLE
100
AcDbLine
 10
70.88571428571422
 20
-2.019999999999996
 30
0.0
 11
70.9057142857142
 21
-2.059999999999995
 31
0.0
  0
LINE
  5
10000C81
102
{ACAD_XDICTIONARY
360
10000C82
102
}
330
1F
100
AcDbEntity
  8
MODELSKETCH_VISIBLE
100
AcDbLine
 10
-148.92
 20
-46.59999999999999
 30
0.0
 11
-148.96
 21
-46.62
 31
0.0
  0
LINE
  5
10000C85
102
{ACAD_XDICTIONARY
360
10000C86
102
}
330
1F
100
AcDbEntity
  8
MODELSKETCH_VISIBLE
100
AcDbLine
 10
70.88571428571422
 20
0.9000000000000057
 30
0.0
 11
70.88571428571422
 21
-2.019999999999996
 31
0.0
  0
LINE
  5
10000C89
102
{ACAD_XDICTIONARY
360
10000C8A
102
}
330
1F
100
AcDbEntity
  8
MODELSKETCH_VISIBLE
100
AcDbLine
 10
-146.0
 20
-46.59999999999999
 30
0.0
 11
-148.92
 21
-46.59999999999999
 31
0.0
  0
LINE
  5
10000C8D
102
{ACAD_XDICTIONARY
360
10000C8E
102
}
330
1F
100
AcDbEntity
  8
MODELSKETCH_VISIBLE
100
AcDbLine
 10
59.0857142857142
 20
0.9000000000000057
 30
0.0
 11
70.88571428571422
 21
0.9000000000000057
 31
0.0
  0
LINE
  5
10000C91
102
{ACAD_XDICTIONARY
360
10000C92
102
}
330
1F
100
AcDbEntity
  8
MODELSKETCH_VISIBLE
100
AcDbLine
 10
-146.0
 20
-38.8
 30
0.0
 11
-146.0
 21
-46.59999999999999
 31
0.0
  0
LINE
  5
10000C95
102
{ACAD_XDICTIONARY
360
10000C96
102
}
330
1F
100
AcDbEntity
  8
MODELSKETCH_VISIBLE
100
AcDbLine
 10
59.0857142857142
 20
-2.019999999999996
 30
0.0
 11
59.0857142857142
 21
0.9000000000000058
 31
0.0
  0
LINE
  5
10000C99
102
{ACAD_XDICTIONARY
360
10000C9A
102
}
330
1F
100
AcDbEntity
  8
MODELSKETCH_VISIBLE
100
AcDbLine
 10
-148.92
 20
-38.8
 30
0.0
 11
-146.0
 21
-38.8
 31
0.0
  0
LINE
  5
10000C9D
102
{ACAD_XDICTIONARY
360
10000C9E
102
}
330
1F
100
AcDbEntity
  8
MODELSKETCH_VISIBLE
100
AcDbLine
 10
59.07571428571421
 20
-2.039999999999992
 30
0.0
 11
59.0857142857142
 21
-2.019999999999996
 31
0.0
  0
LINE
  5
10000CA1
102
{ACAD_XDICTIONARY
360
10000CA2
102
}
330
1F
100
AcDbEntity
  8
MODELSKETCH_VISIBLE
100
AcDbLine
 10
-148.94
 20
-38.78999999999999
 30
0.0
 11
-148.92
 21
-38.8
 31
0.0
  0
LINE
  5
10000CA5
102
{ACAD_XDICTIONARY
360
10000CA6
102
}
330
1F
100
AcDbEntity
  8
MODELSKETCH_VISIBLE
100
AcDbLine
 10
59.06571428571422
 20
-2.04999999999999
 30
0.0
 11
59.07571428571421
 21
-2.039999999999992
 31
0.0
  0
LINE
  5
10000CA9
102
{ACAD_XDICTIONARY
360
10000CAA
102
}
330
1F
100
AcDbEntity
  8
MODELSKETCH_VISIBLE
100
AcDbLine
 10
-148.95
 20
-38.77999999999999
 30
0.0
 11
-148.94
 21
-38.78999999999999
 31
0.0
  0
LINE
  5
10000CAD
102
{ACAD_XDICTIONARY
360
10000CAE
102
}
330
1F
100
AcDbEntity
  8
MODELSKETCH_VISIBLE
100
AcDbLine
 10
59.0557142857142
 20
-2.069999999999993
 30
0.0
 11
59.06571428571422
 21
-2.04999999999999
 31
0.0
  0
LINE
  5
10000CB1
102
{ACAD_XDICTIONARY
360
10000CB2
102
}
330
1F
100
AcDbEntity
  8
MODELSKETCH_VISIBLE
100
AcDbLine
 10
-148.97
 20
-38.77
 30
0.0
 11
-148.95
 21
-38.77999999999999
 31
0.0
  0
LINE
  5
10000CB5
102
{ACAD_XDICTIONARY
360
10000CB6
102
}
330
1F
100
AcDbEntity
  8
MODELSKETCH_VISIBLE
100
AcDbLine
 10
59.04571428571422
 20
-2.079999999999991
 30
0.0
 11
59.0557142857142
 21
-2.069999999999993
 31
0.0
  0
LINE
  5
10000CB9
102
{ACAD_XDICTIONARY
360
10000CBA
102
}
330
1F
100
AcDbEntity
  8
MODELSKETCH_VISIBLE
100
AcDbLine
 10
-148.98
 20
-38.76
 30
0.0
 11
-148.97
 21
-38.77
 31
0.0
  0
LINE
  5
10000CBD
102
{ACAD_XDICTIONARY
360
10000CBE
102
}
330
1F
100
AcDbEntity
  8
MODELSKETCH_VISIBLE
100
AcDbLine
 10
16.86768252670761
 20
29.30259580686689
 30
0.0
 11
16.9076825267076
 21
29.32259580686689
 31
0.0
  0
LINE
  5
10000CC1
102
{ACAD_XDICTIONARY
360
10000CC2
102
}
330
1F
100
AcDbEntity
  8
MODELSKETCH_VISIBLE
100
AcDbLine
 10
-149.0
 20
-38.72
 30
0.0
 11
-148.98
 21
-38.76
 31
0.0
  0
LINE
  5
10000CC5
102
{ACAD_XDICTIONARY
360
10000CC6
102
}
330
1F
100
AcDbEntity
  8
MODELSKETCH_VISIBLE
100
AcDbLine
 10
4.827682526707576
 20
29.30259580686689
 30
0.0
 11
16.8676825267076
 21
29.30259580686689
 31
0.0
  0
LINE
  5
10000CC9
102
{ACAD_XDICTIONARY
360
10000CCA
102
}
330
1F
100
AcDbEntity
  8
MODELSKETCH_VISIBLE
100
AcDbLine
 10
-149.0
 20
-30.68
 30
0.0
 11
-149.0
 21
-38.72
 31
0.0
  0
LINE
  5
10000CCD
102
{ACAD_XDICTIONARY
360
10000CCE
102
}
330
1F
100
AcDbEntity
  8
MODELSKETCH_VISIBLE
100
AcDbLine
 10
4.807682526707604
 20
29.31259580686692
 30
0.0
 11
4.827682526707582
 21
29.30259580686692
 31
0.0
  0
LINE
  5
10000CD1
102
{ACAD_XDICTIONARY
360
10000CD2
102
}
330
1F
100
AcDbEntity
  8
MODELSKETCH_VISIBLE
100
AcDbLine
 10
-148.99
 20
-30.66
 30
0.0
 11
-149.0
 21
-30.68
 31
0.0
  0
LINE
  5
10000CD5
102
{ACAD_XDICTIONARY
360
10000CD6
102
}
330
1F
100
AcDbEntity
  8
MODELSKETCH_VISIBLE
100
AcDbLine
 10
4.797682526707571
 20
29.3225958068669
 30
0.0
 11
4.807682526707593
 21
29.3125958068669
 31
0.0
  0
LINE
  5
10000CD9
102
{ACAD_XDICTIONARY
360
10000CDA
102
}
330
1F
100
AcDbEntity
  8
MODELSKETCH_VISIBLE
100
AcDbLine
 10
-148.98
 20
-30.65
 30
0.0
 11
-148.99
 21
-30.66
 31
0.0
  0
LINE
  5
10000CDD
102
{ACAD_XDICTIONARY
360
10000CDE
102
}
330
1F
100
AcDbEntity
  8
MODELSKETCH_VISIBLE
100
AcDbLine
 10
4.777682526707622
 20
29.33259580686698
 30
0.0
 11
4.797682526707607
 21
29.32259580686697
 31
0.0
  0
LINE
  5
10000CE1
102
{ACAD_XDICTIONARY
360
10000CE2
102
}
330
1F
100
AcDbEntity
  8
MODELSKETCH_VISIBLE
100
AcDbLine
 10
-148.97
 20
-30.63
 30
0.0
 11
-148.98
 21
-30.65
 31
0.0
  0
LINE
  5
10000CE5
102
{ACAD_XDICTIONARY
360
10000CE6
102
}
330
1F
100
AcDbEntity
  8
MODELSKETCH_VISIBLE
100
AcDbLine
 10
4.767682526707572
 20
29.34259580686689
 30
0.0
 11
4.777682526707591
 21
29.33259580686689
 31
0.0
  0
LINE
  5
10000CE9
102
{ACAD_XDICTIONARY
360
10000CEA
102
}
330
1F
100
AcDbEntity
  8
MODELSKETCH_VISIBLE
100
AcDbLine
 10
-148.96
 20
-30.62
 30
0.0
 11
-148.97
 21
-30.63
 31
0.0
  0
LINE
  5
10000CED
102
{ACAD_XDICTIONARY
360
10000CEE
102
}
330
1F
100
AcDbEntity
  8
MODELSKETCH_VISIBLE
100
AcDbLine
 10
4.747682526707582
 20
29.3825958068669
 30
0.0
 11
4.767682526707564
 21
29.3425958068669
 31
0.0
  0
CIRCLE
  5
10000CF1
102
{ACAD_XDICTIONARY
360
10000CF2
102
}
330
1F
100
AcDbEntity
  8
MODELSKETCH_VISIBLE
100
AcDbCircle
 10
222.1349309206009
 20
13.80000000000004
 30
0.0
 40
3.175
  0
LINE
  5
10000CF5
102
{ACAD_XDICTIONARY
360
10000CF6
102
}
330
1F
100
AcDbEntity
  8
MODELSKETCH_VISIBLE
100
AcDbLine
 10
-148.92
 20
-30.59999999999999
 30
0.0
 11
-148.96
 21
-30.62
 31
0.0
  0
LINE
  5
10000CF9
102
{ACAD_XDICTIONARY
360
10000CFA
102
}
330
1F
100
AcDbEntity
  8
MODELSKETCH_VISIBLE
100
AcDbLine
 10
4.747682526707592
 20
32.30259580686689
 30
0.0
 11
4.747682526707592
 21
29.38259580686689
 31
0.0
  0
LINE
  5
10000CFD
102
{ACAD_XDICTIONARY
360
10000CFE
102
}
330
1F
100
AcDbEntity
  8
MODELSKETCH_VISIBLE
100
AcDbLine
 10
-146.0
 20
-30.59999999999999
 30
0.0
 11
-148.92
 21
-30.59999999999999
 31
0.0
  0
LINE
  5
10000D01
102
{ACAD_XDICTIONARY
360
10000D02
102
}
330
1F
100
AcDbEntity
  8
MODELSKETCH_VISIBLE
100
AcDbLine
 10
-8.682317473292414
 20
32.31259580686692
 30
0.0
 11
-8.67231747329242
 21
32.30259580686691
 31
0.0
  0
LINE
  5
10000D05
102
{ACAD_XDICTIONARY
360
10000D06
102
}
330
1F
100
AcDbEntity
  8
MODELSKETCH_VISIBLE
100
AcDbLine
 10
-148.92
 20
-22.8
 30
0.0
 11
-146.0
 21
-22.8
 31
0.0
  0
LINE
  5
10000D09
102
{ACAD_XDICTIONARY
360
10000D0A
102
}
330
1F
100
AcDbEntity
  8
MODELSKETCH_VISIBLE
100
AcDbLine
 10
-8.722317473292375
 20
32.33259580686694
 30
0.0
 11
-8.682317473292386
 21
32.31259580686694
 31
0.0
  0
LINE
  5
10000D0D
102
{ACAD_XDICTIONARY
360
10000D0E
102
}
330
1F
100
AcDbEntity
  8
MODELSKETCH_VISIBLE
100
AcDbLine
 10
-148.94
 20
-22.79
 30
0.0
 11
-148.92
 21
-22.8
 31
0.0
  0
LINE
  5
10000D11
102
{ACAD_XDICTIONARY
360
10000D12
102
}
330
1F
100
AcDbEntity
  8
MODELSKETCH_VISIBLE
100
AcDbLine
 10
-8.732317473292436
 20
32.34259580686687
 30
0.0
 11
-8.722317473292422
 21
32.33259580686688
 31
0.0
  0
LINE
  5
10000D15
102
{ACAD_XDICTIONARY
360
10000D16
102
}
330
1F
100
AcDbEntity
  8
MODELSKETCH_VISIBLE
100
AcDbLine
 10
-148.95
 20
-22.77999999999999
 30
0.0
 11
-148.94
 21
-22.79
 31
0.0
  0
LINE
  5
10000D19
102
{ACAD_XDICTIONARY
360
10000D1A
102
}
330
1F
100
AcDbEntity
  8
MODELSKETCH_VISIBLE
100
AcDbLine
 10
-8.752317473292408
 20
32.3825958068669
 30
0.0
 11
-8.732317473292428
 21
32.3425958068669
 31
0.0
  0
LINE
  5
10000D1D
102
{ACAD_XDICTIONARY
360
10000D1E
102
}
330
1F
100
AcDbEntity
  8
MODELSKETCH_VISIBLE
100
AcDbLine
 10
-148.97
 20
-22.77
 30
0.0
 11
-148.95
 21
-22.77999999999999
 31
0.0
  0
LINE
  5
10000D21
102
{ACAD_XDICTIONARY
360
10000D22
102
}
330
1F
100
AcDbEntity
  8
MODELSKETCH_VISIBLE
100
AcDbLine
 10
-8.752317473292408
 20
32.42259580686689
 30
0.0
 11
-8.752317473292408
 21
32.38259580686689
 31
0.0
  0
LINE
  5
10000D25
102
{ACAD_XDICTIONARY
360
10000D26
102
}
330
1F
100
AcDbEntity
  8
MODELSKETCH_VISIBLE
100
AcDbLine
 10
-148.98
 20
-22.76
 30
0.0
 11
-148.97
 21
-22.77
 31
0.0
  0
LINE
  5
10000D29
102
{ACAD_XDICTIONARY
360
10000D2A
102
}
330
1F
100
AcDbEntity
  8
MODELSKETCH_VISIBLE
100
AcDbLine
 10
77.79999999999998
 20
-48.8
 30
0.0
 11
80.72
 21
-48.8
 31
0.0
  0
CIRCLE
  5
10000D2D
102
{ACAD_XDICTIONARY
360
10000D2E
102
}
330
1F
100
AcDbEntity
  8
MODELSKETCH_VISIBLE
100
AcDbCircle
 10
-55.9120641583205
 20
-18.12977623343467
 30
0.0
 40
0.6500000000000001
  0
LINE
  5
10000D31
102
{ACAD_XDICTIONARY
360
10000D32
102
}
330
1F
100
AcDbEntity
  8
MODELSKETCH_VISIBLE
100
AcDbLine
 10
-100.7986590266228
 20
-75.20000000000003
 30
0.0
 11
-100.7986590266228
 21
-80.20000000000003
 31
0.0
  0
LINE
  5
10000D35
102
{ACAD_XDICTIONARY
360
10000D36
102
}
330
1F
100
AcDbEntity
  8
MODELSKETCH_VISIBLE
100
AcDbLine
 10
-8.732317473292431
 20
32.46259580686689
 30
0.0
 11
-8.75231747329241
 21
32.4225958068669
 31
0.0
  0
CIRCLE
  5
10000D39
102
{ACAD_XDICTIONARY
360
10000D3A
102
}
330
1F
100
AcDbEntity
  8
MODELSKETCH_VISIBLE
100
AcDbCircle
 10
-48.29206415832055
 20
-43.52977623343467
 30
0.0
 40
0.6500000000000001
  0
LINE
  5
10000D3D
102
{ACAD_XDICTIONARY
360
10000D3E
102
}
330
1F
100
AcDbEntity
  8
MODELSKETCH_VISIBLE
100
AcDbLine
 10
-149.0
 20
-22.72
 30
0.0
 11
-148.98
 21
-22.76
 31
0.0
  0
LINE
  5
10000D41
102
{ACAD_XDICTIONARY
360
10000D42
102
}
330
1F
100
AcDbEntity
  8
MODELSKETCH_VISIBLE
100
AcDbLine
 10
-2.712317473292421
 20
38.48259580686692
 30
0.0
 11
-8.732317473292433
 21
32.46259580686691
 31
0.0
  0
LINE
  5
10000D45
102
{ACAD_XDICTIONARY
360
10000D46
102
}
330
1F
100
AcDbEntity
  8
MODELSKETCH_VISIBLE
100
AcDbLine
 10
-149.0
 20
-17.17999999999999
 30
0.0
 11
-149.0
 21
-22.72
 31
0.0
  0
LINE
  5
10000D49
102
{ACAD_XDICTIONARY
360
10000D4A
102
}
330
1F
100
AcDbEntity
  8
MODELSKETCH_VISIBLE
100
AcDbLine
 10
24.3676825267076
 20
38.50259580686689
 30
0.0
 11
-2.672317473292423
 21
38.50259580686689
 31
0.0
  0
LINE
  5
10000D4D
102
{ACAD_XDICTIONARY
360
10000D4E
102
}
330
1F
100
AcDbEntity
  8
MODELSKETCH_VISIBLE
100
AcDbLine
 10
-148.98
 20
-17.14999999999999
 30
0.0
 11
-148.99
 21
-17.16
 31
0.0
  0
LINE
  5
10000D51
102
{ACAD_XDICTIONARY
360
10000D52
102
}
330
1F
100
AcDbEntity
  8
MODELSKETCH_VISIBLE
100
AcDbLine
 10
24.40768252670759
 20
38.48259580686688
 30
0.0
 11
24.36768252670759
 21
38.50259580686689
 31
0.0
  0
LINE
  5
10000D55
102
{ACAD_XDICTIONARY
360
10000D56
102
}
330
1F
100
AcDbEntity
  8
MODELSKETCH_VISIBLE
100
AcDbLine
 10
-148.97
 20
-17.13
 30
0.0
 11
-148.98
 21
-17.14999999999999
 31
0.0
  0
CIRCLE
  5
10000D59
102
{ACAD_XDICTIONARY
360
10000D5A
102
}
330
1F
100
AcDbEntity
  8
MODELSKETCH_VISIBLE
100
AcDbCircle
 10
58.19999999999999
 20
-46.41667753458023
 30
0.0
 40
4.1
  0
LINE
  5
10000D5D
102
{ACAD_XDICTIONARY
360
10000D5E
102
}
330
1F
100
AcDbEntity
  8
MODELSKETCH_VISIBLE
100
AcDbLine
 10
30.42768252670758
 20
32.46259580686687
 30
0.0
 11
24.40768252670759
 21
38.48259580686686
 31
0.0
  0
LINE
  5
10000D61
102
{ACAD_XDICTIONARY
360
10000D62
102
}
330
1F
100
AcDbEntity
  8
MODELSKETCH_VISIBLE
100
AcDbLine
 10
-148.96
 20
-17.11999999999999
 30
0.0
 11
-148.97
 21
-17.13
 31
0.0
  0
LINE
  5
10000D65
102
{ACAD_XDICTIONARY
360
10000D66
102
}
330
1F
100
AcDbEntity
  8
MODELSKETCH_VISIBLE
100
AcDbLine
 10
30.44768252670758
 20
32.42259580686691
 30
0.0
 11
30.4276825267076
 21
32.46259580686689
 31
0.0
  0
LINE
  5
10000D69
102
{ACAD_XDICTIONARY
360
10000D6A
102
}
330
1F
100
AcDbEntity
  8
MODELSKETCH_VISIBLE
100
AcDbLine
 10
-148.92
 20
-17.09999999999999
 30
0.0
 11
-148.96
 21
-17.11999999999999
 31
0.0
  0
LINE
  5
10000D6D
102
{ACAD_XDICTIONARY
360
10000D6E
102
}
330
1F
100
AcDbEntity
  8
MODELSKETCH_VISIBLE
100
AcDbLine
 10
30.44768252670758
 20
32.38259580686689
 30
0.0
 11
30.44768252670758
 21
32.42259580686689
 31
0.0
  0
LINE
  5
10000D71
102
{ACAD_XDICTIONARY
360
10000D72
102
}
330
1F
100
AcDbEntity
  8
MODELSKETCH_VISIBLE
100
AcDbLine
 10
-83.80000000000003
 20
-17.09999999999999
 30
0.0
 11
-148.92
 21
-17.09999999999999
 31
0.0
  0
LINE
  5
10000D75
102
{ACAD_XDICTIONARY
360
10000D76
102
}
330
1F
100
AcDbEntity
  8
MODELSKETCH_VISIBLE
100
AcDbLine
 10
30.43768252670759
 20
32.36259580686691
 30
0.0
 11
30.44768252670758
 21
32.38259580686691
 31
0.0
  0
CIRCLE
  5
10000D79
102
{ACAD_XDICTIONARY
360
10000D7A
102
}
330
1F
100
AcDbEntity
  8
MODELSKETCH_VISIBLE
100
AcDbCircle
 10
-33.05206415832063
 20
-18.12977623343467
 30
0.0
 40
0.6500000000000001
  0
LINE
  5
10000D7D
102
{ACAD_XDICTIONARY
360
10000D7E
102
}
330
1F
100
AcDbEntity
  8
MODELSKETCH_VISIBLE
100
AcDbLine
 10
-83.86000000000003
 20
-83.61000000000003
 30
0.0
 11
-83.88000000000002
 21
-83.60000000000002
 31
0.0
  0
LINE
  5
10000D81
102
{ACAD_XDICTIONARY
360
10000D82
102
}
330
1F
100
AcDbEntity
  8
MODELSKETCH_VISIBLE
100
AcDbLine
 10
30.42768252670766
 20
32.35259580686683
 30
0.0
 11
30.43768252670766
 21
32.36259580686683
 31
0.0
  0
LINE
  5
10000D85
102
{ACAD_XDICTIONARY
360
10000D86
102
}
330
1F
100
AcDbEntity
  8
MODELSKETCH_VISIBLE
100
AcDbLine
 10
-83.85000000000002
 20
-83.62000000000003
 30
0.0
 11
-83.86000000000003
 21
-83.61000000000003
 31
0.0
  0
LINE
  5
10000D89
102
{ACAD_XDICTIONARY
360
10000D8A
102
}
330
1F
100
AcDbEntity
  8
MODELSKETCH_VISIBLE
100
AcDbLine
 10
30.40768252670764
 20
32.32259580686684
 30
0.0
 11
30.41768252670764
 21
32.33259580686684
 31
0.0
  0
LINE
  5
10000D8D
102
{ACAD_XDICTIONARY
360
10000D8E
102
}
330
1F
100
AcDbEntity
  8
MODELSKETCH_VISIBLE
100
AcDbLine
 10
-83.82000000000002
 20
-83.64000000000003
 30
0.0
 11
-83.83000000000003
 21
-83.63000000000002
 31
0.0
  0
LINE
  5
10000D91
102
{ACAD_XDICTIONARY
360
10000D92
102
}
330
1F
100
AcDbEntity
  8
MODELSKETCH_VISIBLE
100
AcDbLine
 10
30.3676825267076
 20
32.3025958068669
 30
0.0
 11
30.40768252670759
 21
32.3225958068669
 31
0.0
  0
LINE
  5
10000D95
102
{ACAD_XDICTIONARY
360
10000D96
102
}
330
1F
100
AcDbEntity
  8
MODELSKETCH_VISIBLE
100
AcDbLine
 10
-83.80000000000003
 20
-83.68000000000004
 30
0.0
 11
-83.82000000000002
 21
-83.64000000000003
 31
0.0
  0
CIRCLE
  5
10000D99
102
{ACAD_XDICTIONARY
360
10000D9A
102
}
330
1F
100
AcDbEntity
  8
MODELSKETCH_VISIBLE
100
AcDbCircle
 10
-50.83206415832053
 20
-43.52977623343467
 30
0.0
 40
0.6500000000000001
  0
LINE
  5
10000D9D
102
{ACAD_XDICTIONARY
360
10000D9E
102
}
330
1F
100
AcDbEntity
  8
MODELSKETCH_VISIBLE
100
AcDbLine
 10
16.94768252670758
 20
32.30259580686689
 30
0.0
 11
30.36768252670759
 21
32.30259580686689
 31
0.0
  0
LINE
  5
10000DA1
102
{ACAD_XDICTIONARY
360
10000DA2
102
}
330
1F
100
AcDbEntity
  8
MODELSKETCH_VISIBLE
100
AcDbLine
 10
-83.80000000000003
 20
-22.72
 30
0.0
 11
-83.80000000000003
 21
-17.09999999999999
 31
0.0
  0
LINE
  5
10000DA5
102
{ACAD_XDICTIONARY
360
10000DA6
102
}
330
1F
100
AcDbEntity
  8
MODELSKETCH_VISIBLE
100
AcDbLine
 10
16.94768252670758
 20
29.38259580686689
 30
0.0
 11
16.94768252670758
 21
32.30259580686689
 31
0.0
  0
LINE
  5
10000DA9
102
{ACAD_XDICTIONARY
360
10000DAA
102
}
330
1F
100
AcDbEntity
  8
MODELSKETCH_VISIBLE
100
AcDbLine
 10
-83.81000000000003
 20
-22.73999999999999
 30
0.0
 11
-83.80000000000003
 21
-22.72
 31
0.0
  0
CIRCLE
  5
10000DAD
102
{ACAD_XDICTIONARY
360
10000DAE
102
}
330
1F
100
AcDbEntity
  8
MODELSKETCH_VISIBLE
100
AcDbCircle
 10
-27.97206415832065
 20
-43.52977623343467
 30
0.0
 40
0.6500000000000001
  0
LINE
  5
10000DB1
102
{ACAD_XDICTIONARY
360
10000DB2
102
}
330
1F
100
AcDbEntity
  8
MODELSKETCH_VISIBLE
100
AcDbLine
 10
16.93768252670761
 20
29.36259580686689
 30
0.0
 11
16.9476825267076
 21
29.38259580686689
 31
0.0
  0
LINE
  5
10000DB5
102
{ACAD_XDICTIONARY
360
10000DB6
102
}
330
1F
100
AcDbEntity
  8
MODELSKETCH_VISIBLE
100
AcDbLine
 10
-83.82000000000002
 20
-22.74999999999999
 30
0.0
 11
-83.81000000000003
 21
-22.73999999999999
 31
0.0
  0
LINE
  5
10000DB9
102
{ACAD_XDICTIONARY
360
10000DBA
102
}
330
1F
100
AcDbEntity
  8
MODELSKETCH_VISIBLE
100
AcDbLine
 10
16.92768252670763
 20
29.35259580686686
 30
0.0
 11
16.93768252670763
 21
29.36259580686686
 31
0.0
  0
CIRCLE
  5
10000DBD
102
{ACAD_XDICTIONARY
360
10000DBE
102
}
330
1F
100
AcDbEntity
  8
MODELSKETCH_VISIBLE
100
AcDbCircle
 10
-66.07206415832046
 20
-18.12977623343467
 30
0.0
 40
0.6500000000000001
  0
LINE
  5
10000DC1
102
{ACAD_XDICTIONARY
360
10000DC2
102
}
330
1F
100
AcDbEntity
  8
MODELSKETCH_VISIBLE
100
AcDbLine
 10
-83.83000000000003
 20
-22.77
 30
0.0
 11
-83.82000000000002
 21
-22.74999999999999
 31
0.0
  0
LINE
  5
10000DC5
102
{ACAD_XDICTIONARY
360
10000DC6
102
}
330
1F
100
AcDbEntity
  8
MODELSKETCH_VISIBLE
100
AcDbLine
 10
16.91768252670755
 20
29.33259580686692
 30
0.0
 11
16.92768252670757
 21
29.35259580686691
 31
0.0
  0
LINE
  5
10000DC9
102
{ACAD_XDICTIONARY
360
10000DCA
102
}
330
1F
100
AcDbEntity
  8
MODELSKETCH_VISIBLE
100
AcDbLine
 10
-83.84000000000005
 20
-22.77999999999999
 30
0.0
 11
-83.83000000000003
 21
-22.77
 31
0.0
  0
LINE
  5
10000DCD
102
{ACAD_XDICTIONARY
360
10000DCE
102
}
330
1F
100
AcDbEntity
  8
MODELSKETCH_VISIBLE
100
AcDbLine
 10
-32.09428571428576
 20
-2.099999999999994
 30
0.0
 11
-32.05428571428575
 21
-2.079999999999991
 31
0.0
  0
LINE
  5
10000DD1
102
{ACAD_XDICTIONARY
360
10000DD2
102
}
330
1F
100
AcDbEntity
  8
MODELSKETCH_VISIBLE
100
AcDbLine
 10
-86.80000000000003
 20
-22.8
 30
0.0
 11
-83.88000000000002
 21
-22.8
 31
0.0
  0
LINE
  5
10000DD5
102
{ACAD_XDICTIONARY
360
10000DD6
102
}
330
1F
100
AcDbEntity
  8
MODELSKETCH_VISIBLE
100
AcDbLine
 10
-44.13428571428575
 20
-2.099999999999994
 30
0.0
 11
-32.09428571428576
 21
-2.099999999999994
 31
0.0
  0
LINE
  5
10000DD9
102
{ACAD_XDICTIONARY
360
10000DDA
102
}
330
1F
100
AcDbEntity
  8
MODELSKETCH_VISIBLE
100
AcDbLine
 10
-86.80000000000003
 20
-30.59999999999999
 30
0.0
 11
-86.80000000000003
 21
-22.8
 31
0.0
  0
CIRCLE
  5
10000DDD
102
{ACAD_XDICTIONARY
360
10000DDE
102
}
330
1F
100
AcDbEntity
  8
MODELSKETCH_VISIBLE
100
AcDbCircle
 10
-35.59206415832061
 20
-18.12977623343467
 30
0.0
 40
0.6500000000000001
  0
LINE
  5
10000DE1
102
{ACAD_XDICTIONARY
360
10000DE2
102
}
330
1F
100
AcDbEntity
  8
MODELSKETCH_VISIBLE
100
AcDbLine
 10
-44.15428571428576
 20
-2.08999999999999
 30
0.0
 11
-44.13428571428575
 21
-2.099999999999994
 31
0.0
  0
LINE
  5
10000DE5
102
{ACAD_XDICTIONARY
360
10000DE6
102
}
330
1F
100
AcDbEntity
  8
MODELSKETCH_VISIBLE
100
AcDbLine
 10
-83.88000000000002
 20
-30.59999999999999
 30
0.0
 11
-86.80000000000003
 21
-30.59999999999999
 31
0.0
  0
LINE
  5
10000DE9
102
{ACAD_XDICTIONARY
360
10000DEA
102
}
330
1F
100
AcDbEntity
  8
MODELSKETCH_VISIBLE
100
AcDbLine
 10
-44.16428571428575
 20
-2.079999999999991
 30
0.0
 11
-44.15428571428576
 21
-2.08999999999999
 31
0.0
  0
LINE
  5
10000DED
102
{ACAD_XDICTIONARY
360
10000DEE
102
}
330
1F
100
AcDbEntity
  8
MODELSKETCH_VISIBLE
100
AcDbLine
 10
-83.86000000000003
 20
-30.61
 30
0.0
 11
-83.88000000000002
 21
-30.59999999999999
 31
0.0
  0
CIRCLE
  5
10000DF1
102
{ACAD_XDICTIONARY
360
10000DF2
102
}
330
1F
100
AcDbEntity
  8
MODELSKETCH_VISIBLE
100
AcDbCircle
 10
-60.99206415832048
 20
-43.52977623343467
 30
0.0
 40
0.6500000000000001
  0
LINE
  5
10000DF5
102
{ACAD_XDICTIONARY
360
10000DF6
102
}
330
1F
100
AcDbEntity
  8
MODELSKETCH_VISIBLE
100
AcDbLine
 10
-44.18428571428575
 20
-2.069999999999993
 30
0.0
 11
-44.16428571428575
 21
-2.079999999999991
 31
0.0
  0
LINE
  5
10000DF9
102
{ACAD_XDICTIONARY
360
10000DFA
102
}
330
1F
100
AcDbEntity
  8
MODELSKETCH_VISIBLE
100
AcDbLine
 10
-83.85000000000002
 20
-30.62
 30
0.0
 11
-83.86000000000003
 21
-30.61
 31
0.0
  0
LINE
  5
10000DFD
102
{ACAD_XDICTIONARY
360
10000DFE
102
}
330
1F
100
AcDbEntity
  8
MODELSKETCH_VISIBLE
100
AcDbLine
 10
-44.19428571428575
 20
-2.059999999999995
 30
0.0
 11
-44.18428571428575
 21
-2.069999999999993
 31
0.0
  0
LINE
  5
10000E01
102
{ACAD_XDICTIONARY
360
10000E02
102
}
330
1F
100
AcDbEntity
  8
MODELSKETCH_VISIBLE
100
AcDbLine
 10
-83.83000000000003
 20
-30.63
 30
0.0
 11
-83.85000000000002
 21
-30.62
 31
0.0
  0
LINE
  5
10000E05
102
{ACAD_XDICTIONARY
360
10000E06
102
}
330
1F
100
AcDbEntity
  8
MODELSKETCH_VISIBLE
100
AcDbLine
 10
-44.21428571428576
 20
-2.019999999999996
 30
0.0
 11
-44.19428571428575
 21
-2.059999999999995
 31
0.0
  0
LINE
  5
10000E09
102
{ACAD_XDICTIONARY
360
10000E0A
102
}
330
1F
100
AcDbEntity
  8
MODELSKETCH_VISIBLE
100
AcDbLine
 10
-83.82000000000002
 20
-30.63999999999999
 30
0.0
 11
-83.83000000000003
 21
-30.63
 31
0.0
  0
LINE
  5
10000E0D
102
{ACAD_XDICTIONARY
360
10000E0E
102
}
330
1F
100
AcDbEntity
  8
MODELSKETCH_VISIBLE
100
AcDbLine
 10
-44.21428571428576
 20
0.9000000000000057
 30
0.0
 11
-44.21428571428576
 21
-2.019999999999996
 31
0.0
  0
LINE
  5
10000E11
102
{ACAD_XDICTIONARY
360
10000E12
102
}
330
1F
100
AcDbEntity
  8
MODELSKETCH_VISIBLE
100
AcDbLine
 10
-83.80000000000003
 20
-30.68
 30
0.0
 11
-83.82000000000002
 21
-30.63999999999999
 31
0.0
  0
LINE
  5
10000E15
102
{ACAD_XDICTIONARY
360
10000E16
102
}
330
1F
100
AcDbEntity
  8
MODELSKETCH_VISIBLE
100
AcDbLine
 10
-57.63428571428575
 20
0.9000000000000057
 30
0.0
 11
-44.21428571428576
 21
0.9000000000000057
 31
0.0
  0
LINE
  5
10000E19
102
{ACAD_XDICTIONARY
360
10000E1A
102
}
330
1F
100
AcDbEntity
  8
MODELSKETCH_VISIBLE
100
AcDbLine
 10
-83.80000000000003
 20
-38.72
 30
0.0
 11
-83.80000000000003
 21
-30.68
 31
0.0
  0
LINE
  5
10000E1D
102
{ACAD_XDICTIONARY
360
10000E1E
102
}
330
1F
100
AcDbEntity
  8
MODELSKETCH_VISIBLE
100
AcDbLine
 10
-57.64428571428576
 20
0.9100000000000108
 30
0.0
 11
-57.63428571428575
 21
0.9000000000000057
 31
0.0
  0
LINE
  5
10000E21
102
{ACAD_XDICTIONARY
360
10000E22
102
}
330
1F
100
AcDbEntity
  8
MODELSKETCH_VISIBLE
100
AcDbLine
 10
-83.81000000000003
 20
-38.73999999999999
 30
0.0
 11
-83.80000000000003
 21
-38.72
 31
0.0
  0
CIRCLE
  5
10000E25
102
{ACAD_XDICTIONARY
360
10000E26
102
}
330
1F
100
AcDbEntity
  8
MODELSKETCH_VISIBLE
100
AcDbCircle
 10
-68.61206415832044
 20
-18.12977623343467
 30
0.0
 40
0.6500000000000001
  0
LINE
  5
10000E29
102
{ACAD_XDICTIONARY
360
10000E2A
102
}
330
1F
100
AcDbEntity
  8
MODELSKETCH_VISIBLE
100
AcDbLine
 10
-57.68428571428575
 20
0.9300000000000069
 30
0.0
 11
-57.64428571428576
 21
0.9100000000000108
 31
0.0
  0
LINE
  5
10000E2D
102
{ACAD_XDICTIONARY
360
10000E2E
102
}
330
1F
100
AcDbEntity
  8
MODELSKETCH_VISIBLE
100
AcDbLine
 10
-83.82000000000002
 20
-38.75
 30
0.0
 11
-83.81000000000003
 21
-38.73999999999999
 31
0.0
  0
LINE
  5
10000E31
102
{ACAD_XDICTIONARY
360
10000E32
102
}
330
1F
100
AcDbEntity
  8
MODELSKETCH_VISIBLE
100
AcDbLine
 10
-57.69428571428575
 20
0.9400000000000048
 30
0.0
 11
-57.68428571428575
 21
0.9300000000000069
 31
0.0
  0
LINE
  5
10000E35
102
{ACAD_XDICTIONARY
360
10000E36
102
}
330
1F
100
AcDbEntity
  8
MODELSKETCH_VISIBLE
100
AcDbLine
 10
-83.83000000000003
 20
-38.77
 30
0.0
 11
-83.82000000000002
 21
-38.75
 31
0.0
  0
CIRCLE
  5
10000E39
102
{ACAD_XDICTIONARY
360
10000E3A
102
}
330
1F
100
AcDbEntity
  8
MODELSKETCH_VISIBLE
100
AcDbCircle
 10
-45.75206415832056
 20
-18.12977623343467
 30
0.0
 40
0.6500000000000001
  0
LINE
  5
10000E3D
102
{ACAD_XDICTIONARY
360
10000E3E
102
}
330
1F
100
AcDbEntity
  8
MODELSKETCH_VISIBLE
100
AcDbLine
 10
-57.71428571428575
 20
0.9800000000000041
 30
0.0
 11
-57.69428571428575
 21
0.9400000000000048
 31
0.0
  0
LINE
  5
10000E41
102
{ACAD_XDICTIONARY
360
10000E42
102
}
330
1F
100
AcDbEntity
  8
MODELSKETCH_VISIBLE
100
AcDbLine
 10
-83.84000000000005
 20
-38.77999999999999
 30
0.0
 11
-83.83000000000003
 21
-38.77
 31
0.0
  0
LINE
  5
10000E45
102
{ACAD_XDICTIONARY
360
10000E46
102
}
330
1F
100
AcDbEntity
  8
MODELSKETCH_VISIBLE
100
AcDbLine
 10
-49.77206415832045
 20
-47.62573064611552
 30
0.0
 11
-73.37206415832043
 21
-47.82977623343464
 31
0.0
  0
LINE
  5
10000E49
102
{ACAD_XDICTIONARY
360
10000E4A
102
}
330
1F
100
AcDbEntity
  8
MODELSKETCH_VISIBLE
100
AcDbLine
 10
-57.71428571428575
 20
1.02000000000001
 30
0.0
 11
-57.71428571428575
 21
0.9800000000000041
 31
0.0
  0
LINE
  5
10000E4D
102
{ACAD_XDICTIONARY
360
10000E4E
102
}
330
1F
100
AcDbEntity
  8
MODELSKETCH_VISIBLE
100
AcDbLine
 10
-83.88000000000002
 20
-38.8
 30
0.0
 11
-83.84000000000005
 21
-38.77999999999999
 31
0.0
  0
LINE
  5
10000E51
102
{ACAD_XDICTIONARY
360
10000E52
102
}
330
1F
100
AcDbEntity
  8
MODELSKETCH_VISIBLE
100
AcDbLine
 10
-49.77206415832045
 20
-50.62573064611556
 30
0.0
 11
-49.77206415832045
 21
-47.62573064611552
 31
0.0
  0
LINE
  5
10000E55
102
{ACAD_XDICTIONARY
360
10000E56
102
}
330
1F
100
AcDbEntity
  8
MODELSKETCH_VISIBLE
100
AcDbLine
 10
-57.69428571428575
 20
1.06000000000001
 30
0.0
 11
-57.71428571428575
 21
1.02000000000001
 31
0.0
  0
LINE
  5
10000E59
102
{ACAD_XDICTIONARY
360
10000E5A
102
}
330
1F
100
AcDbEntity
  8
MODELSKETCH_VISIBLE
100
AcDbLine
 10
-86.80000000000003
 20
-38.8
 30
0.0
 11
-83.88000000000002
 21
-38.8
 31
0.0
  0
LINE
  5
10000E5D
102
{ACAD_XDICTIONARY
360
10000E5E
102
}
330
1F
100
AcDbEntity
  8
MODELSKETCH_VISIBLE
100
AcDbLine
 10
-41.73206415832048
 20
-50.62573064611556
 30
0.0
 11
-49.77206415832048
 21
-50.62573064611556
 31
0.0
  0
LINE
  5
10000E61
102
{ACAD_XDICTIONARY
360
10000E62
102
}
330
1F
100
AcDbEntity
  8
MODELSKETCH_VISIBLE
100
AcDbLine
 10
29.59999999999997
 20
-24.59999999999999
 30
0.0
 11
29.59999999999997
 21
-16.8
 31
0.0
  0
CIRCLE
  5
10000E65
102
{ACAD_XDICTIONARY
360
10000E66
102
}
330
1F
100
AcDbEntity
  8
MODELSKETCH_VISIBLE
100
AcDbCircle
 10
-30.51206415832064
 20
-43.52977623343467
 30
0.0
 40
0.6500000000000001
  0
LINE
  5
10000E69
102
{ACAD_XDICTIONARY
360
10000E6A
102
}
330
1F
100
AcDbEntity
  8
MODELSKETCH_VISIBLE
100
AcDbLine
 10
-51.67428571428577
 20
7.080000000000005
 30
0.0
 11
-57.69428571428575
 21
1.06000000000001
 31
0.0
  0
LINE
  5
10000E6D
102
{ACAD_XDICTIONARY
360
10000E6E
102
}
330
1F
100
AcDbEntity
  8
MODELSKETCH_VISIBLE
100
AcDbLine
 10
-86.80000000000003
 20
-46.59999999999999
 30
0.0
 11
-86.80000000000003
 21
-38.8
 31
0.0
  0
LINE
  5
10000E71
102
{ACAD_XDICTIONARY
360
10000E72
102
}
330
1F
100
AcDbEntity
  8
MODELSKETCH_VISIBLE
100
AcDbLine
 10
-41.73206415832045
 20
-47.62573064611552
 30
0.0
 11
-41.73206415832045
 21
-50.62573064611556
 31
0.0
  0
LINE
  5
10000E75
102
{ACAD_XDICTIONARY
360
10000E76
102
}
330
1F
100
AcDbEntity
  8
MODELSKETCH_VISIBLE
100
AcDbLine
 10
-51.63428571428575
 20
7.100000000000009
 30
0.0
 11
-51.67428571428577
 21
7.080000000000005
 31
0.0
  0
LINE
  5
10000E79
102
{ACAD_XDICTIONARY
360
10000E7A
102
}
330
1F
100
AcDbEntity
  8
MODELSKETCH_VISIBLE
100
AcDbLine
 10
-83.88000000000002
 20
-46.59999999999999
 30
0.0
 11
-86.80000000000003
 21
-46.59999999999999
 31
0.0
  0
LINE
  5
10000E7D
102
{ACAD_XDICTIONARY
360
10000E7E
102
}
330
1F
100
AcDbEntity
  8
MODELSKETCH_VISIBLE
100
AcDbLine
 10
-18.13206415832047
 20
-47.62573064611552
 30
0.0
 11
-41.73206415832048
 21
-47.62573064611552
 31
0.0
  0
LINE
  5
10000E81
102
{ACAD_XDICTIONARY
360
10000E82
102
}
330
1F
100
AcDbEntity
  8
MODELSKETCH_VISIBLE
100
AcDbLine
 10
-24.59428571428576
 20
7.100000000000009
 30
0.0
 11
-51.63428571428575
 21
7.100000000000009
 31
0.0
  0
LINE
  5
10000E85
102
{ACAD_XDICTIONARY
360
10000E86
102
}
330
1F
100
AcDbEntity
  8
MODELSKETCH_VISIBLE
100
AcDbLine
 10
-83.86000000000003
 20
-46.61
 30
0.0
 11
-83.88000000000002
 21
-46.59999999999999
 31
0.0
  0
LINE
  5
10000E89
102
{ACAD_XDICTIONARY
360
10000E8A
102
}
330
1F
100
AcDbEntity
  8
MODELSKETCH_VISIBLE
100
AcDbLine
 10
-18.13206415832044
 20
-13.82977623343465
 30
0.0
 11
-18.13206415832044
 21
-47.62573064611552
 31
0.0
  0
LINE
  5
10000E8D
102
{ACAD_XDICTIONARY
360
10000E8E
102
}
330
1F
100
AcDbEntity
  8
MODELSKETCH_VISIBLE
100
AcDbLine
 10
-24.55428571428575
 20
7.080000000000005
 30
0.0
 11
-24.59428571428576
 21
7.100000000000009
 31
0.0
  0
LINE
  5
10000E91
102
{ACAD_XDICTIONARY
360
10000E92
102
}
330
1F
100
AcDbEntity
  8
MODELSKETCH_VISIBLE
100
AcDbLine
 10
-83.85000000000002
 20
-46.62
 30
0.0
 11
-83.86000000000003
 21
-46.61
 31
0.0
  0
LINE
  5
10000E95
102
{ACAD_XDICTIONARY
360
10000E96
102
}
330
1F
100
AcDbEntity
  8
MODELSKETCH_VISIBLE
100
AcDbLine
 10
-73.37206415832043
 20
-13.82977623343467
 30
0.0
 11
-18.13206415832044
 21
-13.82977623343465
 31
0.0
  0
LINE
  5
10000E99
102
{ACAD_XDICTIONARY
360
10000E9A
102
}
330
1F
100
AcDbEntity
  8
MODELSKETCH_VISIBLE
100
AcDbLine
 10
-18.53428571428574
 20
1.06000000000001
 30
0.0
 11
-24.55428571428575
 21
7.080000000000005
 31
0.0
  0
LINE
  5
10000E9D
102
{ACAD_XDICTIONARY
360
10000E9E
102
}
330
1F
100
AcDbEntity
  8
MODELSKETCH_VISIBLE
100
AcDbLine
 10
-83.83000000000003
 20
-46.63
 30
0.0
 11
-83.85000000000002
 21
-46.62
 31
0.0
  0
LINE
  5
10000EA1
102
{ACAD_XDICTIONARY
360
10000EA2
102
}
330
1F
100
AcDbEntity
  8
MODELSKETCH_VISIBLE
100
AcDbLine
 10
-73.37206415832044
 20
-13.82977623343467
 30
0.0
 11
-73.37206415832044
 21
-47.82977623343464
 31
0.0
  0
LINE
  5
10000EA5
102
{ACAD_XDICTIONARY
360
10000EA6
102
}
330
1F
100
AcDbEntity
  8
MODELSKETCH_VISIBLE
100
AcDbLine
 10
-18.51428571428576
 20
1.02000000000001
 30
0.0
 11
-18.53428571428574
 21
1.06000000000001
 31
0.0
  0
LINE
  5
10000EA9
102
{ACAD_XDICTIONARY
360
10000EAA
102
}
330
1F
100
AcDbEntity
  8
MODELSKETCH_VISIBLE
100
AcDbLine
 10
-83.82000000000002
 20
-46.63999999999999
 30
0.0
 11
-83.83000000000003
 21
-46.63
 31
0.0
  0
LINE
  5
10000EAD
102
{ACAD_XDICTIONARY
360
10000EAE
102
}
330
1F
100
AcDbEntity
  8
MODELSKETCH_VISIBLE
100
AcDbLine
 10
29.59999999999997
 20
-2.119999999999994
 30
0.0
 11
29.59999999999997
 21
-5.179999999999993
 31
0.0
  0
LINE
  5
10000EB1
102
{ACAD_XDICTIONARY
360
10000EB2
102
}
330
1F
100
AcDbEntity
  8
MODELSKETCH_VISIBLE
100
AcDbLine
 10
-18.51428571428576
 20
0.9800000000000041
 30
0.0
 11
-18.51428571428576
 21
1.02000000000001
 31
0.0
  0
LINE
  5
10000EB5
102
{ACAD_XDICTIONARY
360
10000EB6
102
}
330
1F
100
AcDbEntity
  8
MODELSKETCH_VISIBLE
100
AcDbLine
 10
-83.80000000000003
 20
-46.67999999999999
 30
0.0
 11
-83.82000000000002
 21
-46.63999999999999
 31
0.0
  0
LINE
  5
10000EB9
102
{ACAD_XDICTIONARY
360
10000EBA
102
}
330
1F
100
AcDbEntity
  8
MODELSKETCH_VISIBLE
100
AcDbLine
 10
-103.7986590266228
 20
-83.80000000000004
 30
0.0
 11
-94.79865902662277
 21
-83.80000000000004
 31
0.0
  0
LINE
  5
10000EBD
102
{ACAD_XDICTIONARY
360
10000EBE
102
}
330
1F
100
AcDbEntity
  8
MODELSKETCH_VISIBLE
100
AcDbLine
 10
-103.7986590266228
 20
-80.20000000000003
 30
0.0
 11
-103.7986590266228
 21
-83.80000000000004
 31
0.0
  0
CIRCLE
  5
10000EC1
102
{ACAD_XDICTIONARY
360
10000EC2
102
}
330
1F
100
AcDbEntity
  8
MODELSKETCH_VISIBLE
100
AcDbCircle
 10
-27.97206415832065
 20
-18.12977623343467
 30
0.0
 40
0.6500000000000001
  0
LINE
  5
10000EC5
102
{ACAD_XDICTIONARY
360
10000EC6
102
}
330
1F
100
AcDbEntity
  8
MODELSKETCH_VISIBLE
100
AcDbLine
 10
-100.7986590266228
 20
-80.20000000000003
 30
0.0
 11
-103.7986590266228
 21
-80.20000000000003
 31
0.0
  0
LINE
  5
10000EC9
102
{ACAD_XDICTIONARY
360
10000ECA
102
}
330
1F
100
AcDbEntity
  8
MODELSKETCH_VISIBLE
100
AcDbLine
 10
-103.7986590266228
 20
-75.20000000000003
 30
0.0
 11
-100.7986590266228
 21
-75.20000000000003
 31
0.0
  0
LINE
  5
10000ECD
102
{ACAD_XDICTIONARY
360
10000ECE
102
}
330
1F
100
AcDbEntity
  8
MODELSKETCH_VISIBLE
100
AcDbLine
 10
-103.7986590266228
 20
-71.60000000000002
 30
0.0
 11
-103.7986590266228
 21
-75.20000000000003
 31
0.0
  0
LINE
  5
10000ED1
102
{ACAD_XDICTIONARY
360
10000ED2
102
}
330
1F
100
AcDbEntity
  8
MODELSKETCH_VISIBLE
100
AcDbLine
 10
54.51999999999997
 20
11.60000000000001
 30
0.0
 11
63.51999999999997
 21
11.60000000000001
 31
0.0
  0
LINE
  5
10000ED5
102
{ACAD_XDICTIONARY
360
10000ED6
102
}
330
1F
100
AcDbEntity
  8
MODELSKETCH_VISIBLE
100
AcDbLine
 10
54.51999999999997
 20
8.60000000000001
 30
0.0
 11
54.51999999999997
 21
11.60000000000001
 31
0.0
  0
LINE
  5
10000ED9
102
{ACAD_XDICTIONARY
360
10000EDA
102
}
330
1F
100
AcDbEntity
  8
MODELSKETCH_VISIBLE
100
AcDbLine
 10
49.51999999999997
 20
8.60000000000001
 30
0.0
 11
54.51999999999997
 21
8.60000000000001
 31
0.0
  0
LINE
  5
10000EDD
102
{ACAD_XDICTIONARY
360
10000EDE
102
}
330
1F
100
AcDbEntity
  8
MODELSKETCH_VISIBLE
100
AcDbLine
 10
49.51999999999997
 20
11.60000000000001
 30
0.0
 11
49.51999999999997
 21
8.60000000000001
 31
0.0
  0
CIRCLE
  5
10000EE1
102
{ACAD_XDICTIONARY
360
10000EE2
102
}
330
1F
100
AcDbEntity
  8
MODELSKETCH_VISIBLE
100
AcDbCircle
 10
-60.99206415832048
 20
-18.12977623343467
 30
0.0
 40
0.6500000000000001
  0
LINE
  5
10000EE5
102
{ACAD_XDICTIONARY
360
10000EE6
102
}
330
1F
100
AcDbEntity
  8
MODELSKETCH_VISIBLE
100
AcDbLine
 10
40.51999999999997
 20
11.60000000000001
 30
0.0
 11
49.51999999999997
 21
11.60000000000001
 31
0.0
  0
LINE
  5
10000EE9
102
{ACAD_XDICTIONARY
360
10000EEA
102
}
330
1F
100
AcDbEntity
  8
MODELSKETCH_VISIBLE
100
AcDbLine
 10
63.51999999999997
 20
15.2
 30
0.0
 11
63.51999999999997
 21
11.60000000000001
 31
0.0
  0
LINE
  5
10000EED
102
{ACAD_XDICTIONARY
360
10000EEE
102
}
330
1F
100
AcDbEntity
  8
MODELSKETCH_VISIBLE
100
AcDbLine
 10
60.51999999999997
 20
15.2
 30
0.0
 11
63.51999999999998
 21
15.2
 31
0.0
  0
LINE
  5
10000EF1
102
{ACAD_XDICTIONARY
360
10000EF2
102
}
330
1F
100
AcDbEntity
  8
MODELSKETCH_VISIBLE
100
AcDbLine
 10
60.51999999999997
 20
20.2
 30
0.0
 11
60.51999999999997
 21
15.2
 31
0.0
  0
LINE
  5
10000EF5
102
{ACAD_XDICTIONARY
360
10000EF6
102
}
330
1F
100
AcDbEntity
  8
MODELSKETCH_VISIBLE
100
AcDbLine
 10
63.51999999999998
 20
20.2
 30
0.0
 11
60.51999999999997
 21
20.2
 31
0.0
  0
LINE
  5
10000EF9
102
{ACAD_XDICTIONARY
360
10000EFA
102
}
330
1F
100
AcDbEntity
  8
MODELSKETCH_VISIBLE
100
AcDbLine
 10
63.51999999999998
 20
23.8
 30
0.0
 11
63.51999999999998
 21
20.2
 31
0.0
  0
LINE
  5
10000EFD
102
{ACAD_XDICTIONARY
360
10000EFE
102
}
330
1F
100
AcDbEntity
  8
MODELSKETCH_VISIBLE
100
AcDbLine
 10
40.51999999999998
 20
23.8
 30
0.0
 11
63.51999999999998
 21
23.8
 31
0.0
  0
LINE
  5
10000F01
102
{ACAD_XDICTIONARY
360
10000F02
102
}
330
1F
100
AcDbEntity
  8
MODELSKETCH_VISIBLE
100
AcDbLine
 10
-103.7986590266228
 20
-71.60000000000002
 30
0.0
 11
-80.72000000000001
 21
-71.60000000000002
 31
0.0
  0
LINE
  5
10000F05
102
{ACAD_XDICTIONARY
360
10000F06
102
}
330
1F
100
AcDbEntity
  8
MODELSKETCH_VISIBLE
100
AcDbLine
 10
15.89424908161163
 20
-46.98910828291665
 30
0.0
 11
15.89424908161163
 21
-49.06953017711639
 31
0.0
  0
LINE
  5
10000F09
102
{ACAD_XDICTIONARY
360
10000F0A
102
}
330
1F
100
AcDbEntity
  8
MODELSKETCH_VISIBLE
100
AcDbLine
 10
-110.4
 20
-34.7
 30
0.0
 11
-110.4
 21
-37.7
 31
0.0
  0
LINE
  5
10000F0D
102
{ACAD_XDICTIONARY
360
10000F0E
102
}
330
1F
100
AcDbEntity
  8
MODELSKETCH_VISIBLE
100
AcDbLine
 10
-118.44
 20
-34.7
 30
0.0
 11
-118.44
 21
-37.7
 31
0.0
  0
LINE
  5
10000F11
102
{ACAD_XDICTIONARY
360
10000F12
102
}
330
1F
100
AcDbEntity
  8
MODELSKETCH_VISIBLE
100
AcDbLine
 10
-118.44
 20
-37.7
 30
0.0
 11
-110.4
 21
-37.7
 31
0.0
  0
LINE
  5
10000F15
102
{ACAD_XDICTIONARY
360
10000F16
102
}
330
1F
100
AcDbEntity
  8
MODELSKETCH_VISIBLE
100
AcDbLine
 10
-118.44
 20
-34.7
 30
0.0
 11
-110.4
 21
-34.7
 31
0.0
  0
LINE
  5
10000F19
102
{ACAD_XDICTIONARY
360
10000F1A
102
}
330
1F
100
AcDbEntity
  8
MODELSKETCH_VISIBLE
100
AcDbLine
 10
1.899999999999977
 20
14.8
 30
0.0
 11
-9.900000000000034
 21
14.8
 31
0.0
  0
LINE
  5
10000F1D
102
{ACAD_XDICTIONARY
360
10000F1E
102
}
330
1F
100
AcDbEntity
  8
MODELSKETCH_VISIBLE
100
AcDbLine
 10
1.899999999999977
 20
20.60000000000001
 30
0.0
 11
1.899999999999977
 21
14.8
 31
0.0
  0
LINE
  5
10000F21
102
{ACAD_XDICTIONARY
360
10000F22
102
}
330
1F
100
AcDbEntity
  8
MODELSKETCH_VISIBLE
100
AcDbLine
 10
-9.900000000000034
 20
20.60000000000001
 30
0.0
 11
1.899999999999978
 21
20.60000000000001
 31
0.0
  0
LINE
  5
10000F25
102
{ACAD_XDICTIONARY
360
10000F26
102
}
330
1F
100
AcDbEntity
  8
MODELSKETCH_VISIBLE
100
AcDbLine
 10
-9.900000000000034
 20
14.8
 30
0.0
 11
-9.900000000000034
 21
20.60000000000001
 31
0.0
  0
LINE
  5
10000F29
102
{ACAD_XDICTIONARY
360
10000F2A
102
}
330
1F
100
AcDbEntity
  8
MODELSKETCH_VISIBLE
100
AcDbLine
 10
25.89999999999998
 20
14.8
 30
0.0
 11
14.09999999999997
 21
14.8
 31
0.0
  0
LINE
  5
10000F2D
102
{ACAD_XDICTIONARY
360
10000F2E
102
}
330
1F
100
AcDbEntity
  8
MODELSKETCH_VISIBLE
100
AcDbLine
 10
25.89999999999998
 20
20.60000000000001
 30
0.0
 11
25.89999999999998
 21
14.8
 31
0.0
  0
LINE
  5
10000F31
102
{ACAD_XDICTIONARY
360
10000F32
102
}
330
1F
100
AcDbEntity
  8
MODELSKETCH_VISIBLE
100
AcDbLine
 10
14.09999999999997
 20
20.60000000000001
 30
0.0
 11
25.89999999999998
 21
20.60000000000001
 31
0.0
  0
LINE
  5
10000F35
102
{ACAD_XDICTIONARY
360
10000F36
102
}
330
1F
100
AcDbEntity
  8
MODELSKETCH_VISIBLE
100
AcDbLine
 10
14.09999999999997
 20
14.8
 30
0.0
 11
14.09999999999997
 21
20.60000000000001
 31
0.0
  0
LINE
  5
10000F39
102
{ACAD_XDICTIONARY
360
10000F3A
102
}
330
1F
100
AcDbEntity
  8
MODELSKETCH_VISIBLE
100
AcDbLine
 10
-24.52000000000004
 20
11.60000000000001
 30
0.0
 11
40.51999999999997
 21
11.60000000000001
 31
0.0
  0
LINE
  5
10000F3D
102
{ACAD_XDICTIONARY
360
10000F3E
102
}
330
1F
100
AcDbEntity
  8
MODELSKETCH_VISIBLE
100
AcDbLine
 10
-24.54000000000002
 20
11.61
 30
0.0
 11
-24.52000000000004
 21
11.60000000000001
 31
0.0
  0
LINE
  5
10000F41
102
{ACAD_XDICTIONARY
360
10000F42
102
}
330
1F
100
AcDbEntity
  8
MODELSKETCH_VISIBLE
100
AcDbLine
 10
-24.55000000000003
 20
11.62
 30
0.0
 11
-24.54000000000002
 21
11.61
 31
0.0
  0
LINE
  5
10000F45
102
{ACAD_XDICTIONARY
360
10000F46
102
}
330
1F
100
AcDbEntity
  8
MODELSKETCH_VISIBLE
100
AcDbLine
 10
-24.57000000000002
 20
11.63000000000001
 30
0.0
 11
-24.55000000000003
 21
11.62
 31
0.0
  0
LINE
  5
10000F49
102
{ACAD_XDICTIONARY
360
10000F4A
102
}
330
1F
100
AcDbEntity
  8
MODELSKETCH_VISIBLE
100
AcDbLine
 10
-24.60000000000003
 20
11.68000000000001
 30
0.0
 11
-24.58000000000003
 21
11.64
 31
0.0
  0
LINE
  5
10000F4D
102
{ACAD_XDICTIONARY
360
10000F4E
102
}
330
1F
100
AcDbEntity
  8
MODELSKETCH_VISIBLE
100
AcDbLine
 10
-24.60000000000003
 20
23.72
 30
0.0
 11
-24.60000000000003
 21
11.68000000000001
 31
0.0
  0
LINE
  5
10000F51
102
{ACAD_XDICTIONARY
360
10000F52
102
}
330
1F
100
AcDbEntity
  8
MODELSKETCH_VISIBLE
100
AcDbLine
 10
-24.59000000000003
 20
23.74000000000001
 30
0.0
 11
-24.60000000000003
 21
23.72
 31
0.0
  0
LINE
  5
10000F55
102
{ACAD_XDICTIONARY
360
10000F56
102
}
330
1F
100
AcDbEntity
  8
MODELSKETCH_VISIBLE
100
AcDbLine
 10
-24.58000000000003
 20
23.75
 30
0.0
 11
-24.59000000000003
 21
23.74000000000001
 31
0.0
  0
LINE
  5
10000F59
102
{ACAD_XDICTIONARY
360
10000F5A
102
}
330
1F
100
AcDbEntity
  8
MODELSKETCH_VISIBLE
100
AcDbLine
 10
-24.57000000000002
 20
23.77
 30
0.0
 11
-24.58000000000003
 21
23.75
 31
0.0
  0
LINE
  5
10000F5D
102
{ACAD_XDICTIONARY
360
10000F5E
102
}
330
1F
100
AcDbEntity
  8
MODELSKETCH_VISIBLE
100
AcDbLine
 10
-24.56000000000003
 20
23.78
 30
0.0
 11
-24.57000000000002
 21
23.77
 31
0.0
  0
LINE
  5
10000F61
102
{ACAD_XDICTIONARY
360
10000F62
102
}
330
1F
100
AcDbEntity
  8
MODELSKETCH_VISIBLE
100
AcDbLine
 10
-24.52000000000004
 20
23.8
 30
0.0
 11
-24.56000000000003
 21
23.78
 31
0.0
  0
LINE
  5
10000F65
102
{ACAD_XDICTIONARY
360
10000F66
102
}
330
1F
100
AcDbEntity
  8
MODELSKETCH_VISIBLE
100
AcDbLine
 10
-27.68000000000002
 20
13.10000000000001
 30
0.0
 11
-27.64000000000001
 21
13.12
 31
0.0
  0
LINE
  5
10000F69
102
{ACAD_XDICTIONARY
360
10000F6A
102
}
330
1F
100
AcDbEntity
  8
MODELSKETCH_VISIBLE
100
AcDbLine
 10
-86.72000000000001
 20
13.10000000000001
 30
0.0
 11
-27.68000000000002
 21
13.10000000000001
 31
0.0
  0
LINE
  5
10000F6D
102
{ACAD_XDICTIONARY
360
10000F6E
102
}
330
1F
100
AcDbEntity
  8
MODELSKETCH_VISIBLE
100
AcDbLine
 10
-86.74000000000001
 20
13.11
 30
0.0
 11
-86.72000000000001
 21
13.10000000000001
 31
0.0
  0
LINE
  5
10000F71
102
{ACAD_XDICTIONARY
360
10000F72
102
}
330
1F
100
AcDbEntity
  8
MODELSKETCH_VISIBLE
100
AcDbLine
 10
-86.75000000000003
 20
13.12
 30
0.0
 11
-86.74000000000001
 21
13.11
 31
0.0
  0
LINE
  5
10000F75
102
{ACAD_XDICTIONARY
360
10000F76
102
}
330
1F
100
AcDbEntity
  8
MODELSKETCH_VISIBLE
100
AcDbLine
 10
-86.77000000000001
 20
13.13000000000001
 30
0.0
 11
-86.75000000000003
 21
13.12
 31
0.0
  0
LINE
  5
10000F79
102
{ACAD_XDICTIONARY
360
10000F7A
102
}
330
1F
100
AcDbEntity
  8
MODELSKETCH_VISIBLE
100
AcDbLine
 10
-86.78000000000003
 20
13.14
 30
0.0
 11
-86.77000000000001
 21
13.13000000000001
 31
0.0
  0
LINE
  5
10000F7D
102
{ACAD_XDICTIONARY
360
10000F7E
102
}
330
1F
100
AcDbEntity
  8
MODELSKETCH_VISIBLE
100
AcDbLine
 10
-86.80000000000001
 20
13.18000000000001
 30
0.0
 11
-86.78000000000003
 21
13.14
 31
0.0
  0
LINE
  5
10000F81
102
{ACAD_XDICTIONARY
360
10000F82
102
}
330
1F
100
AcDbEntity
  8
MODELSKETCH_VISIBLE
100
AcDbLine
 10
-86.79000000000002
 20
52.23999999999999
 30
0.0
 11
-86.80000000000001
 21
52.22000000000001
 31
0.0
  0
LINE
  5
10000F85
102
{ACAD_XDICTIONARY
360
10000F86
102
}
330
1F
100
AcDbEntity
  8
MODELSKETCH_VISIBLE
100
AcDbLine
 10
-86.78000000000003
 20
52.25
 30
0.0
 11
-86.79000000000002
 21
52.23999999999999
 31
0.0
  0
LINE
  5
10000F89
102
{ACAD_XDICTIONARY
360
10000F8A
102
}
330
1F
100
AcDbEntity
  8
MODELSKETCH_VISIBLE
100
AcDbLine
 10
-86.77000000000001
 20
52.27
 30
0.0
 11
-86.78000000000003
 21
52.25
 31
0.0
  0
LINE
  5
10000F8D
102
{ACAD_XDICTIONARY
360
10000F8E
102
}
330
1F
100
AcDbEntity
  8
MODELSKETCH_VISIBLE
100
AcDbLine
 10
-86.76000000000002
 20
52.28
 30
0.0
 11
-86.77000000000001
 21
52.27
 31
0.0
  0
LINE
  5
10000F91
102
{ACAD_XDICTIONARY
360
10000F92
102
}
330
1F
100
AcDbEntity
  8
MODELSKETCH_VISIBLE
100
AcDbLine
 10
-86.72000000000001
 20
52.3
 30
0.0
 11
-86.76000000000002
 21
52.28
 31
0.0
  0
LINE
  5
10000F95
102
{ACAD_XDICTIONARY
360
10000F96
102
}
330
1F
100
AcDbEntity
  8
MODELSKETCH_VISIBLE
100
AcDbLine
 10
-75.30000000000003
 20
52.3
 30
0.0
 11
-86.72000000000001
 21
52.3
 31
0.0
  0
LINE
  5
10000F99
102
{ACAD_XDICTIONARY
360
10000F9A
102
}
330
1F
100
AcDbEntity
  8
MODELSKETCH_VISIBLE
100
AcDbLine
 10
-75.30000000000003
 20
55.22
 30
0.0
 11
-75.30000000000003
 21
52.3
 31
0.0
  0
LINE
  5
10000F9D
102
{ACAD_XDICTIONARY
360
10000F9E
102
}
330
1F
100
AcDbEntity
  8
MODELSKETCH_VISIBLE
100
AcDbLine
 10
-75.28000000000002
 20
55.25
 30
0.0
 11
-75.29000000000002
 21
55.23999999999999
 31
0.0
  0
LINE
  5
10000FA1
102
{ACAD_XDICTIONARY
360
10000FA2
102
}
330
1F
100
AcDbEntity
  8
MODELSKETCH_VISIBLE
100
AcDbLine
 10
-75.27000000000002
 20
55.27
 30
0.0
 11
-75.28000000000002
 21
55.25
 31
0.0
  0
LINE
  5
10000FA5
102
{ACAD_XDICTIONARY
360
10000FA6
102
}
330
1F
100
AcDbEntity
  8
MODELSKETCH_VISIBLE
100
AcDbLine
 10
-75.26000000000002
 20
55.28
 30
0.0
 11
-75.27000000000002
 21
55.27
 31
0.0
  0
LINE
  5
10000FA9
102
{ACAD_XDICTIONARY
360
10000FAA
102
}
330
1F
100
AcDbEntity
  8
MODELSKETCH_VISIBLE
100
AcDbLine
 10
-75.22000000000001
 20
55.3
 30
0.0
 11
-75.26000000000002
 21
55.28
 31
0.0
  0
LINE
  5
10000FAD
102
{ACAD_XDICTIONARY
360
10000FAE
102
}
330
1F
100
AcDbEntity
  8
MODELSKETCH_VISIBLE
100
AcDbLine
 10
-63.18000000000003
 20
55.3
 30
0.0
 11
-75.22000000000001
 21
55.3
 31
0.0
  0
LINE
  5
10000FB1
102
{ACAD_XDICTIONARY
360
10000FB2
102
}
330
1F
100
AcDbEntity
  8
MODELSKETCH_VISIBLE
100
AcDbLine
 10
-63.16000000000001
 20
55.29000000000001
 30
0.0
 11
-63.18000000000003
 21
55.3
 31
0.0
  0
LINE
  5
10000FB5
102
{ACAD_XDICTIONARY
360
10000FB6
102
}
330
1F
100
AcDbEntity
  8
MODELSKETCH_VISIBLE
100
AcDbLine
 10
-63.15000000000003
 20
55.28
 30
0.0
 11
-63.16000000000001
 21
55.29000000000001
 31
0.0
  0
LINE
  5
10000FB9
102
{ACAD_XDICTIONARY
360
10000FBA
102
}
330
1F
100
AcDbEntity
  8
MODELSKETCH_VISIBLE
100
AcDbLine
 10
-63.13000000000002
 20
55.27
 30
0.0
 11
-63.15000000000003
 21
55.28
 31
0.0
  0
LINE
  5
10000FBD
102
{ACAD_XDICTIONARY
360
10000FBE
102
}
330
1F
100
AcDbEntity
  8
MODELSKETCH_VISIBLE
100
AcDbLine
 10
-70.71571428571433
 20
7.100000000000009
 30
0.0
 11
-97.75571428571432
 21
7.100000000000009
 31
0.0
  0
LINE
  5
10000FC1
102
{ACAD_XDICTIONARY
360
10000FC2
102
}
330
1F
100
AcDbEntity
  8
MODELSKETCH_VISIBLE
100
AcDbLine
 10
-120.3
 20
-55.22
 30
0.0
 11
-120.3
 21
-52.3
 31
0.0
  0
LINE
  5
10000FC5
102
{ACAD_XDICTIONARY
360
10000FC6
102
}
330
1F
100
AcDbEntity
  8
MODELSKETCH_VISIBLE
100
AcDbLine
 10
-70.67571428571432
 20
7.080000000000005
 30
0.0
 11
-70.71571428571433
 21
7.100000000000009
 31
0.0
  0
LINE
  5
10000FC9
102
{ACAD_XDICTIONARY
360
10000FCA
102
}
330
1F
100
AcDbEntity
  8
MODELSKETCH_VISIBLE
100
AcDbLine
 10
-120.31
 20
-55.23999999999999
 30
0.0
 11
-120.3
 21
-55.22
 31
0.0
  0
LINE
  5
10000FCD
102
{ACAD_XDICTIONARY
360
10000FCE
102
}
330
1F
100
AcDbEntity
  8
MODELSKETCH_VISIBLE
100
AcDbLine
 10
-64.65571428571432
 20
1.06000000000001
 30
0.0
 11
-70.67571428571432
 21
7.080000000000005
 31
0.0
  0
LINE
  5
10000FD1
102
{ACAD_XDICTIONARY
360
10000FD2
102
}
330
1F
100
AcDbEntity
  8
MODELSKETCH_VISIBLE
100
AcDbLine
 10
-120.32
 20
-55.25
 30
0.0
 11
-120.31
 21
-55.23999999999999
 31
0.0
  0
LINE
  5
10000FD5
102
{ACAD_XDICTIONARY
360
10000FD6
102
}
330
1F
100
AcDbEntity
  8
MODELSKETCH_VISIBLE
100
AcDbLine
 10
-64.63571428571433
 20
1.02000000000001
 30
0.0
 11
-64.65571428571432
 21
1.06000000000001
 31
0.0
  0
LINE
  5
10000FD9
102
{ACAD_XDICTIONARY
360
10000FDA
102
}
330
1F
100
AcDbEntity
  8
MODELSKETCH_VISIBLE
100
AcDbLine
 10
-120.33
 20
-55.27
 30
0.0
 11
-120.32
 21
-55.25
 31
0.0
  0
LINE
  5
10000FDD
102
{ACAD_XDICTIONARY
360
10000FDE
102
}
330
1F
100
AcDbEntity
  8
MODELSKETCH_VISIBLE
100
AcDbLine
 10
-64.63571428571433
 20
0.9800000000000041
 30
0.0
 11
-64.63571428571433
 21
1.02000000000001
 31
0.0
  0
LINE
  5
10000FE1
102
{ACAD_XDICTIONARY
360
10000FE2
102
}
330
1F
100
AcDbEntity
  8
MODELSKETCH_VISIBLE
100
AcDbLine
 10
-120.34
 20
-55.28
 30
0.0
 11
-120.33
 21
-55.27
 31
0.0
  0
LINE
  5
10000FE5
102
{ACAD_XDICTIONARY
360
10000FE6
102
}
330
1F
100
AcDbEntity
  8
MODELSKETCH_VISIBLE
100
AcDbLine
 10
-64.64571428571432
 20
0.960000000000008
 30
0.0
 11
-64.63571428571433
 21
0.9800000000000041
 31
0.0
  0
LINE
  5
10000FE9
102
{ACAD_XDICTIONARY
360
10000FEA
102
}
330
1F
100
AcDbEntity
  8
MODELSKETCH_VISIBLE
100
AcDbLine
 10
-120.38
 20
-55.3
 30
0.0
 11
-120.34
 21
-55.28
 31
0.0
  0
LINE
  5
10000FED
102
{ACAD_XDICTIONARY
360
10000FEE
102
}
330
1F
100
AcDbEntity
  8
MODELSKETCH_VISIBLE
100
AcDbLine
 10
-64.65571428571432
 20
0.95000000000001
 30
0.0
 11
-64.64571428571432
 21
0.960000000000008
 31
0.0
  0
LINE
  5
10000FF1
102
{ACAD_XDICTIONARY
360
10000FF2
102
}
330
1F
100
AcDbEntity
  8
MODELSKETCH_VISIBLE
100
AcDbLine
 10
-128.42
 20
-55.3
 30
0.0
 11
-120.38
 21
-55.3
 31
0.0
  0
LINE
  5
10000FF5
102
{ACAD_XDICTIONARY
360
10000FF6
102
}
330
1F
100
AcDbEntity
  8
MODELSKETCH_VISIBLE
100
AcDbLine
 10
-64.66571428571433
 20
0.9300000000000069
 30
0.0
 11
-64.65571428571432
 21
0.95000000000001
 31
0.0
  0
LINE
  5
10000FF9
102
{ACAD_XDICTIONARY
360
10000FFA
102
}
330
1F
100
AcDbEntity
  8
MODELSKETCH_VISIBLE
100
AcDbLine
 10
-128.44
 20
-55.28999999999999
 30
0.0
 11
-128.42
 21
-55.3
 31
0.0
  0
LINE
  5
10000FFD
102
{ACAD_XDICTIONARY
360
10000FFE
102
}
330
1F
100
AcDbEntity
  8
MODELSKETCH_VISIBLE
100
AcDbLine
 10
-64.67571428571432
 20
0.9200000000000088
 30
0.0
 11
-64.66571428571433
 21
0.9300000000000069
 31
0.0
  0
LINE
  5
10001001
102
{ACAD_XDICTIONARY
360
10001002
102
}
330
1F
100
AcDbEntity
  8
MODELSKETCH_VISIBLE
100
AcDbLine
 10
-128.45
 20
-55.28
 30
0.0
 11
-128.44
 21
-55.28999999999999
 31
0.0
  0
LINE
  5
10001005
102
{ACAD_XDICTIONARY
360
10001006
102
}
330
1F
100
AcDbEntity
  8
MODELSKETCH_VISIBLE
100
AcDbLine
 10
-64.71571428571434
 20
0.9000000000000057
 30
0.0
 11
-64.67571428571432
 21
0.9200000000000088
 31
0.0
  0
LINE
  5
10001009
102
{ACAD_XDICTIONARY
360
1000100A
102
}
330
1F
100
AcDbEntity
  8
MODELSKETCH_VISIBLE
100
AcDbLine
 10
-128.47
 20
-55.27
 30
0.0
 11
-128.45
 21
-55.28
 31
0.0
  0
LINE
  5
1000100D
102
{ACAD_XDICTIONARY
360
1000100E
102
}
330
1F
100
AcDbEntity
  8
MODELSKETCH_VISIBLE
100
AcDbLine
 10
-78.13571428571434
 20
0.9000000000000057
 30
0.0
 11
-64.71571428571434
 21
0.9000000000000057
 31
0.0
  0
LINE
  5
10001011
102
{ACAD_XDICTIONARY
360
10001012
102
}
330
1F
100
AcDbEntity
  8
MODELSKETCH_VISIBLE
100
AcDbLine
 10
-128.48
 20
-55.25999999999999
 30
0.0
 11
-128.47
 21
-55.27
 31
0.0
  0
LINE
  5
10001015
102
{ACAD_XDICTIONARY
360
10001016
102
}
330
1F
100
AcDbEntity
  8
MODELSKETCH_VISIBLE
100
AcDbLine
 10
-78.13571428571434
 20
-2.019999999999996
 30
0.0
 11
-78.13571428571434
 21
0.9000000000000058
 31
0.0
  0
LINE
  5
10001019
102
{ACAD_XDICTIONARY
360
1000101A
102
}
330
1F
100
AcDbEntity
  8
MODELSKETCH_VISIBLE
100
AcDbLine
 10
-128.5
 20
-55.22
 30
0.0
 11
-128.48
 21
-55.25999999999999
 31
0.0
  0
LINE
  5
1000101D
102
{ACAD_XDICTIONARY
360
1000101E
102
}
330
1F
100
AcDbEntity
  8
MODELSKETCH_VISIBLE
100
AcDbLine
 10
-78.14571428571432
 20
-2.039999999999992
 30
0.0
 11
-78.13571428571434
 21
-2.019999999999996
 31
0.0
  0
LINE
  5
10001021
102
{ACAD_XDICTIONARY
360
10001022
102
}
330
1F
100
AcDbEntity
  8
MODELSKETCH_VISIBLE
100
AcDbLine
 10
-128.5
 20
-52.3
 30
0.0
 11
-128.5
 21
-55.22
 31
0.0
  0
LINE
  5
10001025
102
{ACAD_XDICTIONARY
360
10001026
102
}
330
1F
100
AcDbEntity
  8
MODELSKETCH_VISIBLE
100
AcDbLine
 10
-78.15571428571432
 20
-2.04999999999999
 30
0.0
 11
-78.14571428571432
 21
-2.039999999999992
 31
0.0
  0
LINE
  5
10001029
102
{ACAD_XDICTIONARY
360
1000102A
102
}
330
1F
100
AcDbEntity
  8
MODELSKETCH_VISIBLE
100
AcDbLine
 10
-136.3
 20
-52.3
 30
0.0
 11
-128.5
 21
-52.3
 31
0.0
  0
LINE
  5
1000102D
102
{ACAD_XDICTIONARY
360
1000102E
102
}
330
1F
100
AcDbEntity
  8
MODELSKETCH_VISIBLE
100
AcDbLine
 10
-78.16571428571434
 20
-2.069999999999993
 30
0.0
 11
-78.15571428571432
 21
-2.04999999999999
 31
0.0
  0
LINE
  5
10001031
102
{ACAD_XDICTIONARY
360
10001032
102
}
330
1F
100
AcDbEntity
  8
MODELSKETCH_VISIBLE
100
AcDbLine
 10
-136.3
 20
-55.22
 30
0.0
 11
-136.3
 21
-52.3
 31
0.0
  0
LINE
  5
10001035
102
{ACAD_XDICTIONARY
360
10001036
102
}
330
1F
100
AcDbEntity
  8
MODELSKETCH_VISIBLE
100
AcDbLine
 10
-78.17571428571432
 20
-2.079999999999991
 30
0.0
 11
-78.16571428571434
 21
-2.069999999999993
 31
0.0
  0
LINE
  5
10001039
102
{ACAD_XDICTIONARY
360
1000103A
102
}
330
1F
100
AcDbEntity
  8
MODELSKETCH_VISIBLE
100
AcDbLine
 10
-136.31
 20
-55.23999999999999
 30
0.0
 11
-136.3
 21
-55.22
 31
0.0
  0
LINE
  5
1000103D
102
{ACAD_XDICTIONARY
360
1000103E
102
}
330
1F
100
AcDbEntity
  8
MODELSKETCH_VISIBLE
100
AcDbLine
 10
-122.1942857142857
 20
-2.099999999999994
 30
0.0
 11
-122.1542857142858
 21
-2.079999999999991
 31
0.0
  0
LINE
  5
10001041
102
{ACAD_XDICTIONARY
360
10001042
102
}
330
1F
100
AcDbEntity
  8
MODELSKETCH_VISIBLE
100
AcDbLine
 10
-136.32
 20
-55.25
 30
0.0
 11
-136.31
 21
-55.23999999999999
 31
0.0
  0
LINE
  5
10001045
102
{ACAD_XDICTIONARY
360
10001046
102
}
330
1F
100
AcDbEntity
  8
MODELSKETCH_VISIBLE
100
AcDbLine
 10
-134.2342857142857
 20
-2.099999999999994
 30
0.0
 11
-122.1942857142857
 21
-2.099999999999994
 31
0.0
  0
LINE
  5
10001049
102
{ACAD_XDICTIONARY
360
1000104A
102
}
330
1F
100
AcDbEntity
  8
MODELSKETCH_VISIBLE
100
AcDbLine
 10
-136.33
 20
-55.27
 30
0.0
 11
-136.32
 21
-55.25
 31
0.0
  0
LINE
  5
1000104D
102
{ACAD_XDICTIONARY
360
1000104E
102
}
330
1F
100
AcDbEntity
  8
MODELSKETCH_VISIBLE
100
AcDbLine
 10
-134.2542857142857
 20
-2.08999999999999
 30
0.0
 11
-134.2342857142857
 21
-2.099999999999994
 31
0.0
  0
LINE
  5
10001051
102
{ACAD_XDICTIONARY
360
10001052
102
}
330
1F
100
AcDbEntity
  8
MODELSKETCH_VISIBLE
100
AcDbLine
 10
-136.34
 20
-55.28
 30
0.0
 11
-136.33
 21
-55.27
 31
0.0
  0
LINE
  5
10001055
102
{ACAD_XDICTIONARY
360
10001056
102
}
330
1F
100
AcDbEntity
  8
MODELSKETCH_VISIBLE
100
AcDbLine
 10
-134.2642857142857
 20
-2.079999999999991
 30
0.0
 11
-134.2542857142857
 21
-2.08999999999999
 31
0.0
  0
LINE
  5
10001059
102
{ACAD_XDICTIONARY
360
1000105A
102
}
330
1F
100
AcDbEntity
  8
MODELSKETCH_VISIBLE
100
AcDbLine
 10
-134.2842857142857
 20
-2.069999999999993
 30
0.0
 11
-134.2642857142857
 21
-2.079999999999991
 31
0.0
  0
LINE
  5
1000105D
102
{ACAD_XDICTIONARY
360
1000105E
102
}
330
1F
100
AcDbEntity
  8
MODELSKETCH_VISIBLE
100
AcDbLine
 10
-134.2942857142857
 20
-2.059999999999995
 30
0.0
 11
-134.2842857142857
 21
-2.069999999999993
 31
0.0
  0
LINE
  5
10001061
102
{ACAD_XDICTIONARY
360
10001062
102
}
330
1F
100
AcDbEntity
  8
MODELSKETCH_VISIBLE
100
AcDbLine
 10
-134.3142857142857
 20
-2.019999999999996
 30
0.0
 11
-134.2942857142857
 21
-2.059999999999995
 31
0.0
  0
LINE
  5
10001065
102
{ACAD_XDICTIONARY
360
10001066
102
}
330
1F
100
AcDbEntity
  8
MODELSKETCH_VISIBLE
100
AcDbLine
 10
-134.3142857142857
 20
0.9000000000000057
 30
0.0
 11
-134.3142857142857
 21
-2.019999999999996
 31
0.0
  0
LINE
  5
10001069
102
{ACAD_XDICTIONARY
360
1000106A
102
}
330
1F
100
AcDbEntity
  8
MODELSKETCH_VISIBLE
100
AcDbLine
 10
-147.7342857142857
 20
0.9000000000000057
 30
0.0
 11
-134.3142857142857
 21
0.9000000000000057
 31
0.0
  0
LINE
  5
1000106D
102
{ACAD_XDICTIONARY
360
1000106E
102
}
330
1F
100
AcDbEntity
  8
MODELSKETCH_VISIBLE
100
AcDbLine
 10
-147.7442857142858
 20
0.9100000000000108
 30
0.0
 11
-147.7342857142857
 21
0.9000000000000057
 31
0.0
  0
LINE
  5
10001071
102
{ACAD_XDICTIONARY
360
10001072
102
}
330
1F
100
AcDbEntity
  8
MODELSKETCH_VISIBLE
100
AcDbLine
 10
-147.7842857142857
 20
0.9300000000000069
 30
0.0
 11
-147.7442857142858
 21
0.9100000000000108
 31
0.0
  0
LINE
  5
10001075
102
{ACAD_XDICTIONARY
360
10001076
102
}
330
1F
100
AcDbEntity
  8
MODELSKETCH_VISIBLE
100
AcDbLine
 10
-147.7942857142857
 20
0.9400000000000048
 30
0.0
 11
-147.7842857142857
 21
0.9300000000000069
 31
0.0
  0
LINE
  5
10001079
102
{ACAD_XDICTIONARY
360
1000107A
102
}
330
1F
100
AcDbEntity
  8
MODELSKETCH_VISIBLE
100
AcDbLine
 10
-147.8142857142857
 20
0.9800000000000041
 30
0.0
 11
-147.7942857142857
 21
0.9400000000000048
 31
0.0
  0
LINE
  5
1000107D
102
{ACAD_XDICTIONARY
360
1000107E
102
}
330
1F
100
AcDbEntity
  8
MODELSKETCH_VISIBLE
100
AcDbLine
 10
-147.8142857142857
 20
1.02000000000001
 30
0.0
 11
-147.8142857142857
 21
0.9800000000000041
 31
0.0
  0
LINE
  5
10001081
102
{ACAD_XDICTIONARY
360
10001082
102
}
330
1F
100
AcDbEntity
  8
MODELSKETCH_VISIBLE
100
AcDbLine
 10
-147.7942857142857
 20
1.06000000000001
 30
0.0
 11
-147.8142857142857
 21
1.02000000000001
 31
0.0
  0
LINE
  5
10001085
102
{ACAD_XDICTIONARY
360
10001086
102
}
330
1F
100
AcDbEntity
  8
MODELSKETCH_VISIBLE
100
AcDbLine
 10
-141.7742857142858
 20
7.080000000000005
 30
0.0
 11
-147.7942857142857
 21
1.060000000000008
 31
0.0
  0
LINE
  5
10001089
102
{ACAD_XDICTIONARY
360
1000108A
102
}
330
1F
100
AcDbEntity
  8
MODELSKETCH_VISIBLE
100
AcDbLine
 10
-141.7342857142857
 20
7.100000000000009
 30
0.0
 11
-141.7742857142858
 21
7.080000000000005
 31
0.0
  0
LINE
  5
1000108D
102
{ACAD_XDICTIONARY
360
1000108E
102
}
330
1F
100
AcDbEntity
  8
MODELSKETCH_VISIBLE
100
AcDbLine
 10
-114.6942857142858
 20
7.100000000000009
 30
0.0
 11
-141.7342857142857
 21
7.100000000000009
 31
0.0
  0
LINE
  5
10001091
102
{ACAD_XDICTIONARY
360
10001092
102
}
330
1F
100
AcDbEntity
  8
MODELSKETCH_VISIBLE
100
AcDbLine
 10
-114.6542857142857
 20
7.080000000000005
 30
0.0
 11
-114.6942857142858
 21
7.100000000000009
 31
0.0
  0
LINE
  5
10001095
102
{ACAD_XDICTIONARY
360
10001096
102
}
330
1F
100
AcDbEntity
  8
MODELSKETCH_VISIBLE
100
AcDbLine
 10
-108.6342857142857
 20
1.06000000000001
 30
0.0
 11
-114.6542857142857
 21
7.080000000000005
 31
0.0
  0
LINE
  5
10001099
102
{ACAD_XDICTIONARY
360
1000109A
102
}
330
1F
100
AcDbEntity
  8
MODELSKETCH_VISIBLE
100
AcDbLine
 10
-108.6142857142857
 20
1.02000000000001
 30
0.0
 11
-108.6342857142857
 21
1.06000000000001
 31
0.0
  0
LINE
  5
1000109D
102
{ACAD_XDICTIONARY
360
1000109E
102
}
330
1F
100
AcDbEntity
  8
MODELSKETCH_VISIBLE
100
AcDbLine
 10
-108.6142857142857
 20
0.9800000000000041
 30
0.0
 11
-108.6142857142857
 21
1.02000000000001
 31
0.0
  0
LINE
  5
100010A1
102
{ACAD_XDICTIONARY
360
100010A2
102
}
330
1F
100
AcDbEntity
  8
MODELSKETCH_VISIBLE
100
AcDbLine
 10
-108.6242857142858
 20
0.960000000000008
 30
0.0
 11
-108.6142857142857
 21
0.9800000000000041
 31
0.0
  0
LINE
  5
100010A5
102
{ACAD_XDICTIONARY
360
100010A6
102
}
330
1F
100
AcDbEntity
  8
MODELSKETCH_VISIBLE
100
AcDbLine
 10
-108.6442857142857
 20
0.9300000000000069
 30
0.0
 11
-108.6342857142857
 21
0.95000000000001
 31
0.0
  0
LINE
  5
100010A9
102
{ACAD_XDICTIONARY
360
100010AA
102
}
330
1F
100
AcDbEntity
  8
MODELSKETCH_VISIBLE
100
AcDbLine
 10
-108.6542857142857
 20
0.9200000000000088
 30
0.0
 11
-108.6442857142857
 21
0.9300000000000069
 31
0.0
  0
LINE
  5
100010AD
102
{ACAD_XDICTIONARY
360
100010AE
102
}
330
1F
100
AcDbEntity
  8
MODELSKETCH_VISIBLE
100
AcDbLine
 10
-108.6942857142857
 20
0.9000000000000057
 30
0.0
 11
-108.6542857142857
 21
0.9200000000000088
 31
0.0
  0
LINE
  5
100010B1
102
{ACAD_XDICTIONARY
360
100010B2
102
}
330
1F
100
AcDbEntity
  8
MODELSKETCH_VISIBLE
100
AcDbLine
 10
-122.1142857142857
 20
0.9000000000000057
 30
0.0
 11
-108.6942857142857
 21
0.9000000000000057
 31
0.0
  0
LINE
  5
100010B5
102
{ACAD_XDICTIONARY
360
100010B6
102
}
330
1F
100
AcDbEntity
  8
MODELSKETCH_VISIBLE
100
AcDbLine
 10
-122.1142857142857
 20
-2.019999999999996
 30
0.0
 11
-122.1142857142857
 21
0.9000000000000058
 31
0.0
  0
LINE
  5
100010B9
102
{ACAD_XDICTIONARY
360
100010BA
102
}
330
1F
100
AcDbEntity
  8
MODELSKETCH_VISIBLE
100
AcDbLine
 10
-122.1242857142858
 20
-2.039999999999992
 30
0.0
 11
-122.1142857142857
 21
-2.019999999999996
 31
0.0
  0
LINE
  5
100010BD
102
{ACAD_XDICTIONARY
360
100010BE
102
}
330
1F
100
AcDbEntity
  8
MODELSKETCH_VISIBLE
100
AcDbLine
 10
-122.1342857142857
 20
-2.04999999999999
 30
0.0
 11
-122.1242857142858
 21
-2.039999999999992
 31
0.0
  0
LINE
  5
100010C1
102
{ACAD_XDICTIONARY
360
100010C2
102
}
330
1F
100
AcDbEntity
  8
MODELSKETCH_VISIBLE
100
AcDbLine
 10
-122.1542857142858
 20
-2.079999999999991
 30
0.0
 11
-122.1442857142857
 21
-2.069999999999993
 31
0.0
  0
LINE
  5
100010C5
102
{ACAD_XDICTIONARY
360
100010C6
102
}
330
1F
100
AcDbEntity
  8
MODELSKETCH_VISIBLE
100
AcDbLine
 10
104.42
 20
-53.8
 30
0.0
 11
104.46
 21
-53.78
 31
0.0
  0
LINE
  5
100010C9
102
{ACAD_XDICTIONARY
360
100010CA
102
}
330
1F
100
AcDbEntity
  8
MODELSKETCH_VISIBLE
100
AcDbLine
 10
96.38
 20
-53.8
 30
0.0
 11
104.42
 21
-53.8
 31
0.0
  0
LINE
  5
100010CD
102
{ACAD_XDICTIONARY
360
100010CE
102
}
330
1F
100
AcDbEntity
  8
MODELSKETCH_VISIBLE
100
AcDbLine
 10
96.36000000000001
 20
-53.78999999999999
 30
0.0
 11
96.38
 21
-53.8
 31
0.0
  0
LINE
  5
100010D1
102
{ACAD_XDICTIONARY
360
100010D2
102
}
330
1F
100
AcDbEntity
  8
MODELSKETCH_VISIBLE
100
AcDbLine
 10
96.35
 20
-53.78
 30
0.0
 11
96.36000000000001
 21
-53.78999999999999
 31
0.0
  0
LINE
  5
100010D5
102
{ACAD_XDICTIONARY
360
100010D6
102
}
330
1F
100
AcDbEntity
  8
MODELSKETCH_VISIBLE
100
AcDbLine
 10
86.84
 20
-11.61999999999999
 30
0.0
 11
86.83000000000001
 21
-11.63
 31
0.0
  0
LINE
  5
100010D9
102
{ACAD_XDICTIONARY
360
100010DA
102
}
330
1F
100
AcDbEntity
  8
MODELSKETCH_VISIBLE
100
AcDbLine
 10
96.30000000000001
 20
-11.59999999999999
 30
0.0
 11
86.88
 21
-11.59999999999999
 31
0.0
  0
LINE
  5
100010DD
102
{ACAD_XDICTIONARY
360
100010DE
102
}
330
1F
100
AcDbEntity
  8
MODELSKETCH_VISIBLE
100
AcDbLine
 10
96.30000000000001
 20
-8.679999999999993
 30
0.0
 11
96.30000000000001
 21
-11.59999999999999
 31
0.0
  0
LINE
  5
100010E1
102
{ACAD_XDICTIONARY
360
100010E2
102
}
330
1F
100
AcDbEntity
  8
MODELSKETCH_VISIBLE
100
AcDbLine
 10
96.31
 20
-8.659999999999998
 30
0.0
 11
96.30000000000001
 21
-8.679999999999993
 31
0.0
  0
LINE
  5
100010E5
102
{ACAD_XDICTIONARY
360
100010E6
102
}
330
1F
100
AcDbEntity
  8
MODELSKETCH_VISIBLE
100
AcDbLine
 10
96.32
 20
-8.649999999999991
 30
0.0
 11
96.31
 21
-8.659999999999998
 31
0.0
  0
LINE
  5
100010E9
102
{ACAD_XDICTIONARY
360
100010EA
102
}
330
1F
100
AcDbEntity
  8
MODELSKETCH_VISIBLE
100
AcDbLine
 10
96.33000000000001
 20
-8.629999999999995
 30
0.0
 11
96.32
 21
-8.649999999999991
 31
0.0
  0
LINE
  5
100010ED
102
{ACAD_XDICTIONARY
360
100010EE
102
}
330
1F
100
AcDbEntity
  8
MODELSKETCH_VISIBLE
100
AcDbLine
 10
96.34
 20
-8.61999999999999
 30
0.0
 11
96.33000000000001
 21
-8.629999999999995
 31
0.0
  0
LINE
  5
100010F1
102
{ACAD_XDICTIONARY
360
100010F2
102
}
330
1F
100
AcDbEntity
  8
MODELSKETCH_VISIBLE
100
AcDbLine
 10
96.38
 20
-8.599999999999994
 30
0.0
 11
96.34
 21
-8.61999999999999
 31
0.0
  0
LINE
  5
100010F5
102
{ACAD_XDICTIONARY
360
100010F6
102
}
330
1F
100
AcDbEntity
  8
MODELSKETCH_VISIBLE
100
AcDbLine
 10
104.44
 20
-8.61
 30
0.0
 11
104.42
 21
-8.599999999999994
 31
0.0
  0
LINE
  5
100010F9
102
{ACAD_XDICTIONARY
360
100010FA
102
}
330
1F
100
AcDbEntity
  8
MODELSKETCH_VISIBLE
100
AcDbLine
 10
104.45
 20
-8.61999999999999
 30
0.0
 11
104.44
 21
-8.61
 31
0.0
  0
LINE
  5
100010FD
102
{ACAD_XDICTIONARY
360
100010FE
102
}
330
1F
100
AcDbEntity
  8
MODELSKETCH_VISIBLE
100
AcDbLine
 10
104.47
 20
-8.629999999999995
 30
0.0
 11
104.45
 21
-8.61999999999999
 31
0.0
  0
LINE
  5
10001101
102
{ACAD_XDICTIONARY
360
10001102
102
}
330
1F
100
AcDbEntity
  8
MODELSKETCH_VISIBLE
100
AcDbLine
 10
104.48
 20
-8.64
 30
0.0
 11
104.47
 21
-8.629999999999995
 31
0.0
  0
LINE
  5
10001105
102
{ACAD_XDICTIONARY
360
10001106
102
}
330
1F
100
AcDbEntity
  8
MODELSKETCH_VISIBLE
100
AcDbLine
 10
104.5
 20
-8.679999999999993
 30
0.0
 11
104.48
 21
-8.64
 31
0.0
  0
LINE
  5
10001109
102
{ACAD_XDICTIONARY
360
1000110A
102
}
330
1F
100
AcDbEntity
  8
MODELSKETCH_VISIBLE
100
AcDbLine
 10
104.5
 20
-11.59999999999999
 30
0.0
 11
104.5
 21
-8.679999999999993
 31
0.0
  0
LINE
  5
1000110D
102
{ACAD_XDICTIONARY
360
1000110E
102
}
330
1F
100
AcDbEntity
  8
MODELSKETCH_VISIBLE
100
AcDbLine
 10
112.3
 20
-11.59999999999999
 30
0.0
 11
104.5
 21
-11.59999999999999
 31
0.0
  0
LINE
  5
10001111
102
{ACAD_XDICTIONARY
360
10001112
102
}
330
1F
100
AcDbEntity
  8
MODELSKETCH_VISIBLE
100
AcDbLine
 10
112.31
 20
-8.659999999999998
 30
0.0
 11
112.3
 21
-8.679999999999993
 31
0.0
  0
LINE
  5
10001115
102
{ACAD_XDICTIONARY
360
10001116
102
}
330
1F
100
AcDbEntity
  8
MODELSKETCH_VISIBLE
100
AcDbLine
 10
112.32
 20
-8.649999999999991
 30
0.0
 11
112.31
 21
-8.659999999999998
 31
0.0
  0
LINE
  5
10001119
102
{ACAD_XDICTIONARY
360
1000111A
102
}
330
1F
100
AcDbEntity
  8
MODELSKETCH_VISIBLE
100
AcDbLine
 10
128.3
 20
-11.59999999999999
 30
0.0
 11
120.5
 21
-11.59999999999991
 31
0.0
  0
LINE
  5
1000111D
102
{ACAD_XDICTIONARY
360
1000111E
102
}
330
1F
100
AcDbEntity
  8
MODELSKETCH_VISIBLE
100
AcDbLine
 10
128.3
 20
-8.679999999999993
 30
0.0
 11
128.3
 21
-11.59999999999999
 31
0.0
  0
LINE
  5
10001121
102
{ACAD_XDICTIONARY
360
10001122
102
}
330
1F
100
AcDbEntity
  8
MODELSKETCH_VISIBLE
100
AcDbLine
 10
128.31
 20
-8.659999999999998
 30
0.0
 11
128.3
 21
-8.679999999999993
 31
0.0
  0
LINE
  5
10001125
102
{ACAD_XDICTIONARY
360
10001126
102
}
330
1F
100
AcDbEntity
  8
MODELSKETCH_VISIBLE
100
AcDbLine
 10
128.32
 20
-8.649999999999991
 30
0.0
 11
128.31
 21
-8.659999999999998
 31
0.0
  0
LINE
  5
10001129
102
{ACAD_XDICTIONARY
360
1000112A
102
}
330
1F
100
AcDbEntity
  8
MODELSKETCH_VISIBLE
100
AcDbLine
 10
128.34
 20
-8.61999999999999
 30
0.0
 11
128.33
 21
-8.629999999999995
 31
0.0
  0
LINE
  5
1000112D
102
{ACAD_XDICTIONARY
360
1000112E
102
}
330
1F
100
AcDbEntity
  8
MODELSKETCH_VISIBLE
100
AcDbLine
 10
128.33
 20
-8.629999999999995
 30
0.0
 11
128.32
 21
-8.649999999999991
 31
0.0
  0
LINE
  5
10001131
102
{ACAD_XDICTIONARY
360
10001132
102
}
330
1F
100
AcDbEntity
  8
MODELSKETCH_VISIBLE
100
AcDbLine
 10
120.5
 20
-11.59999999999999
 30
0.0
 11
120.5
 21
-8.679999999999993
 31
0.0
  0
LINE
  5
10001135
102
{ACAD_XDICTIONARY
360
10001136
102
}
330
1F
100
AcDbEntity
  8
MODELSKETCH_VISIBLE
100
AcDbLine
 10
120.5
 20
-8.679999999999993
 30
0.0
 11
120.48
 21
-8.64
 31
0.0
  0
LINE
  5
10001139
102
{ACAD_XDICTIONARY
360
1000113A
102
}
330
1F
100
AcDbEntity
  8
MODELSKETCH_VISIBLE
100
AcDbLine
 10
120.48
 20
-8.64
 30
0.0
 11
120.47
 21
-8.629999999999995
 31
0.0
  0
LINE
  5
1000113D
102
{ACAD_XDICTIONARY
360
1000113E
102
}
330
1F
100
AcDbEntity
  8
MODELSKETCH_VISIBLE
100
AcDbLine
 10
120.47
 20
-8.629999999999995
 30
0.0
 11
120.45
 21
-8.61999999999999
 31
0.0
  0
LINE
  5
10001141
102
{ACAD_XDICTIONARY
360
10001142
102
}
330
1F
100
AcDbEntity
  8
MODELSKETCH_VISIBLE
100
AcDbLine
 10
120.45
 20
-8.61999999999999
 30
0.0
 11
120.44
 21
-8.61
 31
0.0
  0
LINE
  5
10001145
102
{ACAD_XDICTIONARY
360
10001146
102
}
330
1F
100
AcDbEntity
  8
MODELSKETCH_VISIBLE
100
AcDbLine
 10
120.44
 20
-8.61
 30
0.0
 11
120.42
 21
-8.599999999999994
 31
0.0
  0
LINE
  5
10001149
102
{ACAD_XDICTIONARY
360
1000114A
102
}
330
1F
100
AcDbEntity
  8
MODELSKETCH_VISIBLE
100
AcDbLine
 10
120.42
 20
-8.599999999999994
 30
0.0
 11
112.38
 21
-8.599999999999994
 31
0.0
  0
LINE
  5
1000114D
102
{ACAD_XDICTIONARY
360
1000114E
102
}
330
1F
100
AcDbEntity
  8
MODELSKETCH_VISIBLE
100
AcDbLine
 10
112.38
 20
-8.599999999999994
 30
0.0
 11
112.34
 21
-8.61999999999999
 31
0.0
  0
LINE
  5
10001151
102
{ACAD_XDICTIONARY
360
10001152
102
}
330
1F
100
AcDbEntity
  8
MODELSKETCH_VISIBLE
100
AcDbLine
 10
112.34
 20
-8.61999999999999
 30
0.0
 11
112.33
 21
-8.629999999999995
 31
0.0
  0
LINE
  5
10001155
102
{ACAD_XDICTIONARY
360
10001156
102
}
330
1F
100
AcDbEntity
  8
MODELSKETCH_VISIBLE
100
AcDbLine
 10
112.33
 20
-8.629999999999995
 30
0.0
 11
112.32
 21
-8.649999999999991
 31
0.0
  0
LINE
  5
10001159
102
{ACAD_XDICTIONARY
360
1000115A
102
}
330
1F
100
AcDbEntity
  8
MODELSKETCH_VISIBLE
100
AcDbLine
 10
86.83000000000001
 20
-11.63
 30
0.0
 11
86.82
 21
-11.64999999999999
 31
0.0
  0
LINE
  5
1000115D
102
{ACAD_XDICTIONARY
360
1000115E
102
}
330
1F
100
AcDbEntity
  8
MODELSKETCH_VISIBLE
100
AcDbLine
 10
86.82
 20
-11.64999999999999
 30
0.0
 11
86.81
 21
-11.66
 31
0.0
  0
LINE
  5
10001161
102
{ACAD_XDICTIONARY
360
10001162
102
}
330
1F
100
AcDbEntity
  8
MODELSKETCH_VISIBLE
100
AcDbLine
 10
86.81
 20
-11.66
 30
0.0
 11
86.80000000000001
 21
-11.67999999999999
 31
0.0
  0
LINE
  5
10001165
102
{ACAD_XDICTIONARY
360
10001166
102
}
330
1F
100
AcDbEntity
  8
MODELSKETCH_VISIBLE
100
AcDbLine
 10
86.80000000000001
 20
-11.67999999999999
 30
0.0
 11
86.80000000000001
 21
-19.09999999999999
 31
0.0
  0
LINE
  5
10001169
102
{ACAD_XDICTIONARY
360
1000116A
102
}
330
1F
100
AcDbEntity
  8
MODELSKETCH_VISIBLE
100
AcDbLine
 10
86.80000000000001
 20
-19.09999999999999
 30
0.0
 11
83.88
 21
-19.09999999999999
 31
0.0
  0
LINE
  5
1000116D
102
{ACAD_XDICTIONARY
360
1000116E
102
}
330
1F
100
AcDbEntity
  8
MODELSKETCH_VISIBLE
100
AcDbLine
 10
83.88
 20
-19.09999999999999
 30
0.0
 11
83.84000000000002
 21
-19.12
 31
0.0
  0
LINE
  5
10001171
102
{ACAD_XDICTIONARY
360
10001172
102
}
330
1F
100
AcDbEntity
  8
MODELSKETCH_VISIBLE
100
AcDbLine
 10
83.84000000000002
 20
-19.12
 30
0.0
 11
83.83000000000001
 21
-19.13
 31
0.0
  0
LINE
  5
10001175
102
{ACAD_XDICTIONARY
360
10001176
102
}
330
1F
100
AcDbEntity
  8
MODELSKETCH_VISIBLE
100
AcDbLine
 10
83.83000000000001
 20
-19.13
 30
0.0
 11
83.82000000000002
 21
-19.15
 31
0.0
  0
LINE
  5
10001179
102
{ACAD_XDICTIONARY
360
1000117A
102
}
330
1F
100
AcDbEntity
  8
MODELSKETCH_VISIBLE
100
AcDbLine
 10
83.82000000000002
 20
-19.15
 30
0.0
 11
83.81000000000002
 21
-19.16
 31
0.0
  0
LINE
  5
1000117D
102
{ACAD_XDICTIONARY
360
1000117E
102
}
330
1F
100
AcDbEntity
  8
MODELSKETCH_VISIBLE
100
AcDbLine
 10
83.81000000000002
 20
-19.16
 30
0.0
 11
83.80000000000001
 21
-19.17999999999999
 31
0.0
  0
LINE
  5
10001181
102
{ACAD_XDICTIONARY
360
10001182
102
}
330
1F
100
AcDbEntity
  8
MODELSKETCH_VISIBLE
100
AcDbLine
 10
83.80000000000001
 20
-19.17999999999999
 30
0.0
 11
83.80000000000001
 21
-27.22
 31
0.0
  0
LINE
  5
10001185
102
{ACAD_XDICTIONARY
360
10001186
102
}
330
1F
100
AcDbEntity
  8
MODELSKETCH_VISIBLE
100
AcDbLine
 10
83.80000000000001
 20
-27.22
 30
0.0
 11
83.82000000000002
 21
-27.25999999999999
 31
0.0
  0
LINE
  5
10001189
102
{ACAD_XDICTIONARY
360
1000118A
102
}
330
1F
100
AcDbEntity
  8
MODELSKETCH_VISIBLE
100
AcDbLine
 10
83.82000000000002
 20
-27.25999999999999
 30
0.0
 11
83.83000000000001
 21
-27.27
 31
0.0
  0
LINE
  5
1000118D
102
{ACAD_XDICTIONARY
360
1000118E
102
}
330
1F
100
AcDbEntity
  8
MODELSKETCH_VISIBLE
100
AcDbLine
 10
83.83000000000001
 20
-27.27
 30
0.0
 11
83.85
 21
-27.27999999999999
 31
0.0
  0
LINE
  5
10001191
102
{ACAD_XDICTIONARY
360
10001192
102
}
330
1F
100
AcDbEntity
  8
MODELSKETCH_VISIBLE
100
AcDbLine
 10
83.85
 20
-27.27999999999999
 30
0.0
 11
83.86000000000001
 21
-27.29
 31
0.0
  0
LINE
  5
10001195
102
{ACAD_XDICTIONARY
360
10001196
102
}
330
1F
100
AcDbEntity
  8
MODELSKETCH_VISIBLE
100
AcDbLine
 10
83.86000000000001
 20
-27.29
 30
0.0
 11
83.88
 21
-27.3
 31
0.0
  0
LINE
  5
10001199
102
{ACAD_XDICTIONARY
360
1000119A
102
}
330
1F
100
AcDbEntity
  8
MODELSKETCH_VISIBLE
100
AcDbLine
 10
83.88
 20
-27.3
 30
0.0
 11
86.80000000000001
 21
-27.3
 31
0.0
  0
LINE
  5
1000119D
102
{ACAD_XDICTIONARY
360
1000119E
102
}
330
1F
100
AcDbEntity
  8
MODELSKETCH_VISIBLE
100
AcDbLine
 10
86.80000000000001
 20
-27.3
 30
0.0
 11
86.80000000000001
 21
-35.09999999999999
 31
0.0
  0
LINE
  5
100011A1
102
{ACAD_XDICTIONARY
360
100011A2
102
}
330
1F
100
AcDbEntity
  8
MODELSKETCH_VISIBLE
100
AcDbLine
 10
86.80000000000001
 20
-35.09999999999999
 30
0.0
 11
83.88
 21
-35.09999999999999
 31
0.0
  0
CIRCLE
  5
100011A5
102
{ACAD_XDICTIONARY
360
100011A6
102
}
330
1F
100
AcDbEntity
  8
MODELSKETCH_VISIBLE
100
AcDbCircle
 10
-38.1320641583206
 20
-18.12977623343467
 30
0.0
 40
0.6500000000000001
  0
LINE
  5
100011A9
102
{ACAD_XDICTIONARY
360
100011AA
102
}
330
1F
100
AcDbEntity
  8
MODELSKETCH_VISIBLE
100
AcDbLine
 10
83.88
 20
-35.09999999999999
 30
0.0
 11
83.84000000000002
 21
-35.12
 31
0.0
  0
LINE
  5
100011AD
102
{ACAD_XDICTIONARY
360
100011AE
102
}
330
1F
100
AcDbEntity
  8
MODELSKETCH_VISIBLE
100
AcDbLine
 10
83.84000000000002
 20
-35.12
 30
0.0
 11
83.83000000000001
 21
-35.13
 31
0.0
  0
LINE
  5
100011B1
102
{ACAD_XDICTIONARY
360
100011B2
102
}
330
1F
100
AcDbEntity
  8
MODELSKETCH_VISIBLE
100
AcDbLine
 10
83.83000000000001
 20
-35.13
 30
0.0
 11
83.82000000000002
 21
-35.14999999999999
 31
0.0
  0
LINE
  5
100011B5
102
{ACAD_XDICTIONARY
360
100011B6
102
}
330
1F
100
AcDbEntity
  8
MODELSKETCH_VISIBLE
100
AcDbLine
 10
83.82000000000002
 20
-35.14999999999999
 30
0.0
 11
83.81000000000002
 21
-35.16
 31
0.0
  0
LINE
  5
100011B9
102
{ACAD_XDICTIONARY
360
100011BA
102
}
330
1F
100
AcDbEntity
  8
MODELSKETCH_VISIBLE
100
AcDbLine
 10
83.81000000000002
 20
-35.16
 30
0.0
 11
83.80000000000001
 21
-35.17999999999999
 31
0.0
  0
LINE
  5
100011BD
102
{ACAD_XDICTIONARY
360
100011BE
102
}
330
1F
100
AcDbEntity
  8
MODELSKETCH_VISIBLE
100
AcDbLine
 10
83.80000000000001
 20
-35.17999999999999
 30
0.0
 11
83.80000000000001
 21
-43.22
 31
0.0
  0
LINE
  5
100011C1
102
{ACAD_XDICTIONARY
360
100011C2
102
}
330
1F
100
AcDbEntity
  8
MODELSKETCH_VISIBLE
100
AcDbLine
 10
83.80000000000001
 20
-43.22
 30
0.0
 11
83.82000000000002
 21
-43.26
 31
0.0
  0
LINE
  5
100011C5
102
{ACAD_XDICTIONARY
360
100011C6
102
}
330
1F
100
AcDbEntity
  8
MODELSKETCH_VISIBLE
100
AcDbLine
 10
83.82000000000002
 20
-43.26
 30
0.0
 11
83.83000000000001
 21
-43.27
 31
0.0
  0
CIRCLE
  5
100011C9
102
{ACAD_XDICTIONARY
360
100011CA
102
}
330
1F
100
AcDbEntity
  8
MODELSKETCH_VISIBLE
100
AcDbCircle
 10
-53.37206415832052
 20
-43.52977623343467
 30
0.0
 40
0.6500000000000001
  0
LINE
  5
100011CD
102
{ACAD_XDICTIONARY
360
100011CE
102
}
330
1F
100
AcDbEntity
  8
MODELSKETCH_VISIBLE
100
AcDbLine
 10
83.83000000000001
 20
-43.27
 30
0.0
 11
83.85
 21
-43.27999999999999
 31
0.0
  0
LINE
  5
100011D1
102
{ACAD_XDICTIONARY
360
100011D2
102
}
330
1F
100
AcDbEntity
  8
MODELSKETCH_VISIBLE
100
AcDbLine
 10
83.85
 20
-43.27999999999999
 30
0.0
 11
83.86000000000001
 21
-43.28999999999999
 31
0.0
  0
LINE
  5
100011D5
102
{ACAD_XDICTIONARY
360
100011D6
102
}
330
1F
100
AcDbEntity
  8
MODELSKETCH_VISIBLE
100
AcDbLine
 10
83.86000000000001
 20
-43.28999999999999
 30
0.0
 11
83.88
 21
-43.3
 31
0.0
  0
LINE
  5
100011D9
102
{ACAD_XDICTIONARY
360
100011DA
102
}
330
1F
100
AcDbEntity
  8
MODELSKETCH_VISIBLE
100
AcDbLine
 10
83.88
 20
-43.3
 30
0.0
 11
86.80000000000001
 21
-43.3
 31
0.0
  0
LINE
  5
100011DD
102
{ACAD_XDICTIONARY
360
100011DE
102
}
330
1F
100
AcDbEntity
  8
MODELSKETCH_VISIBLE
100
AcDbLine
 10
86.80000000000001
 20
-43.3
 30
0.0
 11
86.80000000000001
 21
-50.72
 31
0.0
  0
LINE
  5
100011E1
102
{ACAD_XDICTIONARY
360
100011E2
102
}
330
1F
100
AcDbEntity
  8
MODELSKETCH_VISIBLE
100
AcDbLine
 10
86.80000000000001
 20
-50.72
 30
0.0
 11
86.82
 21
-50.75999999999999
 31
0.0
  0
LINE
  5
100011E5
102
{ACAD_XDICTIONARY
360
100011E6
102
}
330
1F
100
AcDbEntity
  8
MODELSKETCH_VISIBLE
100
AcDbLine
 10
86.82
 20
-50.75999999999999
 30
0.0
 11
86.83000000000001
 21
-50.77
 31
0.0
  0
LINE
  5
100011E9
102
{ACAD_XDICTIONARY
360
100011EA
102
}
330
1F
100
AcDbEntity
  8
MODELSKETCH_VISIBLE
100
AcDbLine
 10
86.83000000000001
 20
-50.77
 30
0.0
 11
86.85
 21
-50.78
 31
0.0
  0
CIRCLE
  5
100011ED
102
{ACAD_XDICTIONARY
360
100011EE
102
}
330
1F
100
AcDbEntity
  8
MODELSKETCH_VISIBLE
100
AcDbCircle
 10
1.999999999999972
 20
-45.0
 30
0.0
 40
4.0
  0
LINE
  5
100011F1
102
{ACAD_XDICTIONARY
360
100011F2
102
}
330
1F
100
AcDbEntity
  8
MODELSKETCH_VISIBLE
100
AcDbLine
 10
86.85
 20
-50.78
 30
0.0
 11
86.86000000000001
 21
-50.78999999999999
 31
0.0
  0
LINE
  5
100011F5
102
{ACAD_XDICTIONARY
360
100011F6
102
}
330
1F
100
AcDbEntity
  8
MODELSKETCH_VISIBLE
100
AcDbLine
 10
86.86000000000001
 20
-50.78999999999999
 30
0.0
 11
86.88
 21
-50.8
 31
0.0
  0
LINE
  5
100011F9
102
{ACAD_XDICTIONARY
360
100011FA
102
}
330
1F
100
AcDbEntity
  8
MODELSKETCH_VISIBLE
100
AcDbLine
 10
86.88
 20
-50.8
 30
0.0
 11
96.30000000000001
 21
-50.8
 31
0.0
  0
LINE
  5
100011FD
102
{ACAD_XDICTIONARY
360
100011FE
102
}
330
1F
100
AcDbEntity
  8
MODELSKETCH_VISIBLE
100
AcDbLine
 10
96.30000000000001
 20
-50.8
 30
0.0
 11
96.30000000000001
 21
-53.72
 31
0.0
  0
LINE
  5
10001201
102
{ACAD_XDICTIONARY
360
10001202
102
}
330
1F
100
AcDbEntity
  8
MODELSKETCH_VISIBLE
100
AcDbLine
 10
96.32
 20
-53.76
 30
0.0
 11
96.33000000000001
 21
-53.77
 31
0.0
  0
LINE
  5
10001205
102
{ACAD_XDICTIONARY
360
10001206
102
}
330
1F
100
AcDbEntity
  8
MODELSKETCH_VISIBLE
100
AcDbLine
 10
96.33000000000001
 20
-53.77
 30
0.0
 11
96.35
 21
-53.78
 31
0.0
  0
LINE
  5
10001209
102
{ACAD_XDICTIONARY
360
1000120A
102
}
330
1F
100
AcDbEntity
  8
MODELSKETCH_VISIBLE
100
AcDbLine
 10
-39.18000000000002
 20
55.3
 30
0.0
 11
-51.22000000000001
 21
55.3
 31
0.0
  0
LINE
  5
1000120D
102
{ACAD_XDICTIONARY
360
1000120E
102
}
330
1F
100
AcDbEntity
  8
MODELSKETCH_VISIBLE
100
AcDbLine
 10
-51.22000000000001
 20
55.3
 30
0.0
 11
-51.26000000000002
 21
55.28
 31
0.0
  0
LINE
  5
10001211
102
{ACAD_XDICTIONARY
360
10001212
102
}
330
1F
100
AcDbEntity
  8
MODELSKETCH_VISIBLE
100
AcDbLine
 10
-51.26000000000002
 20
55.28
 30
0.0
 11
-51.27000000000001
 21
55.27
 31
0.0
  0
LINE
  5
10001215
102
{ACAD_XDICTIONARY
360
10001216
102
}
330
1F
100
AcDbEntity
  8
MODELSKETCH_VISIBLE
100
AcDbLine
 10
-51.27000000000001
 20
55.27
 30
0.0
 11
-51.28000000000002
 21
55.25
 31
0.0
  0
LINE
  5
10001219
102
{ACAD_XDICTIONARY
360
1000121A
102
}
330
1F
100
AcDbEntity
  8
MODELSKETCH_VISIBLE
100
AcDbLine
 10
-51.28000000000002
 20
55.25
 30
0.0
 11
-51.29000000000002
 21
55.23999999999999
 31
0.0
  0
LINE
  5
1000121D
102
{ACAD_XDICTIONARY
360
1000121E
102
}
330
1F
100
AcDbEntity
  8
MODELSKETCH_VISIBLE
100
AcDbLine
 10
-51.29000000000002
 20
55.23999999999999
 30
0.0
 11
-51.30000000000001
 21
55.22
 31
0.0
  0
LINE
  5
10001221
102
{ACAD_XDICTIONARY
360
10001222
102
}
330
1F
100
AcDbEntity
  8
MODELSKETCH_VISIBLE
100
AcDbLine
 10
-51.30000000000001
 20
55.22
 30
0.0
 11
-51.30000000000001
 21
52.3
 31
0.0
  0
LINE
  5
10001225
102
{ACAD_XDICTIONARY
360
10001226
102
}
330
1F
100
AcDbEntity
  8
MODELSKETCH_VISIBLE
100
AcDbLine
 10
-51.30000000000001
 20
52.3
 30
0.0
 11
-63.10000000000002
 21
52.3
 31
0.0
  0
LINE
  5
10001229
102
{ACAD_XDICTIONARY
360
1000122A
102
}
330
1F
100
AcDbEntity
  8
MODELSKETCH_VISIBLE
100
AcDbLine
 10
-63.10000000000002
 20
52.3
 30
0.0
 11
-63.10000000000002
 21
55.22
 31
0.0
  0
LINE
  5
1000122D
102
{ACAD_XDICTIONARY
360
1000122E
102
}
330
1F
100
AcDbEntity
  8
MODELSKETCH_VISIBLE
100
AcDbLine
 10
-63.10000000000002
 20
55.22
 30
0.0
 11
-63.12000000000003
 21
55.26000000000001
 31
0.0
  0
LINE
  5
10001231
102
{ACAD_XDICTIONARY
360
10001232
102
}
330
1F
100
AcDbEntity
  8
MODELSKETCH_VISIBLE
100
AcDbLine
 10
-63.12000000000003
 20
55.26000000000001
 30
0.0
 11
-63.13000000000002
 21
55.27
 31
0.0
  0
ENDSEC
  0
SECTION
  2
OBJECTS
  0
DICTIONARY
  5
C
330
0
100
AcDbDictionary
  3
ACAD_GROUP
350
D
  3
ACAD_LAYOUT
350
1A
  3
ACAD_MATERIAL
350
43
  3
ACAD_MLEADERSTYLE
350
5B
  3
ACAD_MLINESTYLE
350
17
  3
ACAD_PLOTSETTINGS
350
19
  3
ACAD_SCALELIST
350
47
  3
ACAD_VISUALSTYLE
350
2A
  3
ACDBHEADERROUNDTRIPXREC
350
10001237
  3
ACDBVARIABLEDICTIONARY
350
10001258
  3
DWGPROPS
350
10001263
  3
ONSHAPE_DATA
350
10000001
  0
DICTIONARY
  5
10001264
330
8
100
AcDbDictionary
280
     1
  3
ACAD_XREC_ROUNDTRIP
360
10001265
  0
DICTIONARY
  5
10001235
330
1F
100
AcDbDictionary
280
     1
  3
ACAD_SORTENTS
360
10001236
  0
DICTIONARY
  5
1000005A
330
10000059
100
AcDbDictionary
280
     1
  3
BTDETID
360
1000005B
  3
BTPARTID
360
1000005C
  0
DICTIONARY
  5
1000005E
330
1000005D
100
AcDbDictionary
280
     1
  3
BTDETID
360
1000005F
  3
BTPARTID
360
10000060
  0
DICTIONARY
  5
10000062
330
10000061
100
AcDbDictionary
280
     1
  3
BTDETID
360
10000063
  3
BTPARTID
360
10000064
  0
DICTIONARY
  5
10000066
330
10000065
100
AcDbDictionary
280
     1
  3
BTDETID
360
10000067
  3
BTPARTID
360
10000068
  0
DICTIONARY
  5
1000006A
330
10000069
100
AcDbDictionary
280
     1
  3
BTDETID
360
1000006B
  3
BTPARTID
360
1000006C
  0
DICTIONARY
  5
1000006E
330
1000006D
100
AcDbDictionary
280
     1
  3
BTDETID
360
1000006F
  3
BTPARTID
360
10000070
  0
DICTIONARY
  5
10000072
330
10000071
100
AcDbDictionary
280
     1
  3
BTDETID
360
10000073
  3
BTPARTID
360
10000074
  0
DICTIONARY
  5
10000076
330
10000075
100
AcDbDictionary
280
     1
  3
BTDETID
360
10000077
  3
BTPARTID
360
10000078
  0
DICTIONARY
  5
1000007A
330
10000079
100
AcDbDictionary
280
     1
  3
BTDETID
360
1000007B
  3
BTPARTID
360
1000007C
  0
DICTIONARY
  5
1000007E
330
1000007D
100
AcDbDictionary
280
     1
  3
BTDETID
360
1000007F
  3
BTPARTID
360
10000080
  0
DICTIONARY
  5
10000082
330
10000081
100
AcDbDictionary
280
     1
  3
BTDETID
360
10000083
  3
BTPARTID
360
10000084
  0
DICTIONARY
  5
10000086
330
10000085
100
AcDbDictionary
280
     1
  3
BTDETID
360
10000087
  3
BTPARTID
360
10000088
  0
DICTIONARY
  5
1000008A
330
10000089
100
AcDbDictionary
280
     1
  3
BTDETID
360
1000008B
  3
BTPARTID
360
1000008C
  0
DICTIONARY
  5
1000008E
330
1000008D
100
AcDbDictionary
280
     1
  3
BTDETID
360
1000008F
  3
BTPARTID
360
10000090
  0
DICTIONARY
  5
10000092
330
10000091
100
AcDbDictionary
280
     1
  3
BTDETID
360
10000093
  3
BTPARTID
360
10000094
  0
DICTIONARY
  5
10000096
330
10000095
100
AcDbDictionary
280
     1
  3
BTDETID
360
10000097
  3
BTPARTID
360
10000098
  0
DICTIONARY
  5
1000009A
330
10000099
100
AcDbDictionary
280
     1
  3
BTDETID
360
1000009B
  3
BTPARTID
360
1000009C
  0
DICTIONARY
  5
1000009E
330
1000009D
100
AcDbDictionary
280
     1
  3
BTDETID
360
1000009F
  3
BTPARTID
360
100000A0
  0
DICTIONARY
  5
100000A2
330
100000A1
100
AcDbDictionary
280
     1
  3
BTDETID
360
100000A3
  3
BTPARTID
360
100000A4
  0
DICTIONARY
  5
100000A6
330
100000A5
100
AcDbDictionary
280
     1
  3
BTDETID
360
100000A7
  3
BTPARTID
360
100000A8
  0
DICTIONARY
  5
100000AA
330
100000A9
100
AcDbDictionary
280
     1
  3
BTDETID
360
100000AB
  3
BTPARTID
360
100000AC
  0
DICTIONARY
  5
100000AE
330
100000AD
100
AcDbDictionary
280
     1
  3
BTDETID
360
100000AF
  3
BTPARTID
360
100000B0
  0
DICTIONARY
  5
100000B2
330
100000B1
100
AcDbDictionary
280
     1
  3
BTDETID
360
100000B3
  3
BTPARTID
360
100000B4
  0
DICTIONARY
  5
100000B6
330
100000B5
100
AcDbDictionary
280
     1
  3
BTDETID
360
100000B7
  3
BTPARTID
360
100000B8
  0
DICTIONARY
  5
100000BA
330
100000B9
100
AcDbDictionary
280
     1
  3
BTDETID
360
100000BB
  3
BTPARTID
360
100000BC
  0
DICTIONARY
  5
100000BE
330
100000BD
100
AcDbDictionary
280
     1
  3
BTDETID
360
100000BF
  3
BTPARTID
360
100000C0
  0
DICTIONARY
  5
100000C2
330
100000C1
100
AcDbDictionary
280
     1
  3
BTDETID
360
100000C3
  3
BTPARTID
360
100000C4
  0
DICTIONARY
  5
100000C6
330
100000C5
100
AcDbDictionary
280
     1
  3
BTDETID
360
100000C7
  3
BTPARTID
360
100000C8
  0
DICTIONARY
  5
100000CA
330
100000C9
100
AcDbDictionary
280
     1
  3
BTDETID
360
100000CB
  3
BTPARTID
360
100000CC
  0
DICTIONARY
  5
100000CE
330
100000CD
100
AcDbDictionary
280
     1
  3
BTDETID
360
100000CF
  3
BTPARTID
360
100000D0
  0
DICTIONARY
  5
100000D2
330
100000D1
100
AcDbDictionary
280
     1
  3
BTDETID
360
100000D3
  3
BTPARTID
360
100000D4
  0
DICTIONARY
  5
100000D6
330
100000D5
100
AcDbDictionary
280
     1
  3
BTDETID
360
100000D7
  3
BTPARTID
360
100000D8
  0
DICTIONARY
  5
100000DA
330
100000D9
100
AcDbDictionary
280
     1
  3
BTDETID
360
100000DB
  3
BTPARTID
360
100000DC
  0
DICTIONARY
  5
100000DE
330
100000DD
100
AcDbDictionary
280
     1
  3
BTDETID
360
100000DF
  3
BTPARTID
360
100000E0
  0
DICTIONARY
  5
100000E2
330
100000E1
100
AcDbDictionary
280
     1
  3
BTDETID
360
100000E3
  3
BTPARTID
360
100000E4
  0
DICTIONARY
  5
100000E6
330
100000E5
100
AcDbDictionary
280
     1
  3
BTDETID
360
100000E7
  3
BTPARTID
360
100000E8
  0
DICTIONARY
  5
100000EA
330
100000E9
100
AcDbDictionary
280
     1
  3
BTDETID
360
100000EB
  3
BTPARTID
360
100000EC
  0
DICTIONARY
  5
100000EE
330
100000ED
100
AcDbDictionary
280
     1
  3
BTDETID
360
100000EF
  3
BTPARTID
360
100000F0
  0
DICTIONARY
  5
100000F2
330
100000F1
100
AcDbDictionary
280
     1
  3
BTDETID
360
100000F3
  3
BTPARTID
360
100000F4
  0
DICTIONARY
  5
100000F6
330
100000F5
100
AcDbDictionary
280
     1
  3
BTDETID
360
100000F7
  3
BTPARTID
360
100000F8
  0
DICTIONARY
  5
100000FA
330
100000F9
100
AcDbDictionary
280
     1
  3
BTDETID
360
100000FB
  3
BTPARTID
360
100000FC
  0
DICTIONARY
  5
100000FE
330
100000FD
100
AcDbDictionary
280
     1
  3
BTDETID
360
100000FF
  3
BTPARTID
360
10000100
  0
DICTIONARY
  5
10000102
330
10000101
100
AcDbDictionary
280
     1
  3
BTDETID
360
10000103
  3
BTPARTID
360
10000104
  0
DICTIONARY
  5
10000106
330
10000105
100
AcDbDictionary
280
     1
  3
BTDETID
360
10000107
  3
BTPARTID
360
10000108
  0
DICTIONARY
  5
1000010A
330
10000109
100
AcDbDictionary
280
     1
  3
BTDETID
360
1000010B
  3
BTPARTID
360
1000010C
  0
DICTIONARY
  5
1000010E
330
1000010D
100
AcDbDictionary
280
     1
  3
BTDETID
360
1000010F
  3
BTPARTID
360
10000110
  0
DICTIONARY
  5
10000112
330
10000111
100
AcDbDictionary
280
     1
  3
BTDETID
360
10000113
  3
BTPARTID
360
10000114
  0
DICTIONARY
  5
10000116
330
10000115
100
AcDbDictionary
280
     1
  3
BTDETID
360
10000117
  3
BTPARTID
360
10000118
  0
DICTIONARY
  5
1000011A
330
10000119
100
AcDbDictionary
280
     1
  3
BTDETID
360
1000011B
  3
BTPARTID
360
1000011C
  0
DICTIONARY
  5
1000011E
330
1000011D
100
AcDbDictionary
280
     1
  3
BTDETID
360
1000011F
  3
BTPARTID
360
10000120
  0
DICTIONARY
  5
10000122
330
10000121
100
AcDbDictionary
280
     1
  3
BTDETID
360
10000123
  3
BTPARTID
360
10000124
  0
DICTIONARY
  5
10000126
330
10000125
100
AcDbDictionary
280
     1
  3
BTDETID
360
10000127
  3
BTPARTID
360
10000128
  0
DICTIONARY
  5
1000012A
330
10000129
100
AcDbDictionary
280
     1
  3
BTDETID
360
1000012B
  3
BTPARTID
360
1000012C
  0
DICTIONARY
  5
1000012E
330
1000012D
100
AcDbDictionary
280
     1
  3
BTDETID
360
1000012F
  3
BTPARTID
360
10000130
  0
DICTIONARY
  5
10000132
330
10000131
100
AcDbDictionary
280
     1
  3
BTDETID
360
10000133
  3
BTPARTID
360
10000134
  0
DICTIONARY
  5
10000136
330
10000135
100
AcDbDictionary
280
     1
  3
BTDETID
360
10000137
  3
BTPARTID
360
10000138
  0
DICTIONARY
  5
1000013A
330
10000139
100
AcDbDictionary
280
     1
  3
BTDETID
360
1000013B
  3
BTPARTID
360
1000013C
  0
DICTIONARY
  5
1000013E
330
1000013D
100
AcDbDictionary
280
     1
  3
BTDETID
360
1000013F
  3
BTPARTID
360
10000140
  0
DICTIONARY
  5
10000142
330
10000141
100
AcDbDictionary
280
     1
  3
BTDETID
360
10000143
  3
BTPARTID
360
10000144
  0
DICTIONARY
  5
10000146
330
10000145
100
AcDbDictionary
280
     1
  3
BTDETID
360
10000147
  3
BTPARTID
360
10000148
  0
DICTIONARY
  5
1000014A
330
10000149
100
AcDbDictionary
280
     1
  3
BTDETID
360
1000014B
  3
BTPARTID
360
1000014C
  0
DICTIONARY
  5
1000014E
330
1000014D
100
AcDbDictionary
280
     1
  3
BTDETID
360
1000014F
  3
BTPARTID
360
10000150
  0
DICTIONARY
  5
10000152
330
10000151
100
AcDbDictionary
280
     1
  3
BTDETID
360
10000153
  3
BTPARTID
360
10000154
  0
DICTIONARY
  5
10000156
330
10000155
100
AcDbDictionary
280
     1
  3
BTDETID
360
10000157
  3
BTPARTID
360
10000158
  0
DICTIONARY
  5
1000015A
330
10000159
100
AcDbDictionary
280
     1
  3
BTDETID
360
1000015B
  3
BTPARTID
360
1000015C
  0
DICTIONARY
  5
1000015E
330
1000015D
100
AcDbDictionary
280
     1
  3
BTDETID
360
1000015F
  3
BTPARTID
360
10000160
  0
DICTIONARY
  5
10000162
330
10000161
100
AcDbDictionary
280
     1
  3
BTDETID
360
10000163
  3
BTPARTID
360
10000164
  0
DICTIONARY
  5
10000166
330
10000165
100
AcDbDictionary
280
     1
  3
BTDETID
360
10000167
  3
BTPARTID
360
10000168
  0
DICTIONARY
  5
1000016A
330
10000169
100
AcDbDictionary
280
     1
  3
BTDETID
360
1000016B
  3
BTPARTID
360
1000016C
  0
DICTIONARY
  5
1000016E
330
1000016D
100
AcDbDictionary
280
     1
  3
BTDETID
360
1000016F
  3
BTPARTID
360
10000170
  0
DICTIONARY
  5
10000172
330
10000171
100
AcDbDictionary
280
     1
  3
BTDETID
360
10000173
  3
BTPARTID
360
10000174
  0
DICTIONARY
  5
10000176
330
10000175
100
AcDbDictionary
280
     1
  3
BTDETID
360
10000177
  3
BTPARTID
360
10000178
  0
DICTIONARY
  5
1000017A
330
10000179
100
AcDbDictionary
280
     1
  3
BTDETID
360
1000017B
  3
BTPARTID
360
1000017C
  0
DICTIONARY
  5
1000017E
330
1000017D
100
AcDbDictionary
280
     1
  3
BTDETID
360
1000017F
  3
BTPARTID
360
10000180
  0
DICTIONARY
  5
10000182
330
10000181
100
AcDbDictionary
280
     1
  3
BTDETID
360
10000183
  3
BTPARTID
360
10000184
  0
DICTIONARY
  5
10000186
330
10000185
100
AcDbDictionary
280
     1
  3
BTDETID
360
10000187
  3
BTPARTID
360
10000188
  0
DICTIONARY
  5
1000018A
330
10000189
100
AcDbDictionary
280
     1
  3
BTDETID
360
1000018B
  3
BTPARTID
360
1000018C
  0
DICTIONARY
  5
1000018E
330
1000018D
100
AcDbDictionary
280
     1
  3
BTDETID
360
1000018F
  3
BTPARTID
360
10000190
  0
DICTIONARY
  5
10000192
330
10000191
100
AcDbDictionary
280
     1
  3
BTDETID
360
10000193
  3
BTPARTID
360
10000194
  0
DICTIONARY
  5
10000196
330
10000195
100
AcDbDictionary
280
     1
  3
BTDETID
360
10000197
  3
BTPARTID
360
10000198
  0
DICTIONARY
  5
1000019A
330
10000199
100
AcDbDictionary
280
     1
  3
BTDETID
360
1000019B
  3
BTPARTID
360
1000019C
  0
DICTIONARY
  5
1000019E
330
1000019D
100
AcDbDictionary
280
     1
  3
BTDETID
360
1000019F
  3
BTPARTID
360
100001A0
  0
DICTIONARY
  5
100001A2
330
100001A1
100
AcDbDictionary
280
     1
  3
BTDETID
360
100001A3
  3
BTPARTID
360
100001A4
  0
DICTIONARY
  5
100001A6
330
100001A5
100
AcDbDictionary
280
     1
  3
BTDETID
360
100001A7
  3
BTPARTID
360
100001A8
  0
DICTIONARY
  5
100001AA
330
100001A9
100
AcDbDictionary
280
     1
  3
BTDETID
360
100001AB
  3
BTPARTID
360
100001AC
  0
DICTIONARY
  5
100001AE
330
100001AD
100
AcDbDictionary
280
     1
  3
BTDETID
360
100001AF
  3
BTPARTID
360
100001B0
  0
DICTIONARY
  5
100001B2
330
100001B1
100
AcDbDictionary
280
     1
  3
BTDETID
360
100001B3
  3
BTPARTID
360
100001B4
  0
DICTIONARY
  5
100001B6
330
100001B5
100
AcDbDictionary
280
     1
  3
BTDETID
360
100001B7
  3
BTPARTID
360
100001B8
  0
DICTIONARY
  5
100001BA
330
100001B9
100
AcDbDictionary
280
     1
  3
BTDETID
360
100001BB
  3
BTPARTID
360
100001BC
  0
DICTIONARY
  5
100001BE
330
100001BD
100
AcDbDictionary
280
     1
  3
BTDETID
360
100001BF
  3
BTPARTID
360
100001C0
  0
DICTIONARY
  5
100001C2
330
100001C1
100
AcDbDictionary
280
     1
  3
BTDETID
360
100001C3
  3
BTPARTID
360
100001C4
  0
DICTIONARY
  5
100001C6
330
100001C5
100
AcDbDictionary
280
     1
  3
BTDETID
360
100001C7
  3
BTPARTID
360
100001C8
  0
DICTIONARY
  5
100001CA
330
100001C9
100
AcDbDictionary
280
     1
  3
BTDETID
360
100001CB
  3
BTPARTID
360
100001CC
  0
DICTIONARY
  5
100001CE
330
100001CD
100
AcDbDictionary
280
     1
  3
BTDETID
360
100001CF
  3
BTPARTID
360
100001D0
  0
DICTIONARY
  5
100001D2
330
100001D1
100
AcDbDictionary
280
     1
  3
BTDETID
360
100001D3
  3
BTPARTID
360
100001D4
  0
DICTIONARY
  5
100001D6
330
100001D5
100
AcDbDictionary
280
     1
  3
BTDETID
360
100001D7
  3
BTPARTID
360
100001D8
  0
DICTIONARY
  5
100001DA
330
100001D9
100
AcDbDictionary
280
     1
  3
BTDETID
360
100001DB
  3
BTPARTID
360
100001DC
  0
DICTIONARY
  5
100001DE
330
100001DD
100
AcDbDictionary
280
     1
  3
BTDETID
360
100001DF
  3
BTPARTID
360
100001E0
  0
DICTIONARY
  5
100001E2
330
100001E1
100
AcDbDictionary
280
     1
  3
BTDETID
360
100001E3
  3
BTPARTID
360
100001E4
  0
DICTIONARY
  5
100001E6
330
100001E5
100
AcDbDictionary
280
     1
  3
BTDETID
360
100001E7
  3
BTPARTID
360
100001E8
  0
DICTIONARY
  5
100001EA
330
100001E9
100
AcDbDictionary
280
     1
  3
BTDETID
360
100001EB
  3
BTPARTID
360
100001EC
  0
DICTIONARY
  5
100001EE
330
100001ED
100
AcDbDictionary
280
     1
  3
BTDETID
360
100001EF
  3
BTPARTID
360
100001F0
  0
DICTIONARY
  5
100001F2
330
100001F1
100
AcDbDictionary
280
     1
  3
BTDETID
360
100001F3
  3
BTPARTID
360
100001F4
  0
DICTIONARY
  5
100001F6
330
100001F5
100
AcDbDictionary
280
     1
  3
BTDETID
360
100001F7
  3
BTPARTID
360
100001F8
  0
DICTIONARY
  5
100001FA
330
100001F9
100
AcDbDictionary
280
     1
  3
BTDETID
360
100001FB
  3
BTPARTID
360
100001FC
  0
DICTIONARY
  5
100001FE
330
100001FD
100
AcDbDictionary
280
     1
  3
BTDETID
360
100001FF
  3
BTPARTID
360
10000200
  0
DICTIONARY
  5
10000202
330
10000201
100
AcDbDictionary
280
     1
  3
BTDETID
360
10000203
  3
BTPARTID
360
10000204
  0
DICTIONARY
  5
10000206
330
10000205
100
AcDbDictionary
280
     1
  3
BTDETID
360
10000207
  3
BTPARTID
360
10000208
  0
DICTIONARY
  5
1000020A
330
10000209
100
AcDbDictionary
280
     1
  3
BTDETID
360
1000020B
  3
BTPARTID
360
1000020C
  0
DICTIONARY
  5
1000020E
330
1000020D
100
AcDbDictionary
280
     1
  3
BTDETID
360
1000020F
  3
BTPARTID
360
10000210
  0
DICTIONARY
  5
10000212
330
10000211
100
AcDbDictionary
280
     1
  3
BTDETID
360
10000213
  3
BTPARTID
360
10000214
  0
DICTIONARY
  5
10000216
330
10000215
100
AcDbDictionary
280
     1
  3
BTDETID
360
10000217
  3
BTPARTID
360
10000218
  0
DICTIONARY
  5
1000021A
330
10000219
100
AcDbDictionary
280
     1
  3
BTDETID
360
1000021B
  3
BTPARTID
360
1000021C
  0
DICTIONARY
  5
1000021E
330
1000021D
100
AcDbDictionary
280
     1
  3
BTDETID
360
1000021F
  3
BTPARTID
360
10000220
  0
DICTIONARY
  5
10000222
330
10000221
100
AcDbDictionary
280
     1
  3
BTDETID
360
10000223
  3
BTPARTID
360
10000224
  0
DICTIONARY
  5
10000226
330
10000225
100
AcDbDictionary
280
     1
  3
BTDETID
360
10000227
  3
BTPARTID
360
10000228
  0
DICTIONARY
  5
1000022A
330
10000229
100
AcDbDictionary
280
     1
  3
BTDETID
360
1000022B
  3
BTPARTID
360
1000022C
  0
DICTIONARY
  5
1000022E
330
1000022D
100
AcDbDictionary
280
     1
  3
BTDETID
360
1000022F
  3
BTPARTID
360
10000230
  0
DICTIONARY
  5
10000232
330
10000231
100
AcDbDictionary
280
     1
  3
BTDETID
360
10000233
  3
BTPARTID
360
10000234
  0
DICTIONARY
  5
10000236
330
10000235
100
AcDbDictionary
280
     1
  3
BTDETID
360
10000237
  3
BTPARTID
360
10000238
  0
DICTIONARY
  5
1000023A
330
10000239
100
AcDbDictionary
280
     1
  3
BTDETID
360
1000023B
  3
BTPARTID
360
1000023C
  0
DICTIONARY
  5
1000023E
330
1000023D
100
AcDbDictionary
280
     1
  3
BTDETID
360
1000023F
  3
BTPARTID
360
10000240
  0
DICTIONARY
  5
10000242
330
10000241
100
AcDbDictionary
280
     1
  3
BTDETID
360
10000243
  3
BTPARTID
360
10000244
  0
DICTIONARY
  5
10000246
330
10000245
100
AcDbDictionary
280
     1
  3
BTDETID
360
10000247
  3
BTPARTID
360
10000248
  0
DICTIONARY
  5
1000024A
330
10000249
100
AcDbDictionary
280
     1
  3
BTDETID
360
1000024B
  3
BTPARTID
360
1000024C
  0
DICTIONARY
  5
1000024E
330
1000024D
100
AcDbDictionary
280
     1
  3
BTDETID
360
1000024F
  3
BTPARTID
360
10000250
  0
DICTIONARY
  5
10000252
330
10000251
100
AcDbDictionary
280
     1
  3
BTDETID
360
10000253
  3
BTPARTID
360
10000254
  0
DICTIONARY
  5
10000256
330
10000255
100
AcDbDictionary
280
     1
  3
BTDETID
360
10000257
  3
BTPARTID
360
10000258
  0
DICTIONARY
  5
1000025A
330
10000259
100
AcDbDictionary
280
     1
  3
BTDETID
360
1000025B
  3
BTPARTID
360
1000025C
  0
DICTIONARY
  5
1000025E
330
1000025D
100
AcDbDictionary
280
     1
  3
BTDETID
360
1000025F
  3
BTPARTID
360
10000260
  0
DICTIONARY
  5
10000262
330
10000261
100
AcDbDictionary
280
     1
  3
BTDETID
360
10000263
  3
BTPARTID
360
10000264
  0
DICTIONARY
  5
10000266
330
10000265
100
AcDbDictionary
280
     1
  3
BTDETID
360
10000267
  3
BTPARTID
360
10000268
  0
DICTIONARY
  5
1000026A
330
10000269
100
AcDbDictionary
280
     1
  3
BTDETID
360
1000026B
  3
BTPARTID
360
1000026C
  0
DICTIONARY
  5
1000026E
330
1000026D
100
AcDbDictionary
280
     1
  3
BTDETID
360
1000026F
  3
BTPARTID
360
10000270
  0
DICTIONARY
  5
10000272
330
10000271
100
AcDbDictionary
280
     1
  3
BTDETID
360
10000273
  3
BTPARTID
360
10000274
  0
DICTIONARY
  5
10000276
330
10000275
100
AcDbDictionary
280
     1
  3
BTDETID
360
10000277
  3
BTPARTID
360
10000278
  0
DICTIONARY
  5
1000027A
330
10000279
100
AcDbDictionary
280
     1
  3
BTDETID
360
1000027B
  3
BTPARTID
360
1000027C
  0
DICTIONARY
  5
1000027E
330
1000027D
100
AcDbDictionary
280
     1
  3
BTDETID
360
1000027F
  3
BTPARTID
360
10000280
  0
DICTIONARY
  5
10000282
330
10000281
100
AcDbDictionary
280
     1
  3
BTDETID
360
10000283
  3
BTPARTID
360
10000284
  0
DICTIONARY
  5
10000286
330
10000285
100
AcDbDictionary
280
     1
  3
BTDETID
360
10000287
  3
BTPARTID
360
10000288
  0
DICTIONARY
  5
1000028A
330
10000289
100
AcDbDictionary
280
     1
  3
BTDETID
360
1000028B
  3
BTPARTID
360
1000028C
  0
DICTIONARY
  5
1000028E
330
1000028D
100
AcDbDictionary
280
     1
  3
BTDETID
360
1000028F
  3
BTPARTID
360
10000290
  0
DICTIONARY
  5
10000292
330
10000291
100
AcDbDictionary
280
     1
  3
BTDETID
360
10000293
  3
BTPARTID
360
10000294
  0
DICTIONARY
  5
10000296
330
10000295
100
AcDbDictionary
280
     1
  3
BTDETID
360
10000297
  3
BTPARTID
360
10000298
  0
DICTIONARY
  5
1000029A
330
10000299
100
AcDbDictionary
280
     1
  3
BTDETID
360
1000029B
  3
BTPARTID
360
1000029C
  0
DICTIONARY
  5
1000029E
330
1000029D
100
AcDbDictionary
280
     1
  3
BTDETID
360
1000029F
  3
BTPARTID
360
100002A0
  0
DICTIONARY
  5
100002A2
330
100002A1
100
AcDbDictionary
280
     1
  3
BTDETID
360
100002A3
  3
BTPARTID
360
100002A4
  0
DICTIONARY
  5
100002A6
330
100002A5
100
AcDbDictionary
280
     1
  3
BTDETID
360
100002A7
  3
BTPARTID
360
100002A8
  0
DICTIONARY
  5
100002AA
330
100002A9
100
AcDbDictionary
280
     1
  3
BTDETID
360
100002AB
  3
BTPARTID
360
100002AC
  0
DICTIONARY
  5
100002AE
330
100002AD
100
AcDbDictionary
280
     1
  3
BTDETID
360
100002AF
  3
BTPARTID
360
100002B0
  0
DICTIONARY
  5
100002B2
330
100002B1
100
AcDbDictionary
280
     1
  3
BTDETID
360
100002B3
  3
BTPARTID
360
100002B4
  0
DICTIONARY
  5
100002B6
330
100002B5
100
AcDbDictionary
280
     1
  3
BTDETID
360
100002B7
  3
BTPARTID
360
100002B8
  0
DICTIONARY
  5
100002BA
330
100002B9
100
AcDbDictionary
280
     1
  3
BTDETID
360
100002BB
  3
BTPARTID
360
100002BC
  0
DICTIONARY
  5
100002BE
330
100002BD
100
AcDbDictionary
280
     1
  3
BTDETID
360
100002BF
  3
BTPARTID
360
100002C0
  0
DICTIONARY
  5
100002C2
330
100002C1
100
AcDbDictionary
280
     1
  3
BTDETID
360
100002C3
  3
BTPARTID
360
100002C4
  0
DICTIONARY
  5
100002C6
330
100002C5
100
AcDbDictionary
280
     1
  3
BTDETID
360
100002C7
  3
BTPARTID
360
100002C8
  0
DICTIONARY
  5
100002CA
330
100002C9
100
AcDbDictionary
280
     1
  3
BTDETID
360
100002CB
  3
BTPARTID
360
100002CC
  0
DICTIONARY
  5
100002CE
330
100002CD
100
AcDbDictionary
280
     1
  3
BTDETID
360
100002CF
  3
BTPARTID
360
100002D0
  0
DICTIONARY
  5
100002D2
330
100002D1
100
AcDbDictionary
280
     1
  3
BTDETID
360
100002D3
  3
BTPARTID
360
100002D4
  0
DICTIONARY
  5
100002D6
330
100002D5
100
AcDbDictionary
280
     1
  3
BTDETID
360
100002D7
  3
BTPARTID
360
100002D8
  0
DICTIONARY
  5
100002DA
330
100002D9
100
AcDbDictionary
280
     1
  3
BTDETID
360
100002DB
  3
BTPARTID
360
100002DC
  0
DICTIONARY
  5
100002DE
330
100002DD
100
AcDbDictionary
280
     1
  3
BTDETID
360
100002DF
  3
BTPARTID
360
100002E0
  0
DICTIONARY
  5
100002E2
330
100002E1
100
AcDbDictionary
280
     1
  3
BTDETID
360
100002E3
  3
BTPARTID
360
100002E4
  0
DICTIONARY
  5
100002E6
330
100002E5
100
AcDbDictionary
280
     1
  3
BTDETID
360
100002E7
  3
BTPARTID
360
100002E8
  0
DICTIONARY
  5
100002EA
330
100002E9
100
AcDbDictionary
280
     1
  3
BTDETID
360
100002EB
  3
BTPARTID
360
100002EC
  0
DICTIONARY
  5
100002EE
330
100002ED
100
AcDbDictionary
280
     1
  3
BTDETID
360
100002EF
  3
BTPARTID
360
100002F0
  0
DICTIONARY
  5
100002F2
330
100002F1
100
AcDbDictionary
280
     1
  3
BTDETID
360
100002F3
  3
BTPARTID
360
100002F4
  0
DICTIONARY
  5
100002F6
330
100002F5
100
AcDbDictionary
280
     1
  3
BTDETID
360
100002F7
  3
BTPARTID
360
100002F8
  0
DICTIONARY
  5
100002FA
330
100002F9
100
AcDbDictionary
280
     1
  3
BTDETID
360
100002FB
  3
BTPARTID
360
100002FC
  0
DICTIONARY
  5
100002FE
330
100002FD
100
AcDbDictionary
280
     1
  3
BTDETID
360
100002FF
  3
BTPARTID
360
10000300
  0
DICTIONARY
  5
10000302
330
10000301
100
AcDbDictionary
280
     1
  3
BTDETID
360
10000303
  3
BTPARTID
360
10000304
  0
DICTIONARY
  5
10000306
330
10000305
100
AcDbDictionary
280
     1
  3
BTDETID
360
10000307
  3
BTPARTID
360
10000308
  0
DICTIONARY
  5
1000030A
330
10000309
100
AcDbDictionary
280
     1
  3
BTDETID
360
1000030B
  3
BTPARTID
360
1000030C
  0
DICTIONARY
  5
1000030E
330
1000030D
100
AcDbDictionary
280
     1
  3
BTDETID
360
1000030F
  3
BTPARTID
360
10000310
  0
DICTIONARY
  5
10000312
330
10000311
100
AcDbDictionary
280
     1
  3
BTDETID
360
10000313
  3
BTPARTID
360
10000314
  0
DICTIONARY
  5
10000316
330
10000315
100
AcDbDictionary
280
     1
  3
BTDETID
360
10000317
  3
BTPARTID
360
10000318
  0
DICTIONARY
  5
1000031A
330
10000319
100
AcDbDictionary
280
     1
  3
BTDETID
360
1000031B
  3
BTPARTID
360
1000031C
  0
DICTIONARY
  5
1000031E
330
1000031D
100
AcDbDictionary
280
     1
  3
BTDETID
360
1000031F
  3
BTPARTID
360
10000320
  0
DICTIONARY
  5
10000322
330
10000321
100
AcDbDictionary
280
     1
  3
BTDETID
360
10000323
  3
BTPARTID
360
10000324
  0
DICTIONARY
  5
10000326
330
10000325
100
AcDbDictionary
280
     1
  3
BTDETID
360
10000327
  3
BTPARTID
360
10000328
  0
DICTIONARY
  5
1000032A
330
10000329
100
AcDbDictionary
280
     1
  3
BTDETID
360
1000032B
  3
BTPARTID
360
1000032C
  0
DICTIONARY
  5
1000032E
330
1000032D
100
AcDbDictionary
280
     1
  3
BTDETID
360
1000032F
  3
BTPARTID
360
10000330
  0
DICTIONARY
  5
10000332
330
10000331
100
AcDbDictionary
280
     1
  3
BTDETID
360
10000333
  3
BTPARTID
360
10000334
  0
DICTIONARY
  5
10000336
330
10000335
100
AcDbDictionary
280
     1
  3
BTDETID
360
10000337
  3
BTPARTID
360
10000338
  0
DICTIONARY
  5
1000033A
330
10000339
100
AcDbDictionary
280
     1
  3
BTDETID
360
1000033B
  3
BTPARTID
360
1000033C
  0
DICTIONARY
  5
1000033E
330
1000033D
100
AcDbDictionary
280
     1
  3
BTDETID
360
1000033F
  3
BTPARTID
360
10000340
  0
DICTIONARY
  5
10000342
330
10000341
100
AcDbDictionary
280
     1
  3
BTDETID
360
10000343
  3
BTPARTID
360
10000344
  0
DICTIONARY
  5
10000346
330
10000345
100
AcDbDictionary
280
     1
  3
BTDETID
360
10000347
  3
BTPARTID
360
10000348
  0
DICTIONARY
  5
1000034A
330
10000349
100
AcDbDictionary
280
     1
  3
BTDETID
360
1000034B
  3
BTPARTID
360
1000034C
  0
DICTIONARY
  5
1000034E
330
1000034D
100
AcDbDictionary
280
     1
  3
BTDETID
360
1000034F
  3
BTPARTID
360
10000350
  0
DICTIONARY
  5
10000352
330
10000351
100
AcDbDictionary
280
     1
  3
BTDETID
360
10000353
  3
BTPARTID
360
10000354
  0
DICTIONARY
  5
10000356
330
10000355
100
AcDbDictionary
280
     1
  3
BTDETID
360
10000357
  3
BTPARTID
360
10000358
  0
DICTIONARY
  5
1000035A
330
10000359
100
AcDbDictionary
280
     1
  3
BTDETID
360
1000035B
  3
BTPARTID
360
1000035C
  0
DICTIONARY
  5
1000035E
330
1000035D
100
AcDbDictionary
280
     1
  3
BTDETID
360
1000035F
  3
BTPARTID
360
10000360
  0
DICTIONARY
  5
10000362
330
10000361
100
AcDbDictionary
280
     1
  3
BTDETID
360
10000363
  3
BTPARTID
360
10000364
  0
DICTIONARY
  5
10000366
330
10000365
100
AcDbDictionary
280
     1
  3
BTDETID
360
10000367
  3
BTPARTID
360
10000368
  0
DICTIONARY
  5
1000036A
330
10000369
100
AcDbDictionary
280
     1
  3
BTDETID
360
1000036B
  3
BTPARTID
360
1000036C
  0
DICTIONARY
  5
1000036E
330
1000036D
100
AcDbDictionary
280
     1
  3
BTDETID
360
1000036F
  3
BTPARTID
360
10000370
  0
DICTIONARY
  5
10000372
330
10000371
100
AcDbDictionary
280
     1
  3
BTDETID
360
10000373
  3
BTPARTID
360
10000374
  0
DICTIONARY
  5
10000376
330
10000375
100
AcDbDictionary
280
     1
  3
BTDETID
360
10000377
  3
BTPARTID
360
10000378
  0
DICTIONARY
  5
1000037A
330
10000379
100
AcDbDictionary
280
     1
  3
BTDETID
360
1000037B
  3
BTPARTID
360
1000037C
  0
DICTIONARY
  5
1000037E
330
1000037D
100
AcDbDictionary
280
     1
  3
BTDETID
360
1000037F
  3
BTPARTID
360
10000380
  0
DICTIONARY
  5
10000382
330
10000381
100
AcDbDictionary
280
     1
  3
BTDETID
360
10000383
  3
BTPARTID
360
10000384
  0
DICTIONARY
  5
10000386
330
10000385
100
AcDbDictionary
280
     1
  3
BTDETID
360
10000387
  3
BTPARTID
360
10000388
  0
DICTIONARY
  5
1000038A
330
10000389
100
AcDbDictionary
280
     1
  3
BTDETID
360
1000038B
  3
BTPARTID
360
1000038C
  0
DICTIONARY
  5
1000038E
330
1000038D
100
AcDbDictionary
280
     1
  3
BTDETID
360
1000038F
  3
BTPARTID
360
10000390
  0
DICTIONARY
  5
10000392
330
10000391
100
AcDbDictionary
280
     1
  3
BTDETID
360
10000393
  3
BTPARTID
360
10000394
  0
DICTIONARY
  5
10000396
330
10000395
100
AcDbDictionary
280
     1
  3
BTDETID
360
10000397
  3
BTPARTID
360
10000398
  0
DICTIONARY
  5
1000039A
330
10000399
100
AcDbDictionary
280
     1
  3
BTDETID
360
1000039B
  3
BTPARTID
360
1000039C
  0
DICTIONARY
  5
1000039E
330
1000039D
100
AcDbDictionary
280
     1
  3
BTDETID
360
1000039F
  3
BTPARTID
360
100003A0
  0
DICTIONARY
  5
100003A2
330
100003A1
100
AcDbDictionary
280
     1
  3
BTDETID
360
100003A3
  3
BTPARTID
360
100003A4
  0
DICTIONARY
  5
100003A6
330
100003A5
100
AcDbDictionary
280
     1
  3
BTDETID
360
100003A7
  3
BTPARTID
360
100003A8
  0
DICTIONARY
  5
100003AA
330
100003A9
100
AcDbDictionary
280
     1
  3
BTDETID
360
100003AB
  3
BTPARTID
360
100003AC
  0
DICTIONARY
  5
100003AE
330
100003AD
100
AcDbDictionary
280
     1
  3
BTDETID
360
100003AF
  3
BTPARTID
360
100003B0
  0
DICTIONARY
  5
100003B2
330
100003B1
100
AcDbDictionary
280
     1
  3
BTDETID
360
100003B3
  3
BTPARTID
360
100003B4
  0
DICTIONARY
  5
100003B6
330
100003B5
100
AcDbDictionary
280
     1
  3
BTDETID
360
100003B7
  3
BTPARTID
360
100003B8
  0
DICTIONARY
  5
100003BA
330
100003B9
100
AcDbDictionary
280
     1
  3
BTDETID
360
100003BB
  3
BTPARTID
360
100003BC
  0
DICTIONARY
  5
100003BE
330
100003BD
100
AcDbDictionary
280
     1
  3
BTDETID
360
100003BF
  3
BTPARTID
360
100003C0
  0
DICTIONARY
  5
100003C2
330
100003C1
100
AcDbDictionary
280
     1
  3
BTDETID
360
100003C3
  3
BTPARTID
360
100003C4
  0
DICTIONARY
  5
100003C6
330
100003C5
100
AcDbDictionary
280
     1
  3
BTDETID
360
100003C7
  3
BTPARTID
360
100003C8
  0
DICTIONARY
  5
100003CA
330
100003C9
100
AcDbDictionary
280
     1
  3
BTDETID
360
100003CB
  3
BTPARTID
360
100003CC
  0
DICTIONARY
  5
100003CE
330
100003CD
100
AcDbDictionary
280
     1
  3
BTDETID
360
100003CF
  3
BTPARTID
360
100003D0
  0
DICTIONARY
  5
100003D2
330
100003D1
100
AcDbDictionary
280
     1
  3
BTDETID
360
100003D3
  3
BTPARTID
360
100003D4
  0
DICTIONARY
  5
100003D6
330
100003D5
100
AcDbDictionary
280
     1
  3
BTDETID
360
100003D7
  3
BTPARTID
360
100003D8
  0
DICTIONARY
  5
100003DA
330
100003D9
100
AcDbDictionary
280
     1
  3
BTDETID
360
100003DB
  3
BTPARTID
360
100003DC
  0
DICTIONARY
  5
100003DE
330
100003DD
100
AcDbDictionary
280
     1
  3
BTDETID
360
100003DF
  3
BTPARTID
360
100003E0
  0
DICTIONARY
  5
100003E2
330
100003E1
100
AcDbDictionary
280
     1
  3
BTDETID
360
100003E3
  3
BTPARTID
360
100003E4
  0
DICTIONARY
  5
100003E6
330
100003E5
100
AcDbDictionary
280
     1
  3
BTDETID
360
100003E7
  3
BTPARTID
360
100003E8
  0
DICTIONARY
  5
100003EA
330
100003E9
100
AcDbDictionary
280
     1
  3
BTDETID
360
100003EB
  3
BTPARTID
360
100003EC
  0
DICTIONARY
  5
100003EE
330
100003ED
100
AcDbDictionary
280
     1
  3
BTDETID
360
100003EF
  3
BTPARTID
360
100003F0
  0
DICTIONARY
  5
100003F2
330
100003F1
100
AcDbDictionary
280
     1
  3
BTDETID
360
100003F3
  3
BTPARTID
360
100003F4
  0
DICTIONARY
  5
100003F6
330
100003F5
100
AcDbDictionary
280
     1
  3
BTDETID
360
100003F7
  3
BTPARTID
360
100003F8
  0
DICTIONARY
  5
100003FA
330
100003F9
100
AcDbDictionary
280
     1
  3
BTDETID
360
100003FB
  3
BTPARTID
360
100003FC
  0
DICTIONARY
  5
100003FE
330
100003FD
100
AcDbDictionary
280
     1
  3
BTDETID
360
100003FF
  3
BTPARTID
360
10000400
  0
DICTIONARY
  5
10000402
330
10000401
100
AcDbDictionary
280
     1
  3
BTDETID
360
10000403
  3
BTPARTID
360
10000404
  0
DICTIONARY
  5
10000406
330
10000405
100
AcDbDictionary
280
     1
  3
BTDETID
360
10000407
  3
BTPARTID
360
10000408
  0
DICTIONARY
  5
1000040A
330
10000409
100
AcDbDictionary
280
     1
  3
BTDETID
360
1000040B
  3
BTPARTID
360
1000040C
  0
DICTIONARY
  5
1000040E
330
1000040D
100
AcDbDictionary
280
     1
  3
BTDETID
360
1000040F
  3
BTPARTID
360
10000410
  0
DICTIONARY
  5
10000412
330
10000411
100
AcDbDictionary
280
     1
  3
BTDETID
360
10000413
  3
BTPARTID
360
10000414
  0
DICTIONARY
  5
10000416
330
10000415
100
AcDbDictionary
280
     1
  3
BTDETID
360
10000417
  3
BTPARTID
360
10000418
  0
DICTIONARY
  5
1000041A
330
10000419
100
AcDbDictionary
280
     1
  3
BTDETID
360
1000041B
  3
BTPARTID
360
1000041C
  0
DICTIONARY
  5
1000041E
330
1000041D
100
AcDbDictionary
280
     1
  3
BTDETID
360
1000041F
  3
BTPARTID
360
10000420
  0
DICTIONARY
  5
10000422
330
10000421
100
AcDbDictionary
280
     1
  3
BTDETID
360
10000423
  3
BTPARTID
360
10000424
  0
DICTIONARY
  5
10000426
330
10000425
100
AcDbDictionary
280
     1
  3
BTDETID
360
10000427
  3
BTPARTID
360
10000428
  0
DICTIONARY
  5
1000042A
330
10000429
100
AcDbDictionary
280
     1
  3
BTDETID
360
1000042B
  3
BTPARTID
360
1000042C
  0
DICTIONARY
  5
1000042E
330
1000042D
100
AcDbDictionary
280
     1
  3
BTDETID
360
1000042F
  3
BTPARTID
360
10000430
  0
DICTIONARY
  5
10000432
330
10000431
100
AcDbDictionary
280
     1
  3
BTDETID
360
10000433
  3
BTPARTID
360
10000434
  0
DICTIONARY
  5
10000436
330
10000435
100
AcDbDictionary
280
     1
  3
BTDETID
360
10000437
  3
BTPARTID
360
10000438
  0
DICTIONARY
  5
1000043A
330
10000439
100
AcDbDictionary
280
     1
  3
BTDETID
360
1000043B
  3
BTPARTID
360
1000043C
  0
DICTIONARY
  5
1000043E
330
1000043D
100
AcDbDictionary
280
     1
  3
BTDETID
360
1000043F
  3
BTPARTID
360
10000440
  0
DICTIONARY
  5
10000442
330
10000441
100
AcDbDictionary
280
     1
  3
BTDETID
360
10000443
  3
BTPARTID
360
10000444
  0
DICTIONARY
  5
10000446
330
10000445
100
AcDbDictionary
280
     1
  3
BTDETID
360
10000447
  3
BTPARTID
360
10000448
  0
DICTIONARY
  5
1000044A
330
10000449
100
AcDbDictionary
280
     1
  3
BTDETID
360
1000044B
  3
BTPARTID
360
1000044C
  0
DICTIONARY
  5
1000044E
330
1000044D
100
AcDbDictionary
280
     1
  3
BTDETID
360
1000044F
  3
BTPARTID
360
10000450
  0
DICTIONARY
  5
10000452
330
10000451
100
AcDbDictionary
280
     1
  3
BTDETID
360
10000453
  3
BTPARTID
360
10000454
  0
DICTIONARY
  5
10000456
330
10000455
100
AcDbDictionary
280
     1
  3
BTDETID
360
10000457
  3
BTPARTID
360
10000458
  0
DICTIONARY
  5
1000045A
330
10000459
100
AcDbDictionary
280
     1
  3
BTDETID
360
1000045B
  3
BTPARTID
360
1000045C
  0
DICTIONARY
  5
1000045E
330
1000045D
100
AcDbDictionary
280
     1
  3
BTDETID
360
1000045F
  3
BTPARTID
360
10000460
  0
DICTIONARY
  5
10000462
330
10000461
100
AcDbDictionary
280
     1
  3
BTDETID
360
10000463
  3
BTPARTID
360
10000464
  0
DICTIONARY
  5
10000466
330
10000465
100
AcDbDictionary
280
     1
  3
BTDETID
360
10000467
  3
BTPARTID
360
10000468
  0
DICTIONARY
  5
1000046A
330
10000469
100
AcDbDictionary
280
     1
  3
BTDETID
360
1000046B
  3
BTPARTID
360
1000046C
  0
DICTIONARY
  5
1000046E
330
1000046D
100
AcDbDictionary
280
     1
  3
BTDETID
360
1000046F
  3
BTPARTID
360
10000470
  0
DICTIONARY
  5
10000472
330
10000471
100
AcDbDictionary
280
     1
  3
BTDETID
360
10000473
  3
BTPARTID
360
10000474
  0
DICTIONARY
  5
10000476
330
10000475
100
AcDbDictionary
280
     1
  3
BTDETID
360
10000477
  3
BTPARTID
360
10000478
  0
DICTIONARY
  5
1000047A
330
10000479
100
AcDbDictionary
280
     1
  3
BTDETID
360
1000047B
  3
BTPARTID
360
1000047C
  0
DICTIONARY
  5
1000047E
330
1000047D
100
AcDbDictionary
280
     1
  3
BTDETID
360
1000047F
  3
BTPARTID
360
10000480
  0
DICTIONARY
  5
10000482
330
10000481
100
AcDbDictionary
280
     1
  3
BTDETID
360
10000483
  3
BTPARTID
360
10000484
  0
DICTIONARY
  5
10000486
330
10000485
100
AcDbDictionary
280
     1
  3
BTDETID
360
10000487
  3
BTPARTID
360
10000488
  0
DICTIONARY
  5
1000048A
330
10000489
100
AcDbDictionary
280
     1
  3
BTDETID
360
1000048B
  3
BTPARTID
360
1000048C
  0
DICTIONARY
  5
1000048E
330
1000048D
100
AcDbDictionary
280
     1
  3
BTDETID
360
1000048F
  3
BTPARTID
360
10000490
  0
DICTIONARY
  5
10000492
330
10000491
100
AcDbDictionary
280
     1
  3
BTDETID
360
10000493
  3
BTPARTID
360
10000494
  0
DICTIONARY
  5
10000496
330
10000495
100
AcDbDictionary
280
     1
  3
BTDETID
360
10000497
  3
BTPARTID
360
10000498
  0
DICTIONARY
  5
1000049A
330
10000499
100
AcDbDictionary
280
     1
  3
BTDETID
360
1000049B
  3
BTPARTID
360
1000049C
  0
DICTIONARY
  5
1000049E
330
1000049D
100
AcDbDictionary
280
     1
  3
BTDETID
360
1000049F
  3
BTPARTID
360
100004A0
  0
DICTIONARY
  5
100004A2
330
100004A1
100
AcDbDictionary
280
     1
  3
BTDETID
360
100004A3
  3
BTPARTID
360
100004A4
  0
DICTIONARY
  5
100004A6
330
100004A5
100
AcDbDictionary
280
     1
  3
BTDETID
360
100004A7
  3
BTPARTID
360
100004A8
  0
DICTIONARY
  5
100004AA
330
100004A9
100
AcDbDictionary
280
     1
  3
BTDETID
360
100004AB
  3
BTPARTID
360
100004AC
  0
DICTIONARY
  5
100004AE
330
100004AD
100
AcDbDictionary
280
     1
  3
BTDETID
360
100004AF
  3
BTPARTID
360
100004B0
  0
DICTIONARY
  5
100004B2
330
100004B1
100
AcDbDictionary
280
     1
  3
BTDETID
360
100004B3
  3
BTPARTID
360
100004B4
  0
DICTIONARY
  5
100004B6
330
100004B5
100
AcDbDictionary
280
     1
  3
BTDETID
360
100004B7
  3
BTPARTID
360
100004B8
  0
DICTIONARY
  5
100004BA
330
100004B9
100
AcDbDictionary
280
     1
  3
BTDETID
360
100004BB
  3
BTPARTID
360
100004BC
  0
DICTIONARY
  5
100004BE
330
100004BD
100
AcDbDictionary
280
     1
  3
BTDETID
360
100004BF
  3
BTPARTID
360
100004C0
  0
DICTIONARY
  5
100004C2
330
100004C1
100
AcDbDictionary
280
     1
  3
BTDETID
360
100004C3
  3
BTPARTID
360
100004C4
  0
DICTIONARY
  5
100004C6
330
100004C5
100
AcDbDictionary
280
     1
  3
BTDETID
360
100004C7
  3
BTPARTID
360
100004C8
  0
DICTIONARY
  5
100004CA
330
100004C9
100
AcDbDictionary
280
     1
  3
BTDETID
360
100004CB
  3
BTPARTID
360
100004CC
  0
DICTIONARY
  5
100004CE
330
100004CD
100
AcDbDictionary
280
     1
  3
BTDETID
360
100004CF
  3
BTPARTID
360
100004D0
  0
DICTIONARY
  5
100004D2
330
100004D1
100
AcDbDictionary
280
     1
  3
BTDETID
360
100004D3
  3
BTPARTID
360
100004D4
  0
DICTIONARY
  5
100004D6
330
100004D5
100
AcDbDictionary
280
     1
  3
BTDETID
360
100004D7
  3
BTPARTID
360
100004D8
  0
DICTIONARY
  5
100004DA
330
100004D9
100
AcDbDictionary
280
     1
  3
BTDETID
360
100004DB
  3
BTPARTID
360
100004DC
  0
DICTIONARY
  5
100004DE
330
100004DD
100
AcDbDictionary
280
     1
  3
BTDETID
360
100004DF
  3
BTPARTID
360
100004E0
  0
DICTIONARY
  5
100004E2
330
100004E1
100
AcDbDictionary
280
     1
  3
BTDETID
360
100004E3
  3
BTPARTID
360
100004E4
  0
DICTIONARY
  5
100004E6
330
100004E5
100
AcDbDictionary
280
     1
  3
BTDETID
360
100004E7
  3
BTPARTID
360
100004E8
  0
DICTIONARY
  5
100004EA
330
100004E9
100
AcDbDictionary
280
     1
  3
BTDETID
360
100004EB
  3
BTPARTID
360
100004EC
  0
DICTIONARY
  5
100004EE
330
100004ED
100
AcDbDictionary
280
     1
  3
BTDETID
360
100004EF
  3
BTPARTID
360
100004F0
  0
DICTIONARY
  5
100004F2
330
100004F1
100
AcDbDictionary
280
     1
  3
BTDETID
360
100004F3
  3
BTPARTID
360
100004F4
  0
DICTIONARY
  5
100004F6
330
100004F5
100
AcDbDictionary
280
     1
  3
BTDETID
360
100004F7
  3
BTPARTID
360
100004F8
  0
DICTIONARY
  5
100004FA
330
100004F9
100
AcDbDictionary
280
     1
  3
BTDETID
360
100004FB
  3
BTPARTID
360
100004FC
  0
DICTIONARY
  5
100004FE
330
100004FD
100
AcDbDictionary
280
     1
  3
BTDETID
360
100004FF
  3
BTPARTID
360
10000500
  0
DICTIONARY
  5
10000502
330
10000501
100
AcDbDictionary
280
     1
  3
BTDETID
360
10000503
  3
BTPARTID
360
10000504
  0
DICTIONARY
  5
10000506
330
10000505
100
AcDbDictionary
280
     1
  3
BTDETID
360
10000507
  3
BTPARTID
360
10000508
  0
DICTIONARY
  5
1000050A
330
10000509
100
AcDbDictionary
280
     1
  3
BTDETID
360
1000050B
  3
BTPARTID
360
1000050C
  0
DICTIONARY
  5
1000050E
330
1000050D
100
AcDbDictionary
280
     1
  3
BTDETID
360
1000050F
  3
BTPARTID
360
10000510
  0
DICTIONARY
  5
10000512
330
10000511
100
AcDbDictionary
280
     1
  3
BTDETID
360
10000513
  3
BTPARTID
360
10000514
  0
DICTIONARY
  5
10000516
330
10000515
100
AcDbDictionary
280
     1
  3
BTDETID
360
10000517
  3
BTPARTID
360
10000518
  0
DICTIONARY
  5
1000051A
330
10000519
100
AcDbDictionary
280
     1
  3
BTDETID
360
1000051B
  3
BTPARTID
360
1000051C
  0
DICTIONARY
  5
1000051E
330
1000051D
100
AcDbDictionary
280
     1
  3
BTDETID
360
1000051F
  3
BTPARTID
360
10000520
  0
DICTIONARY
  5
10000522
330
10000521
100
AcDbDictionary
280
     1
  3
BTDETID
360
10000523
  3
BTPARTID
360
10000524
  0
DICTIONARY
  5
10000526
330
10000525
100
AcDbDictionary
280
     1
  3
BTDETID
360
10000527
  3
BTPARTID
360
10000528
  0
DICTIONARY
  5
1000052A
330
10000529
100
AcDbDictionary
280
     1
  3
BTDETID
360
1000052B
  3
BTPARTID
360
1000052C
  0
DICTIONARY
  5
1000052E
330
1000052D
100
AcDbDictionary
280
     1
  3
BTDETID
360
1000052F
  3
BTPARTID
360
10000530
  0
DICTIONARY
  5
10000532
330
10000531
100
AcDbDictionary
280
     1
  3
BTDETID
360
10000533
  3
BTPARTID
360
10000534
  0
DICTIONARY
  5
10000536
330
10000535
100
AcDbDictionary
280
     1
  3
BTDETID
360
10000537
  3
BTPARTID
360
10000538
  0
DICTIONARY
  5
1000053A
330
10000539
100
AcDbDictionary
280
     1
  3
BTDETID
360
1000053B
  3
BTPARTID
360
1000053C
  0
DICTIONARY
  5
1000053E
330
1000053D
100
AcDbDictionary
280
     1
  3
BTDETID
360
1000053F
  3
BTPARTID
360
10000540
  0
DICTIONARY
  5
10000542
330
10000541
100
AcDbDictionary
280
     1
  3
BTDETID
360
10000543
  3
BTPARTID
360
10000544
  0
DICTIONARY
  5
10000546
330
10000545
100
AcDbDictionary
280
     1
  3
BTDETID
360
10000547
  3
BTPARTID
360
10000548
  0
DICTIONARY
  5
1000054A
330
10000549
100
AcDbDictionary
280
     1
  3
BTDETID
360
1000054B
  3
BTPARTID
360
1000054C
  0
DICTIONARY
  5
1000054E
330
1000054D
100
AcDbDictionary
280
     1
  3
BTDETID
360
1000054F
  3
BTPARTID
360
10000550
  0
DICTIONARY
  5
10000552
330
10000551
100
AcDbDictionary
280
     1
  3
BTDETID
360
10000553
  3
BTPARTID
360
10000554
  0
DICTIONARY
  5
10000556
330
10000555
100
AcDbDictionary
280
     1
  3
BTDETID
360
10000557
  3
BTPARTID
360
10000558
  0
DICTIONARY
  5
1000055A
330
10000559
100
AcDbDictionary
280
     1
  3
BTDETID
360
1000055B
  3
BTPARTID
360
1000055C
  0
DICTIONARY
  5
1000055E
330
1000055D
100
AcDbDictionary
280
     1
  3
BTDETID
360
1000055F
  3
BTPARTID
360
10000560
  0
DICTIONARY
  5
10000562
330
10000561
100
AcDbDictionary
280
     1
  3
BTDETID
360
10000563
  3
BTPARTID
360
10000564
  0
DICTIONARY
  5
10000566
330
10000565
100
AcDbDictionary
280
     1
  3
BTDETID
360
10000567
  3
BTPARTID
360
10000568
  0
DICTIONARY
  5
1000056A
330
10000569
100
AcDbDictionary
280
     1
  3
BTDETID
360
1000056B
  3
BTPARTID
360
1000056C
  0
DICTIONARY
  5
1000056E
330
1000056D
100
AcDbDictionary
280
     1
  3
BTDETID
360
1000056F
  3
BTPARTID
360
10000570
  0
DICTIONARY
  5
10000572
330
10000571
100
AcDbDictionary
280
     1
  3
BTDETID
360
10000573
  3
BTPARTID
360
10000574
  0
DICTIONARY
  5
10000576
330
10000575
100
AcDbDictionary
280
     1
  3
BTDETID
360
10000577
  3
BTPARTID
360
10000578
  0
DICTIONARY
  5
1000057A
330
10000579
100
AcDbDictionary
280
     1
  3
BTDETID
360
1000057B
  3
BTPARTID
360
1000057C
  0
DICTIONARY
  5
1000057E
330
1000057D
100
AcDbDictionary
280
     1
  3
BTDETID
360
1000057F
  3
BTPARTID
360
10000580
  0
DICTIONARY
  5
10000582
330
10000581
100
AcDbDictionary
280
     1
  3
BTDETID
360
10000583
  3
BTPARTID
360
10000584
  0
DICTIONARY
  5
10000586
330
10000585
100
AcDbDictionary
280
     1
  3
BTDETID
360
10000587
  3
BTPARTID
360
10000588
  0
DICTIONARY
  5
1000058A
330
10000589
100
AcDbDictionary
280
     1
  3
BTDETID
360
1000058B
  3
BTPARTID
360
1000058C
  0
DICTIONARY
  5
1000058E
330
1000058D
100
AcDbDictionary
280
     1
  3
BTDETID
360
1000058F
  3
BTPARTID
360
10000590
  0
DICTIONARY
  5
10000592
330
10000591
100
AcDbDictionary
280
     1
  3
BTDETID
360
10000593
  3
BTPARTID
360
10000594
  0
DICTIONARY
  5
10000596
330
10000595
100
AcDbDictionary
280
     1
  3
BTDETID
360
10000597
  3
BTPARTID
360
10000598
  0
DICTIONARY
  5
1000059A
330
10000599
100
AcDbDictionary
280
     1
  3
BTDETID
360
1000059B
  3
BTPARTID
360
1000059C
  0
DICTIONARY
  5
1000059E
330
1000059D
100
AcDbDictionary
280
     1
  3
BTDETID
360
1000059F
  3
BTPARTID
360
100005A0
  0
DICTIONARY
  5
100005A2
330
100005A1
100
AcDbDictionary
280
     1
  3
BTDETID
360
100005A3
  3
BTPARTID
360
100005A4
  0
DICTIONARY
  5
100005A6
330
100005A5
100
AcDbDictionary
280
     1
  3
BTDETID
360
100005A7
  3
BTPARTID
360
100005A8
  0
DICTIONARY
  5
100005AA
330
100005A9
100
AcDbDictionary
280
     1
  3
BTDETID
360
100005AB
  3
BTPARTID
360
100005AC
  0
DICTIONARY
  5
100005AE
330
100005AD
100
AcDbDictionary
280
     1
  3
BTDETID
360
100005AF
  3
BTPARTID
360
100005B0
  0
DICTIONARY
  5
100005B2
330
100005B1
100
AcDbDictionary
280
     1
  3
BTDETID
360
100005B3
  3
BTPARTID
360
100005B4
  0
DICTIONARY
  5
100005B6
330
100005B5
100
AcDbDictionary
280
     1
  3
BTDETID
360
100005B7
  3
BTPARTID
360
100005B8
  0
DICTIONARY
  5
100005BA
330
100005B9
100
AcDbDictionary
280
     1
  3
BTDETID
360
100005BB
  3
BTPARTID
360
100005BC
  0
DICTIONARY
  5
100005BE
330
100005BD
100
AcDbDictionary
280
     1
  3
BTDETID
360
100005BF
  3
BTPARTID
360
100005C0
  0
DICTIONARY
  5
100005C2
330
100005C1
100
AcDbDictionary
280
     1
  3
BTDETID
360
100005C3
  3
BTPARTID
360
100005C4
  0
DICTIONARY
  5
100005C6
330
100005C5
100
AcDbDictionary
280
     1
  3
BTDETID
360
100005C7
  3
BTPARTID
360
100005C8
  0
DICTIONARY
  5
100005CA
330
100005C9
100
AcDbDictionary
280
     1
  3
BTDETID
360
100005CB
  3
BTPARTID
360
100005CC
  0
DICTIONARY
  5
100005CE
330
100005CD
100
AcDbDictionary
280
     1
  3
BTDETID
360
100005CF
  3
BTPARTID
360
100005D0
  0
DICTIONARY
  5
100005D2
330
100005D1
100
AcDbDictionary
280
     1
  3
BTDETID
360
100005D3
  3
BTPARTID
360
100005D4
  0
DICTIONARY
  5
100005D6
330
100005D5
100
AcDbDictionary
280
     1
  3
BTDETID
360
100005D7
  3
BTPARTID
360
100005D8
  0
DICTIONARY
  5
100005DA
330
100005D9
100
AcDbDictionary
280
     1
  3
BTDETID
360
100005DB
  3
BTPARTID
360
100005DC
  0
DICTIONARY
  5
100005DE
330
100005DD
100
AcDbDictionary
280
     1
  3
BTDETID
360
100005DF
  3
BTPARTID
360
100005E0
  0
DICTIONARY
  5
100005E2
330
100005E1
100
AcDbDictionary
280
     1
  3
BTDETID
360
100005E3
  3
BTPARTID
360
100005E4
  0
DICTIONARY
  5
100005E6
330
100005E5
100
AcDbDictionary
280
     1
  3
BTDETID
360
100005E7
  3
BTPARTID
360
100005E8
  0
DICTIONARY
  5
100005EA
330
100005E9
100
AcDbDictionary
280
     1
  3
BTDETID
360
100005EB
  3
BTPARTID
360
100005EC
  0
DICTIONARY
  5
100005EE
330
100005ED
100
AcDbDictionary
280
     1
  3
BTDETID
360
100005EF
  3
BTPARTID
360
100005F0
  0
DICTIONARY
  5
100005F2
330
100005F1
100
AcDbDictionary
280
     1
  3
BTDETID
360
100005F3
  3
BTPARTID
360
100005F4
  0
DICTIONARY
  5
100005F6
330
100005F5
100
AcDbDictionary
280
     1
  3
BTDETID
360
100005F7
  3
BTPARTID
360
100005F8
  0
DICTIONARY
  5
100005FA
330
100005F9
100
AcDbDictionary
280
     1
  3
BTDETID
360
100005FB
  3
BTPARTID
360
100005FC
  0
DICTIONARY
  5
100005FE
330
100005FD
100
AcDbDictionary
280
     1
  3
BTDETID
360
100005FF
  3
BTPARTID
360
10000600
  0
DICTIONARY
  5
10000602
330
10000601
100
AcDbDictionary
280
     1
  3
BTDETID
360
10000603
  3
BTPARTID
360
10000604
  0
DICTIONARY
  5
10000606
330
10000605
100
AcDbDictionary
280
     1
  3
BTDETID
360
10000607
  3
BTPARTID
360
10000608
  0
DICTIONARY
  5
1000060A
330
10000609
100
AcDbDictionary
280
     1
  3
BTDETID
360
1000060B
  3
BTPARTID
360
1000060C
  0
DICTIONARY
  5
1000060E
330
1000060D
100
AcDbDictionary
280
     1
  3
BTDETID
360
1000060F
  3
BTPARTID
360
10000610
  0
DICTIONARY
  5
10000612
330
10000611
100
AcDbDictionary
280
     1
  3
BTDETID
360
10000613
  3
BTPARTID
360
10000614
  0
DICTIONARY
  5
10000616
330
10000615
100
AcDbDictionary
280
     1
  3
BTDETID
360
10000617
  3
BTPARTID
360
10000618
  0
DICTIONARY
  5
1000061A
330
10000619
100
AcDbDictionary
280
     1
  3
BTDETID
360
1000061B
  3
BTPARTID
360
1000061C
  0
DICTIONARY
  5
1000061E
330
1000061D
100
AcDbDictionary
280
     1
  3
BTDETID
360
1000061F
  3
BTPARTID
360
10000620
  0
DICTIONARY
  5
10000622
330
10000621
100
AcDbDictionary
280
     1
  3
BTDETID
360
10000623
  3
BTPARTID
360
10000624
  0
DICTIONARY
  5
10000626
330
10000625
100
AcDbDictionary
280
     1
  3
BTDETID
360
10000627
  3
BTPARTID
360
10000628
  0
DICTIONARY
  5
1000062A
330
10000629
100
AcDbDictionary
280
     1
  3
BTDETID
360
1000062B
  3
BTPARTID
360
1000062C
  0
DICTIONARY
  5
1000062E
330
1000062D
100
AcDbDictionary
280
     1
  3
BTDETID
360
1000062F
  3
BTPARTID
360
10000630
  0
DICTIONARY
  5
10000632
330
10000631
100
AcDbDictionary
280
     1
  3
BTDETID
360
10000633
  3
BTPARTID
360
10000634
  0
DICTIONARY
  5
10000636
330
10000635
100
AcDbDictionary
280
     1
  3
BTDETID
360
10000637
  3
BTPARTID
360
10000638
  0
DICTIONARY
  5
1000063A
330
10000639
100
AcDbDictionary
280
     1
  3
BTDETID
360
1000063B
  3
BTPARTID
360
1000063C
  0
DICTIONARY
  5
1000063E
330
1000063D
100
AcDbDictionary
280
     1
  3
BTDETID
360
1000063F
  3
BTPARTID
360
10000640
  0
DICTIONARY
  5
10000642
330
10000641
100
AcDbDictionary
280
     1
  3
BTDETID
360
10000643
  3
BTPARTID
360
10000644
  0
DICTIONARY
  5
10000646
330
10000645
100
AcDbDictionary
280
     1
  3
BTDETID
360
10000647
  3
BTPARTID
360
10000648
  0
DICTIONARY
  5
1000064A
330
10000649
100
AcDbDictionary
280
     1
  3
BTDETID
360
1000064B
  3
BTPARTID
360
1000064C
  0
DICTIONARY
  5
1000064E
330
1000064D
100
AcDbDictionary
280
     1
  3
BTDETID
360
1000064F
  3
BTPARTID
360
10000650
  0
DICTIONARY
  5
10000652
330
10000651
100
AcDbDictionary
280
     1
  3
BTDETID
360
10000653
  3
BTPARTID
360
10000654
  0
DICTIONARY
  5
10000656
330
10000655
100
AcDbDictionary
280
     1
  3
BTDETID
360
10000657
  3
BTPARTID
360
10000658
  0
DICTIONARY
  5
1000065A
330
10000659
100
AcDbDictionary
280
     1
  3
BTDETID
360
1000065B
  3
BTPARTID
360
1000065C
  0
DICTIONARY
  5
1000065E
330
1000065D
100
AcDbDictionary
280
     1
  3
BTDETID
360
1000065F
  3
BTPARTID
360
10000660
  0
DICTIONARY
  5
10000662
330
10000661
100
AcDbDictionary
280
     1
  3
BTDETID
360
10000663
  3
BTPARTID
360
10000664
  0
DICTIONARY
  5
10000666
330
10000665
100
AcDbDictionary
280
     1
  3
BTDETID
360
10000667
  3
BTPARTID
360
10000668
  0
DICTIONARY
  5
1000066A
330
10000669
100
AcDbDictionary
280
     1
  3
BTDETID
360
1000066B
  3
BTPARTID
360
1000066C
  0
DICTIONARY
  5
1000066E
330
1000066D
100
AcDbDictionary
280
     1
  3
BTDETID
360
1000066F
  3
BTPARTID
360
10000670
  0
DICTIONARY
  5
10000672
330
10000671
100
AcDbDictionary
280
     1
  3
BTDETID
360
10000673
  3
BTPARTID
360
10000674
  0
DICTIONARY
  5
10000676
330
10000675
100
AcDbDictionary
280
     1
  3
BTDETID
360
10000677
  3
BTPARTID
360
10000678
  0
DICTIONARY
  5
1000067A
330
10000679
100
AcDbDictionary
280
     1
  3
BTDETID
360
1000067B
  3
BTPARTID
360
1000067C
  0
DICTIONARY
  5
1000067E
330
1000067D
100
AcDbDictionary
280
     1
  3
BTDETID
360
1000067F
  3
BTPARTID
360
10000680
  0
DICTIONARY
  5
10000682
330
10000681
100
AcDbDictionary
280
     1
  3
BTDETID
360
10000683
  3
BTPARTID
360
10000684
  0
DICTIONARY
  5
10000686
330
10000685
100
AcDbDictionary
280
     1
  3
BTDETID
360
10000687
  3
BTPARTID
360
10000688
  0
DICTIONARY
  5
1000068A
330
10000689
100
AcDbDictionary
280
     1
  3
BTDETID
360
1000068B
  3
BTPARTID
360
1000068C
  0
DICTIONARY
  5
1000068E
330
1000068D
100
AcDbDictionary
280
     1
  3
BTDETID
360
1000068F
  3
BTPARTID
360
10000690
  0
DICTIONARY
  5
10000692
330
10000691
100
AcDbDictionary
280
     1
  3
BTDETID
360
10000693
  3
BTPARTID
360
10000694
  0
DICTIONARY
  5
10000696
330
10000695
100
AcDbDictionary
280
     1
  3
BTDETID
360
10000697
  3
BTPARTID
360
10000698
  0
DICTIONARY
  5
1000069A
330
10000699
100
AcDbDictionary
280
     1
  3
BTDETID
360
1000069B
  3
BTPARTID
360
1000069C
  0
DICTIONARY
  5
1000069E
330
1000069D
100
AcDbDictionary
280
     1
  3
BTDETID
360
1000069F
  3
BTPARTID
360
100006A0
  0
DICTIONARY
  5
100006A2
330
100006A1
100
AcDbDictionary
280
     1
  3
BTDETID
360
100006A3
  3
BTPARTID
360
100006A4
  0
DICTIONARY
  5
100006A6
330
100006A5
100
AcDbDictionary
280
     1
  3
BTDETID
360
100006A7
  3
BTPARTID
360
100006A8
  0
DICTIONARY
  5
100006AA
330
100006A9
100
AcDbDictionary
280
     1
  3
BTDETID
360
100006AB
  3
BTPARTID
360
100006AC
  0
DICTIONARY
  5
100006AE
330
100006AD
100
AcDbDictionary
280
     1
  3
BTDETID
360
100006AF
  3
BTPARTID
360
100006B0
  0
DICTIONARY
  5
100006B2
330
100006B1
100
AcDbDictionary
280
     1
  3
BTDETID
360
100006B3
  3
BTPARTID
360
100006B4
  0
DICTIONARY
  5
100006B6
330
100006B5
100
AcDbDictionary
280
     1
  3
BTDETID
360
100006B7
  3
BTPARTID
360
100006B8
  0
DICTIONARY
  5
100006BA
330
100006B9
100
AcDbDictionary
280
     1
  3
BTDETID
360
100006BB
  3
BTPARTID
360
100006BC
  0
DICTIONARY
  5
100006BE
330
100006BD
100
AcDbDictionary
280
     1
  3
BTDETID
360
100006BF
  3
BTPARTID
360
100006C0
  0
DICTIONARY
  5
100006C2
330
100006C1
100
AcDbDictionary
280
     1
  3
BTDETID
360
100006C3
  3
BTPARTID
360
100006C4
  0
DICTIONARY
  5
100006C6
330
100006C5
100
AcDbDictionary
280
     1
  3
BTDETID
360
100006C7
  3
BTPARTID
360
100006C8
  0
DICTIONARY
  5
100006CA
330
100006C9
100
AcDbDictionary
280
     1
  3
BTDETID
360
100006CB
  3
BTPARTID
360
100006CC
  0
DICTIONARY
  5
100006CE
330
100006CD
100
AcDbDictionary
280
     1
  3
BTDETID
360
100006CF
  3
BTPARTID
360
100006D0
  0
DICTIONARY
  5
100006D2
330
100006D1
100
AcDbDictionary
280
     1
  3
BTDETID
360
100006D3
  3
BTPARTID
360
100006D4
  0
DICTIONARY
  5
100006D6
330
100006D5
100
AcDbDictionary
280
     1
  3
BTDETID
360
100006D7
  3
BTPARTID
360
100006D8
  0
DICTIONARY
  5
100006DA
330
100006D9
100
AcDbDictionary
280
     1
  3
BTDETID
360
100006DB
  3
BTPARTID
360
100006DC
  0
DICTIONARY
  5
100006DE
330
100006DD
100
AcDbDictionary
280
     1
  3
BTDETID
360
100006DF
  3
BTPARTID
360
100006E0
  0
DICTIONARY
  5
100006E2
330
100006E1
100
AcDbDictionary
280
     1
  3
BTDETID
360
100006E3
  3
BTPARTID
360
100006E4
  0
DICTIONARY
  5
100006E6
330
100006E5
100
AcDbDictionary
280
     1
  3
BTDETID
360
100006E7
  3
BTPARTID
360
100006E8
  0
DICTIONARY
  5
100006EA
330
100006E9
100
AcDbDictionary
280
     1
  3
BTDETID
360
100006EB
  3
BTPARTID
360
100006EC
  0
DICTIONARY
  5
100006EE
330
100006ED
100
AcDbDictionary
280
     1
  3
BTDETID
360
100006EF
  3
BTPARTID
360
100006F0
  0
DICTIONARY
  5
100006F2
330
100006F1
100
AcDbDictionary
280
     1
  3
BTDETID
360
100006F3
  3
BTPARTID
360
100006F4
  0
DICTIONARY
  5
100006F6
330
100006F5
100
AcDbDictionary
280
     1
  3
BTDETID
360
100006F7
  3
BTPARTID
360
100006F8
  0
DICTIONARY
  5
100006FA
330
100006F9
100
AcDbDictionary
280
     1
  3
BTDETID
360
100006FB
  3
BTPARTID
360
100006FC
  0
DICTIONARY
  5
100006FE
330
100006FD
100
AcDbDictionary
280
     1
  3
BTDETID
360
100006FF
  3
BTPARTID
360
10000700
  0
DICTIONARY
  5
10000702
330
10000701
100
AcDbDictionary
280
     1
  3
BTDETID
360
10000703
  3
BTPARTID
360
10000704
  0
DICTIONARY
  5
10000706
330
10000705
100
AcDbDictionary
280
     1
  3
BTDETID
360
10000707
  3
BTPARTID
360
10000708
  0
DICTIONARY
  5
1000070A
330
10000709
100
AcDbDictionary
280
     1
  3
BTDETID
360
1000070B
  3
BTPARTID
360
1000070C
  0
DICTIONARY
  5
1000070E
330
1000070D
100
AcDbDictionary
280
     1
  3
BTDETID
360
1000070F
  3
BTPARTID
360
10000710
  0
DICTIONARY
  5
10000712
330
10000711
100
AcDbDictionary
280
     1
  3
BTDETID
360
10000713
  3
BTPARTID
360
10000714
  0
DICTIONARY
  5
10000716
330
10000715
100
AcDbDictionary
280
     1
  3
BTDETID
360
10000717
  3
BTPARTID
360
10000718
  0
DICTIONARY
  5
1000071A
330
10000719
100
AcDbDictionary
280
     1
  3
BTDETID
360
1000071B
  3
BTPARTID
360
1000071C
  0
DICTIONARY
  5
1000071E
330
1000071D
100
AcDbDictionary
280
     1
  3
BTDETID
360
1000071F
  3
BTPARTID
360
10000720
  0
DICTIONARY
  5
10000722
330
10000721
100
AcDbDictionary
280
     1
  3
BTDETID
360
10000723
  3
BTPARTID
360
10000724
  0
DICTIONARY
  5
10000726
330
10000725
100
AcDbDictionary
280
     1
  3
BTDETID
360
10000727
  3
BTPARTID
360
10000728
  0
DICTIONARY
  5
1000072A
330
10000729
100
AcDbDictionary
280
     1
  3
BTDETID
360
1000072B
  3
BTPARTID
360
1000072C
  0
DICTIONARY
  5
1000072E
330
1000072D
100
AcDbDictionary
280
     1
  3
BTDETID
360
1000072F
  3
BTPARTID
360
10000730
  0
DICTIONARY
  5
10000732
330
10000731
100
AcDbDictionary
280
     1
  3
BTDETID
360
10000733
  3
BTPARTID
360
10000734
  0
DICTIONARY
  5
10000736
330
10000735
100
AcDbDictionary
280
     1
  3
BTDETID
360
10000737
  3
BTPARTID
360
10000738
  0
DICTIONARY
  5
1000073A
330
10000739
100
AcDbDictionary
280
     1
  3
BTDETID
360
1000073B
  3
BTPARTID
360
1000073C
  0
DICTIONARY
  5
1000073E
330
1000073D
100
AcDbDictionary
280
     1
  3
BTDETID
360
1000073F
  3
BTPARTID
360
10000740
  0
DICTIONARY
  5
10000742
330
10000741
100
AcDbDictionary
280
     1
  3
BTDETID
360
10000743
  3
BTPARTID
360
10000744
  0
DICTIONARY
  5
10000746
330
10000745
100
AcDbDictionary
280
     1
  3
BTDETID
360
10000747
  3
BTPARTID
360
10000748
  0
DICTIONARY
  5
1000074A
330
10000749
100
AcDbDictionary
280
     1
  3
BTDETID
360
1000074B
  3
BTPARTID
360
1000074C
  0
DICTIONARY
  5
1000074E
330
1000074D
100
AcDbDictionary
280
     1
  3
BTDETID
360
1000074F
  3
BTPARTID
360
10000750
  0
DICTIONARY
  5
10000752
330
10000751
100
AcDbDictionary
280
     1
  3
BTDETID
360
10000753
  3
BTPARTID
360
10000754
  0
DICTIONARY
  5
10000756
330
10000755
100
AcDbDictionary
280
     1
  3
BTDETID
360
10000757
  3
BTPARTID
360
10000758
  0
DICTIONARY
  5
1000075A
330
10000759
100
AcDbDictionary
280
     1
  3
BTDETID
360
1000075B
  3
BTPARTID
360
1000075C
  0
DICTIONARY
  5
1000075E
330
1000075D
100
AcDbDictionary
280
     1
  3
BTDETID
360
1000075F
  3
BTPARTID
360
10000760
  0
DICTIONARY
  5
10000762
330
10000761
100
AcDbDictionary
280
     1
  3
BTDETID
360
10000763
  3
BTPARTID
360
10000764
  0
DICTIONARY
  5
10000766
330
10000765
100
AcDbDictionary
280
     1
  3
BTDETID
360
10000767
  3
BTPARTID
360
10000768
  0
DICTIONARY
  5
1000076A
330
10000769
100
AcDbDictionary
280
     1
  3
BTDETID
360
1000076B
  3
BTPARTID
360
1000076C
  0
DICTIONARY
  5
1000076E
330
1000076D
100
AcDbDictionary
280
     1
  3
BTDETID
360
1000076F
  3
BTPARTID
360
10000770
  0
DICTIONARY
  5
10000772
330
10000771
100
AcDbDictionary
280
     1
  3
BTDETID
360
10000773
  3
BTPARTID
360
10000774
  0
DICTIONARY
  5
10000776
330
10000775
100
AcDbDictionary
280
     1
  3
BTDETID
360
10000777
  3
BTPARTID
360
10000778
  0
DICTIONARY
  5
1000077A
330
10000779
100
AcDbDictionary
280
     1
  3
BTDETID
360
1000077B
  3
BTPARTID
360
1000077C
  0
DICTIONARY
  5
1000077E
330
1000077D
100
AcDbDictionary
280
     1
  3
BTDETID
360
1000077F
  3
BTPARTID
360
10000780
  0
DICTIONARY
  5
10000782
330
10000781
100
AcDbDictionary
280
     1
  3
BTDETID
360
10000783
  3
BTPARTID
360
10000784
  0
DICTIONARY
  5
10000786
330
10000785
100
AcDbDictionary
280
     1
  3
BTDETID
360
10000787
  3
BTPARTID
360
10000788
  0
DICTIONARY
  5
1000078A
330
10000789
100
AcDbDictionary
280
     1
  3
BTDETID
360
1000078B
  3
BTPARTID
360
1000078C
  0
DICTIONARY
  5
1000078E
330
1000078D
100
AcDbDictionary
280
     1
  3
BTDETID
360
1000078F
  3
BTPARTID
360
10000790
  0
DICTIONARY
  5
10000792
330
10000791
100
AcDbDictionary
280
     1
  3
BTDETID
360
10000793
  3
BTPARTID
360
10000794
  0
DICTIONARY
  5
10000796
330
10000795
100
AcDbDictionary
280
     1
  3
BTDETID
360
10000797
  3
BTPARTID
360
10000798
  0
DICTIONARY
  5
1000079A
330
10000799
100
AcDbDictionary
280
     1
  3
BTDETID
360
1000079B
  3
BTPARTID
360
1000079C
  0
DICTIONARY
  5
1000079E
330
1000079D
100
AcDbDictionary
280
     1
  3
BTDETID
360
1000079F
  3
BTPARTID
360
100007A0
  0
DICTIONARY
  5
100007A2
330
100007A1
100
AcDbDictionary
280
     1
  3
BTDETID
360
100007A3
  3
BTPARTID
360
100007A4
  0
DICTIONARY
  5
100007A6
330
100007A5
100
AcDbDictionary
280
     1
  3
BTDETID
360
100007A7
  3
BTPARTID
360
100007A8
  0
DICTIONARY
  5
100007AA
330
100007A9
100
AcDbDictionary
280
     1
  3
BTDETID
360
100007AB
  3
BTPARTID
360
100007AC
  0
DICTIONARY
  5
100007AE
330
100007AD
100
AcDbDictionary
280
     1
  3
BTDETID
360
100007AF
  3
BTPARTID
360
100007B0
  0
DICTIONARY
  5
100007B2
330
100007B1
100
AcDbDictionary
280
     1
  3
BTDETID
360
100007B3
  3
BTPARTID
360
100007B4
  0
DICTIONARY
  5
100007B6
330
100007B5
100
AcDbDictionary
280
     1
  3
BTDETID
360
100007B7
  3
BTPARTID
360
100007B8
  0
DICTIONARY
  5
100007BA
330
100007B9
100
AcDbDictionary
280
     1
  3
BTDETID
360
100007BB
  3
BTPARTID
360
100007BC
  0
DICTIONARY
  5
100007BE
330
100007BD
100
AcDbDictionary
280
     1
  3
BTDETID
360
100007BF
  3
BTPARTID
360
100007C0
  0
DICTIONARY
  5
100007C2
330
100007C1
100
AcDbDictionary
280
     1
  3
BTDETID
360
100007C3
  3
BTPARTID
360
100007C4
  0
DICTIONARY
  5
100007C6
330
100007C5
100
AcDbDictionary
280
     1
  3
BTDETID
360
100007C7
  3
BTPARTID
360
100007C8
  0
DICTIONARY
  5
100007CA
330
100007C9
100
AcDbDictionary
280
     1
  3
BTDETID
360
100007CB
  3
BTPARTID
360
100007CC
  0
DICTIONARY
  5
100007CE
330
100007CD
100
AcDbDictionary
280
     1
  3
BTDETID
360
100007CF
  3
BTPARTID
360
100007D0
  0
DICTIONARY
  5
100007D2
330
100007D1
100
AcDbDictionary
280
     1
  3
BTDETID
360
100007D3
  3
BTPARTID
360
100007D4
  0
DICTIONARY
  5
100007D6
330
100007D5
100
AcDbDictionary
280
     1
  3
BTDETID
360
100007D7
  3
BTPARTID
360
100007D8
  0
DICTIONARY
  5
100007DA
330
100007D9
100
AcDbDictionary
280
     1
  3
BTDETID
360
100007DB
  3
BTPARTID
360
100007DC
  0
DICTIONARY
  5
100007DE
330
100007DD
100
AcDbDictionary
280
     1
  3
BTDETID
360
100007DF
  3
BTPARTID
360
100007E0
  0
DICTIONARY
  5
100007E2
330
100007E1
100
AcDbDictionary
280
     1
  3
BTDETID
360
100007E3
  3
BTPARTID
360
100007E4
  0
DICTIONARY
  5
100007E6
330
100007E5
100
AcDbDictionary
280
     1
  3
BTDETID
360
100007E7
  3
BTPARTID
360
100007E8
  0
DICTIONARY
  5
100007EA
330
100007E9
100
AcDbDictionary
280
     1
  3
BTDETID
360
100007EB
  3
BTPARTID
360
100007EC
  0
DICTIONARY
  5
100007EE
330
100007ED
100
AcDbDictionary
280
     1
  3
BTDETID
360
100007EF
  3
BTPARTID
360
100007F0
  0
DICTIONARY
  5
100007F2
330
100007F1
100
AcDbDictionary
280
     1
  3
BTDETID
360
100007F3
  3
BTPARTID
360
100007F4
  0
DICTIONARY
  5
100007F6
330
100007F5
100
AcDbDictionary
280
     1
  3
BTDETID
360
100007F7
  3
BTPARTID
360
100007F8
  0
DICTIONARY
  5
100007FA
330
100007F9
100
AcDbDictionary
280
     1
  3
BTDETID
360
100007FB
  3
BTPARTID
360
100007FC
  0
DICTIONARY
  5
100007FE
330
100007FD
100
AcDbDictionary
280
     1
  3
BTDETID
360
100007FF
  3
BTPARTID
360
10000800
  0
DICTIONARY
  5
10000802
330
10000801
100
AcDbDictionary
280
     1
  3
BTDETID
360
10000803
  3
BTPARTID
360
10000804
  0
DICTIONARY
  5
10000806
330
10000805
100
AcDbDictionary
280
     1
  3
BTDETID
360
10000807
  3
BTPARTID
360
10000808
  0
DICTIONARY
  5
1000080A
330
10000809
100
AcDbDictionary
280
     1
  3
BTDETID
360
1000080B
  3
BTPARTID
360
1000080C
  0
DICTIONARY
  5
1000080E
330
1000080D
100
AcDbDictionary
280
     1
  3
BTDETID
360
1000080F
  3
BTPARTID
360
10000810
  0
DICTIONARY
  5
10000812
330
10000811
100
AcDbDictionary
280
     1
  3
BTDETID
360
10000813
  3
BTPARTID
360
10000814
  0
DICTIONARY
  5
10000816
330
10000815
100
AcDbDictionary
280
     1
  3
BTDETID
360
10000817
  3
BTPARTID
360
10000818
  0
DICTIONARY
  5
1000081A
330
10000819
100
AcDbDictionary
280
     1
  3
BTDETID
360
1000081B
  3
BTPARTID
360
1000081C
  0
DICTIONARY
  5
1000081E
330
1000081D
100
AcDbDictionary
280
     1
  3
BTDETID
360
1000081F
  3
BTPARTID
360
10000820
  0
DICTIONARY
  5
10000822
330
10000821
100
AcDbDictionary
280
     1
  3
BTDETID
360
10000823
  3
BTPARTID
360
10000824
  0
DICTIONARY
  5
10000826
330
10000825
100
AcDbDictionary
280
     1
  3
BTDETID
360
10000827
  3
BTPARTID
360
10000828
  0
DICTIONARY
  5
1000082A
330
10000829
100
AcDbDictionary
280
     1
  3
BTDETID
360
1000082B
  3
BTPARTID
360
1000082C
  0
DICTIONARY
  5
1000082E
330
1000082D
100
AcDbDictionary
280
     1
  3
BTDETID
360
1000082F
  3
BTPARTID
360
10000830
  0
DICTIONARY
  5
10000832
330
10000831
100
AcDbDictionary
280
     1
  3
BTDETID
360
10000833
  3
BTPARTID
360
10000834
  0
DICTIONARY
  5
10000836
330
10000835
100
AcDbDictionary
280
     1
  3
BTDETID
360
10000837
  3
BTPARTID
360
10000838
  0
DICTIONARY
  5
1000083A
330
10000839
100
AcDbDictionary
280
     1
  3
BTDETID
360
1000083B
  3
BTPARTID
360
1000083C
  0
DICTIONARY
  5
1000083E
330
1000083D
100
AcDbDictionary
280
     1
  3
BTDETID
360
1000083F
  3
BTPARTID
360
10000840
  0
DICTIONARY
  5
10000842
330
10000841
100
AcDbDictionary
280
     1
  3
BTDETID
360
10000843
  3
BTPARTID
360
10000844
  0
DICTIONARY
  5
10000846
330
10000845
100
AcDbDictionary
280
     1
  3
BTDETID
360
10000847
  3
BTPARTID
360
10000848
  0
DICTIONARY
  5
1000084A
330
10000849
100
AcDbDictionary
280
     1
  3
BTDETID
360
1000084B
  3
BTPARTID
360
1000084C
  0
DICTIONARY
  5
1000084E
330
1000084D
100
AcDbDictionary
280
     1
  3
BTDETID
360
1000084F
  3
BTPARTID
360
10000850
  0
DICTIONARY
  5
10000852
330
10000851
100
AcDbDictionary
280
     1
  3
BTDETID
360
10000853
  3
BTPARTID
360
10000854
  0
DICTIONARY
  5
10000856
330
10000855
100
AcDbDictionary
280
     1
  3
BTDETID
360
10000857
  3
BTPARTID
360
10000858
  0
DICTIONARY
  5
1000085A
330
10000859
100
AcDbDictionary
280
     1
  3
BTDETID
360
1000085B
  3
BTPARTID
360
1000085C
  0
DICTIONARY
  5
1000085E
330
1000085D
100
AcDbDictionary
280
     1
  3
BTDETID
360
1000085F
  3
BTPARTID
360
10000860
  0
DICTIONARY
  5
10000862
330
10000861
100
AcDbDictionary
280
     1
  3
BTDETID
360
10000863
  3
BTPARTID
360
10000864
  0
DICTIONARY
  5
10000866
330
10000865
100
AcDbDictionary
280
     1
  3
BTDETID
360
10000867
  3
BTPARTID
360
10000868
  0
DICTIONARY
  5
1000086A
330
10000869
100
AcDbDictionary
280
     1
  3
BTDETID
360
1000086B
  3
BTPARTID
360
1000086C
  0
DICTIONARY
  5
1000086E
330
1000086D
100
AcDbDictionary
280
     1
  3
BTDETID
360
1000086F
  3
BTPARTID
360
10000870
  0
DICTIONARY
  5
10000872
330
10000871
100
AcDbDictionary
280
     1
  3
BTDETID
360
10000873
  3
BTPARTID
360
10000874
  0
DICTIONARY
  5
10000876
330
10000875
100
AcDbDictionary
280
     1
  3
BTDETID
360
10000877
  3
BTPARTID
360
10000878
  0
DICTIONARY
  5
1000087A
330
10000879
100
AcDbDictionary
280
     1
  3
BTDETID
360
1000087B
  3
BTPARTID
360
1000087C
  0
DICTIONARY
  5
1000087E
330
1000087D
100
AcDbDictionary
280
     1
  3
BTDETID
360
1000087F
  3
BTPARTID
360
10000880
  0
DICTIONARY
  5
10000882
330
10000881
100
AcDbDictionary
280
     1
  3
BTDETID
360
10000883
  3
BTPARTID
360
10000884
  0
DICTIONARY
  5
10000886
330
10000885
100
AcDbDictionary
280
     1
  3
BTDETID
360
10000887
  3
BTPARTID
360
10000888
  0
DICTIONARY
  5
1000088A
330
10000889
100
AcDbDictionary
280
     1
  3
BTDETID
360
1000088B
  3
BTPARTID
360
1000088C
  0
DICTIONARY
  5
1000088E
330
1000088D
100
AcDbDictionary
280
     1
  3
BTDETID
360
1000088F
  3
BTPARTID
360
10000890
  0
DICTIONARY
  5
10000892
330
10000891
100
AcDbDictionary
280
     1
  3
BTDETID
360
10000893
  3
BTPARTID
360
10000894
  0
DICTIONARY
  5
10000896
330
10000895
100
AcDbDictionary
280
     1
  3
BTDETID
360
10000897
  3
BTPARTID
360
10000898
  0
DICTIONARY
  5
1000089A
330
10000899
100
AcDbDictionary
280
     1
  3
BTDETID
360
1000089B
  3
BTPARTID
360
1000089C
  0
DICTIONARY
  5
1000089E
330
1000089D
100
AcDbDictionary
280
     1
  3
BTDETID
360
1000089F
  3
BTPARTID
360
100008A0
  0
DICTIONARY
  5
100008A2
330
100008A1
100
AcDbDictionary
280
     1
  3
BTDETID
360
100008A3
  3
BTPARTID
360
100008A4
  0
DICTIONARY
  5
100008A6
330
100008A5
100
AcDbDictionary
280
     1
  3
BTDETID
360
100008A7
  3
BTPARTID
360
100008A8
  0
DICTIONARY
  5
100008AA
330
100008A9
100
AcDbDictionary
280
     1
  3
BTDETID
360
100008AB
  3
BTPARTID
360
100008AC
  0
DICTIONARY
  5
100008AE
330
100008AD
100
AcDbDictionary
280
     1
  3
BTDETID
360
100008AF
  3
BTPARTID
360
100008B0
  0
DICTIONARY
  5
100008B2
330
100008B1
100
AcDbDictionary
280
     1
  3
BTDETID
360
100008B3
  3
BTPARTID
360
100008B4
  0
DICTIONARY
  5
100008B6
330
100008B5
100
AcDbDictionary
280
     1
  3
BTDETID
360
100008B7
  3
BTPARTID
360
100008B8
  0
DICTIONARY
  5
100008BA
330
100008B9
100
AcDbDictionary
280
     1
  3
BTDETID
360
100008BB
  3
BTPARTID
360
100008BC
  0
DICTIONARY
  5
100008BE
330
100008BD
100
AcDbDictionary
280
     1
  3
BTDETID
360
100008BF
  3
BTPARTID
360
100008C0
  0
DICTIONARY
  5
100008C2
330
100008C1
100
AcDbDictionary
280
     1
  3
BTDETID
360
100008C3
  3
BTPARTID
360
100008C4
  0
DICTIONARY
  5
100008C6
330
100008C5
100
AcDbDictionary
280
     1
  3
BTDETID
360
100008C7
  3
BTPARTID
360
100008C8
  0
DICTIONARY
  5
100008CA
330
100008C9
100
AcDbDictionary
280
     1
  3
BTDETID
360
100008CB
  3
BTPARTID
360
100008CC
  0
DICTIONARY
  5
100008CE
330
100008CD
100
AcDbDictionary
280
     1
  3
BTDETID
360
100008CF
  3
BTPARTID
360
100008D0
  0
DICTIONARY
  5
100008D2
330
100008D1
100
AcDbDictionary
280
     1
  3
BTDETID
360
100008D3
  3
BTPARTID
360
100008D4
  0
DICTIONARY
  5
100008D6
330
100008D5
100
AcDbDictionary
280
     1
  3
BTDETID
360
100008D7
  3
BTPARTID
360
100008D8
  0
DICTIONARY
  5
100008DA
330
100008D9
100
AcDbDictionary
280
     1
  3
BTDETID
360
100008DB
  3
BTPARTID
360
100008DC
  0
DICTIONARY
  5
100008DE
330
100008DD
100
AcDbDictionary
280
     1
  3
BTDETID
360
100008DF
  3
BTPARTID
360
100008E0
  0
DICTIONARY
  5
100008E2
330
100008E1
100
AcDbDictionary
280
     1
  3
BTDETID
360
100008E3
  3
BTPARTID
360
100008E4
  0
DICTIONARY
  5
100008E6
330
100008E5
100
AcDbDictionary
280
     1
  3
BTDETID
360
100008E7
  3
BTPARTID
360
100008E8
  0
DICTIONARY
  5
100008EA
330
100008E9
100
AcDbDictionary
280
     1
  3
BTDETID
360
100008EB
  3
BTPARTID
360
100008EC
  0
DICTIONARY
  5
100008EE
330
100008ED
100
AcDbDictionary
280
     1
  3
BTDETID
360
100008EF
  3
BTPARTID
360
100008F0
  0
DICTIONARY
  5
100008F2
330
100008F1
100
AcDbDictionary
280
     1
  3
BTDETID
360
100008F3
  3
BTPARTID
360
100008F4
  0
DICTIONARY
  5
100008F6
330
100008F5
100
AcDbDictionary
280
     1
  3
BTDETID
360
100008F7
  3
BTPARTID
360
100008F8
  0
DICTIONARY
  5
100008FA
330
100008F9
100
AcDbDictionary
280
     1
  3
BTDETID
360
100008FB
  3
BTPARTID
360
100008FC
  0
DICTIONARY
  5
100008FE
330
100008FD
100
AcDbDictionary
280
     1
  3
BTDETID
360
100008FF
  3
BTPARTID
360
10000900
  0
DICTIONARY
  5
10000902
330
10000901
100
AcDbDictionary
280
     1
  3
BTDETID
360
10000903
  3
BTPARTID
360
10000904
  0
DICTIONARY
  5
10000906
330
10000905
100
AcDbDictionary
280
     1
  3
BTDETID
360
10000907
  3
BTPARTID
360
10000908
  0
DICTIONARY
  5
1000090A
330
10000909
100
AcDbDictionary
280
     1
  3
BTDETID
360
1000090B
  3
BTPARTID
360
1000090C
  0
DICTIONARY
  5
1000090E
330
1000090D
100
AcDbDictionary
280
     1
  3
BTDETID
360
1000090F
  3
BTPARTID
360
10000910
  0
DICTIONARY
  5
10000912
330
10000911
100
AcDbDictionary
280
     1
  3
BTDETID
360
10000913
  3
BTPARTID
360
10000914
  0
DICTIONARY
  5
10000916
330
10000915
100
AcDbDictionary
280
     1
  3
BTDETID
360
10000917
  3
BTPARTID
360
10000918
  0
DICTIONARY
  5
1000091A
330
10000919
100
AcDbDictionary
280
     1
  3
BTDETID
360
1000091B
  3
BTPARTID
360
1000091C
  0
DICTIONARY
  5
1000091E
330
1000091D
100
AcDbDictionary
280
     1
  3
BTDETID
360
1000091F
  3
BTPARTID
360
10000920
  0
DICTIONARY
  5
10000922
330
10000921
100
AcDbDictionary
280
     1
  3
BTDETID
360
10000923
  3
BTPARTID
360
10000924
  0
DICTIONARY
  5
10000926
330
10000925
100
AcDbDictionary
280
     1
  3
BTDETID
360
10000927
  3
BTPARTID
360
10000928
  0
DICTIONARY
  5
1000092A
330
10000929
100
AcDbDictionary
280
     1
  3
BTDETID
360
1000092B
  3
BTPARTID
360
1000092C
  0
DICTIONARY
  5
1000092E
330
1000092D
100
AcDbDictionary
280
     1
  3
BTDETID
360
1000092F
  3
BTPARTID
360
10000930
  0
DICTIONARY
  5
10000932
330
10000931
100
AcDbDictionary
280
     1
  3
BTDETID
360
10000933
  3
BTPARTID
360
10000934
  0
DICTIONARY
  5
10000936
330
10000935
100
AcDbDictionary
280
     1
  3
BTDETID
360
10000937
  3
BTPARTID
360
10000938
  0
DICTIONARY
  5
1000093A
330
10000939
100
AcDbDictionary
280
     1
  3
BTDETID
360
1000093B
  3
BTPARTID
360
1000093C
  0
DICTIONARY
  5
1000093E
330
1000093D
100
AcDbDictionary
280
     1
  3
BTDETID
360
1000093F
  3
BTPARTID
360
10000940
  0
DICTIONARY
  5
10000942
330
10000941
100
AcDbDictionary
280
     1
  3
BTDETID
360
10000943
  3
BTPARTID
360
10000944
  0
DICTIONARY
  5
10000946
330
10000945
100
AcDbDictionary
280
     1
  3
BTDETID
360
10000947
  3
BTPARTID
360
10000948
  0
DICTIONARY
  5
1000094A
330
10000949
100
AcDbDictionary
280
     1
  3
BTDETID
360
1000094B
  3
BTPARTID
360
1000094C
  0
DICTIONARY
  5
1000094E
330
1000094D
100
AcDbDictionary
280
     1
  3
BTDETID
360
1000094F
  3
BTPARTID
360
10000950
  0
DICTIONARY
  5
10000952
330
10000951
100
AcDbDictionary
280
     1
  3
BTDETID
360
10000953
  3
BTPARTID
360
10000954
  0
DICTIONARY
  5
10000956
330
10000955
100
AcDbDictionary
280
     1
  3
BTDETID
360
10000957
  3
BTPARTID
360
10000958
  0
DICTIONARY
  5
1000095A
330
10000959
100
AcDbDictionary
280
     1
  3
BTDETID
360
1000095B
  3
BTPARTID
360
1000095C
  0
DICTIONARY
  5
1000095E
330
1000095D
100
AcDbDictionary
280
     1
  3
BTDETID
360
1000095F
  3
BTPARTID
360
10000960
  0
DICTIONARY
  5
10000962
330
10000961
100
AcDbDictionary
280
     1
  3
BTDETID
360
10000963
  3
BTPARTID
360
10000964
  0
DICTIONARY
  5
10000966
330
10000965
100
AcDbDictionary
280
     1
  3
BTDETID
360
10000967
  3
BTPARTID
360
10000968
  0
DICTIONARY
  5
1000096A
330
10000969
100
AcDbDictionary
280
     1
  3
BTDETID
360
1000096B
  3
BTPARTID
360
1000096C
  0
DICTIONARY
  5
1000096E
330
1000096D
100
AcDbDictionary
280
     1
  3
BTDETID
360
1000096F
  3
BTPARTID
360
10000970
  0
DICTIONARY
  5
10000972
330
10000971
100
AcDbDictionary
280
     1
  3
BTDETID
360
10000973
  3
BTPARTID
360
10000974
  0
DICTIONARY
  5
10000976
330
10000975
100
AcDbDictionary
280
     1
  3
BTDETID
360
10000977
  3
BTPARTID
360
10000978
  0
DICTIONARY
  5
1000097A
330
10000979
100
AcDbDictionary
280
     1
  3
BTDETID
360
1000097B
  3
BTPARTID
360
1000097C
  0
DICTIONARY
  5
1000097E
330
1000097D
100
AcDbDictionary
280
     1
  3
BTDETID
360
1000097F
  3
BTPARTID
360
10000980
  0
DICTIONARY
  5
10000982
330
10000981
100
AcDbDictionary
280
     1
  3
BTDETID
360
10000983
  3
BTPARTID
360
10000984
  0
DICTIONARY
  5
10000986
330
10000985
100
AcDbDictionary
280
     1
  3
BTDETID
360
10000987
  3
BTPARTID
360
10000988
  0
DICTIONARY
  5
1000098A
330
10000989
100
AcDbDictionary
280
     1
  3
BTDETID
360
1000098B
  3
BTPARTID
360
1000098C
  0
DICTIONARY
  5
1000098E
330
1000098D
100
AcDbDictionary
280
     1
  3
BTDETID
360
1000098F
  3
BTPARTID
360
10000990
  0
DICTIONARY
  5
10000992
330
10000991
100
AcDbDictionary
280
     1
  3
BTDETID
360
10000993
  3
BTPARTID
360
10000994
  0
DICTIONARY
  5
10000996
330
10000995
100
AcDbDictionary
280
     1
  3
BTDETID
360
10000997
  3
BTPARTID
360
10000998
  0
DICTIONARY
  5
1000099A
330
10000999
100
AcDbDictionary
280
     1
  3
BTDETID
360
1000099B
  3
BTPARTID
360
1000099C
  0
DICTIONARY
  5
1000099E
330
1000099D
100
AcDbDictionary
280
     1
  3
BTDETID
360
1000099F
  3
BTPARTID
360
100009A0
  0
DICTIONARY
  5
100009A2
330
100009A1
100
AcDbDictionary
280
     1
  3
BTDETID
360
100009A3
  3
BTPARTID
360
100009A4
  0
DICTIONARY
  5
100009A6
330
100009A5
100
AcDbDictionary
280
     1
  3
BTDETID
360
100009A7
  3
BTPARTID
360
100009A8
  0
DICTIONARY
  5
100009AA
330
100009A9
100
AcDbDictionary
280
     1
  3
BTDETID
360
100009AB
  3
BTPARTID
360
100009AC
  0
DICTIONARY
  5
100009AE
330
100009AD
100
AcDbDictionary
280
     1
  3
BTDETID
360
100009AF
  3
BTPARTID
360
100009B0
  0
DICTIONARY
  5
100009B2
330
100009B1
100
AcDbDictionary
280
     1
  3
BTDETID
360
100009B3
  3
BTPARTID
360
100009B4
  0
DICTIONARY
  5
100009B6
330
100009B5
100
AcDbDictionary
280
     1
  3
BTDETID
360
100009B7
  3
BTPARTID
360
100009B8
  0
DICTIONARY
  5
100009BA
330
100009B9
100
AcDbDictionary
280
     1
  3
BTDETID
360
100009BB
  3
BTPARTID
360
100009BC
  0
DICTIONARY
  5
100009BE
330
100009BD
100
AcDbDictionary
280
     1
  3
BTDETID
360
100009BF
  3
BTPARTID
360
100009C0
  0
DICTIONARY
  5
100009C2
330
100009C1
100
AcDbDictionary
280
     1
  3
BTDETID
360
100009C3
  3
BTPARTID
360
100009C4
  0
DICTIONARY
  5
100009C6
330
100009C5
100
AcDbDictionary
280
     1
  3
BTDETID
360
100009C7
  3
BTPARTID
360
100009C8
  0
DICTIONARY
  5
100009CA
330
100009C9
100
AcDbDictionary
280
     1
  3
BTDETID
360
100009CB
  3
BTPARTID
360
100009CC
  0
DICTIONARY
  5
100009CE
330
100009CD
100
AcDbDictionary
280
     1
  3
BTDETID
360
100009CF
  3
BTPARTID
360
100009D0
  0
DICTIONARY
  5
100009D2
330
100009D1
100
AcDbDictionary
280
     1
  3
BTDETID
360
100009D3
  3
BTPARTID
360
100009D4
  0
DICTIONARY
  5
100009D6
330
100009D5
100
AcDbDictionary
280
     1
  3
BTDETID
360
100009D7
  3
BTPARTID
360
100009D8
  0
DICTIONARY
  5
100009DA
330
100009D9
100
AcDbDictionary
280
     1
  3
BTDETID
360
100009DB
  3
BTPARTID
360
100009DC
  0
DICTIONARY
  5
100009DE
330
100009DD
100
AcDbDictionary
280
     1
  3
BTDETID
360
100009DF
  3
BTPARTID
360
100009E0
  0
DICTIONARY
  5
100009E2
330
100009E1
100
AcDbDictionary
280
     1
  3
BTDETID
360
100009E3
  3
BTPARTID
360
100009E4
  0
DICTIONARY
  5
100009E6
330
100009E5
100
AcDbDictionary
280
     1
  3
BTDETID
360
100009E7
  3
BTPARTID
360
100009E8
  0
DICTIONARY
  5
100009EA
330
100009E9
100
AcDbDictionary
280
     1
  3
BTDETID
360
100009EB
  3
BTPARTID
360
100009EC
  0
DICTIONARY
  5
100009EE
330
100009ED
100
AcDbDictionary
280
     1
  3
BTDETID
360
100009EF
  3
BTPARTID
360
100009F0
  0
DICTIONARY
  5
100009F2
330
100009F1
100
AcDbDictionary
280
     1
  3
BTDETID
360
100009F3
  3
BTPARTID
360
100009F4
  0
DICTIONARY
  5
100009F6
330
100009F5
100
AcDbDictionary
280
     1
  3
BTDETID
360
100009F7
  3
BTPARTID
360
100009F8
  0
DICTIONARY
  5
100009FA
330
100009F9
100
AcDbDictionary
280
     1
  3
BTDETID
360
100009FB
  3
BTPARTID
360
100009FC
  0
DICTIONARY
  5
100009FE
330
100009FD
100
AcDbDictionary
280
     1
  3
BTDETID
360
100009FF
  3
BTPARTID
360
10000A00
  0
DICTIONARY
  5
10000A02
330
10000A01
100
AcDbDictionary
280
     1
  3
BTDETID
360
10000A03
  3
BTPARTID
360
10000A04
  0
DICTIONARY
  5
10000A06
330
10000A05
100
AcDbDictionary
280
     1
  3
BTDETID
360
10000A07
  3
BTPARTID
360
10000A08
  0
DICTIONARY
  5
10000A0A
330
10000A09
100
AcDbDictionary
280
     1
  3
BTDETID
360
10000A0B
  3
BTPARTID
360
10000A0C
  0
DICTIONARY
  5
10000A0E
330
10000A0D
100
AcDbDictionary
280
     1
  3
BTDETID
360
10000A0F
  3
BTPARTID
360
10000A10
  0
DICTIONARY
  5
10000A12
330
10000A11
100
AcDbDictionary
280
     1
  3
BTDETID
360
10000A13
  3
BTPARTID
360
10000A14
  0
DICTIONARY
  5
10000A16
330
10000A15
100
AcDbDictionary
280
     1
  3
BTDETID
360
10000A17
  3
BTPARTID
360
10000A18
  0
DICTIONARY
  5
10000A1A
330
10000A19
100
AcDbDictionary
280
     1
  3
BTDETID
360
10000A1B
  3
BTPARTID
360
10000A1C
  0
DICTIONARY
  5
10000A1E
330
10000A1D
100
AcDbDictionary
280
     1
  3
BTDETID
360
10000A1F
  3
BTPARTID
360
10000A20
  0
DICTIONARY
  5
10000A22
330
10000A21
100
AcDbDictionary
280
     1
  3
BTDETID
360
10000A23
  3
BTPARTID
360
10000A24
  0
DICTIONARY
  5
10000A26
330
10000A25
100
AcDbDictionary
280
     1
  3
BTDETID
360
10000A27
  3
BTPARTID
360
10000A28
  0
DICTIONARY
  5
10000A2A
330
10000A29
100
AcDbDictionary
280
     1
  3
BTDETID
360
10000A2B
  3
BTPARTID
360
10000A2C
  0
DICTIONARY
  5
10000A2E
330
10000A2D
100
AcDbDictionary
280
     1
  3
BTDETID
360
10000A2F
  3
BTPARTID
360
10000A30
  0
DICTIONARY
  5
10000A32
330
10000A31
100
AcDbDictionary
280
     1
  3
BTDETID
360
10000A33
  3
BTPARTID
360
10000A34
  0
DICTIONARY
  5
10000A36
330
10000A35
100
AcDbDictionary
280
     1
  3
BTDETID
360
10000A37
  3
BTPARTID
360
10000A38
  0
DICTIONARY
  5
10000A3A
330
10000A39
100
AcDbDictionary
280
     1
  3
BTDETID
360
10000A3B
  3
BTPARTID
360
10000A3C
  0
DICTIONARY
  5
10000A3E
330
10000A3D
100
AcDbDictionary
280
     1
  3
BTDETID
360
10000A3F
  3
BTPARTID
360
10000A40
  0
DICTIONARY
  5
10000A42
330
10000A41
100
AcDbDictionary
280
     1
  3
BTDETID
360
10000A43
  3
BTPARTID
360
10000A44
  0
DICTIONARY
  5
10000A46
330
10000A45
100
AcDbDictionary
280
     1
  3
BTDETID
360
10000A47
  3
BTPARTID
360
10000A48
  0
DICTIONARY
  5
10000A4A
330
10000A49
100
AcDbDictionary
280
     1
  3
BTDETID
360
10000A4B
  3
BTPARTID
360
10000A4C
  0
DICTIONARY
  5
10000A4E
330
10000A4D
100
AcDbDictionary
280
     1
  3
BTDETID
360
10000A4F
  3
BTPARTID
360
10000A50
  0
DICTIONARY
  5
10000A52
330
10000A51
100
AcDbDictionary
280
     1
  3
BTDETID
360
10000A53
  3
BTPARTID
360
10000A54
  0
DICTIONARY
  5
10000A56
330
10000A55
100
AcDbDictionary
280
     1
  3
BTDETID
360
10000A57
  3
BTPARTID
360
10000A58
  0
DICTIONARY
  5
10000A5A
330
10000A59
100
AcDbDictionary
280
     1
  3
BTDETID
360
10000A5B
  3
BTPARTID
360
10000A5C
  0
DICTIONARY
  5
10000A5E
330
10000A5D
100
AcDbDictionary
280
     1
  3
BTDETID
360
10000A5F
  3
BTPARTID
360
10000A60
  0
DICTIONARY
  5
10000A62
330
10000A61
100
AcDbDictionary
280
     1
  3
BTDETID
360
10000A63
  3
BTPARTID
360
10000A64
  0
DICTIONARY
  5
10000A66
330
10000A65
100
AcDbDictionary
280
     1
  3
BTDETID
360
10000A67
  3
BTPARTID
360
10000A68
  0
DICTIONARY
  5
10000A6A
330
10000A69
100
AcDbDictionary
280
     1
  3
BTDETID
360
10000A6B
  3
BTPARTID
360
10000A6C
  0
DICTIONARY
  5
10000A6E
330
10000A6D
100
AcDbDictionary
280
     1
  3
BTDETID
360
10000A6F
  3
BTPARTID
360
10000A70
  0
DICTIONARY
  5
10000A72
330
10000A71
100
AcDbDictionary
280
     1
  3
BTDETID
360
10000A73
  3
BTPARTID
360
10000A74
  0
DICTIONARY
  5
10000A76
330
10000A75
100
AcDbDictionary
280
     1
  3
BTDETID
360
10000A77
  3
BTPARTID
360
10000A78
  0
DICTIONARY
  5
10000A7A
330
10000A79
100
AcDbDictionary
280
     1
  3
BTDETID
360
10000A7B
  3
BTPARTID
360
10000A7C
  0
DICTIONARY
  5
10000A7E
330
10000A7D
100
AcDbDictionary
280
     1
  3
BTDETID
360
10000A7F
  3
BTPARTID
360
10000A80
  0
DICTIONARY
  5
10000A82
330
10000A81
100
AcDbDictionary
280
     1
  3
BTDETID
360
10000A83
  3
BTPARTID
360
10000A84
  0
DICTIONARY
  5
10000A86
330
10000A85
100
AcDbDictionary
280
     1
  3
BTDETID
360
10000A87
  3
BTPARTID
360
10000A88
  0
DICTIONARY
  5
10000A8A
330
10000A89
100
AcDbDictionary
280
     1
  3
BTDETID
360
10000A8B
  3
BTPARTID
360
10000A8C
  0
DICTIONARY
  5
10000A8E
330
10000A8D
100
AcDbDictionary
280
     1
  3
BTDETID
360
10000A8F
  3
BTPARTID
360
10000A90
  0
DICTIONARY
  5
10000A92
330
10000A91
100
AcDbDictionary
280
     1
  3
BTDETID
360
10000A93
  3
BTPARTID
360
10000A94
  0
DICTIONARY
  5
10000A96
330
10000A95
100
AcDbDictionary
280
     1
  3
BTDETID
360
10000A97
  3
BTPARTID
360
10000A98
  0
DICTIONARY
  5
10000A9A
330
10000A99
100
AcDbDictionary
280
     1
  3
BTDETID
360
10000A9B
  3
BTPARTID
360
10000A9C
  0
DICTIONARY
  5
10000A9E
330
10000A9D
100
AcDbDictionary
280
     1
  3
BTDETID
360
10000A9F
  3
BTPARTID
360
10000AA0
  0
DICTIONARY
  5
10000AA2
330
10000AA1
100
AcDbDictionary
280
     1
  3
BTDETID
360
10000AA3
  3
BTPARTID
360
10000AA4
  0
DICTIONARY
  5
10000AA6
330
10000AA5
100
AcDbDictionary
280
     1
  3
BTDETID
360
10000AA7
  3
BTPARTID
360
10000AA8
  0
DICTIONARY
  5
10000AAA
330
10000AA9
100
AcDbDictionary
280
     1
  3
BTDETID
360
10000AAB
  3
BTPARTID
360
10000AAC
  0
DICTIONARY
  5
10000AAE
330
10000AAD
100
AcDbDictionary
280
     1
  3
BTDETID
360
10000AAF
  3
BTPARTID
360
10000AB0
  0
DICTIONARY
  5
10000AB2
330
10000AB1
100
AcDbDictionary
280
     1
  3
BTDETID
360
10000AB3
  3
BTPARTID
360
10000AB4
  0
DICTIONARY
  5
10000AB6
330
10000AB5
100
AcDbDictionary
280
     1
  3
BTDETID
360
10000AB7
  3
BTPARTID
360
10000AB8
  0
DICTIONARY
  5
10000ABA
330
10000AB9
100
AcDbDictionary
280
     1
  3
BTDETID
360
10000ABB
  3
BTPARTID
360
10000ABC
  0
DICTIONARY
  5
10000ABE
330
10000ABD
100
AcDbDictionary
280
     1
  3
BTDETID
360
10000ABF
  3
BTPARTID
360
10000AC0
  0
DICTIONARY
  5
10000AC2
330
10000AC1
100
AcDbDictionary
280
     1
  3
BTDETID
360
10000AC3
  3
BTPARTID
360
10000AC4
  0
DICTIONARY
  5
10000AC6
330
10000AC5
100
AcDbDictionary
280
     1
  3
BTDETID
360
10000AC7
  3
BTPARTID
360
10000AC8
  0
DICTIONARY
  5
10000ACA
330
10000AC9
100
AcDbDictionary
280
     1
  3
BTDETID
360
10000ACB
  3
BTPARTID
360
10000ACC
  0
DICTIONARY
  5
10000ACE
330
10000ACD
100
AcDbDictionary
280
     1
  3
BTDETID
360
10000ACF
  3
BTPARTID
360
10000AD0
  0
DICTIONARY
  5
10000AD2
330
10000AD1
100
AcDbDictionary
280
     1
  3
BTDETID
360
10000AD3
  3
BTPARTID
360
10000AD4
  0
DICTIONARY
  5
10000AD6
330
10000AD5
100
AcDbDictionary
280
     1
  3
BTDETID
360
10000AD7
  3
BTPARTID
360
10000AD8
  0
DICTIONARY
  5
10000ADA
330
10000AD9
100
AcDbDictionary
280
     1
  3
BTDETID
360
10000ADB
  3
BTPARTID
360
10000ADC
  0
DICTIONARY
  5
10000ADE
330
10000ADD
100
AcDbDictionary
280
     1
  3
BTDETID
360
10000ADF
  3
BTPARTID
360
10000AE0
  0
DICTIONARY
  5
10000AE2
330
10000AE1
100
AcDbDictionary
280
     1
  3
BTDETID
360
10000AE3
  3
BTPARTID
360
10000AE4
  0
DICTIONARY
  5
10000AE6
330
10000AE5
100
AcDbDictionary
280
     1
  3
BTDETID
360
10000AE7
  3
BTPARTID
360
10000AE8
  0
DICTIONARY
  5
10000AEA
330
10000AE9
100
AcDbDictionary
280
     1
  3
BTDETID
360
10000AEB
  3
BTPARTID
360
10000AEC
  0
DICTIONARY
  5
10000AEE
330
10000AED
100
AcDbDictionary
280
     1
  3
BTDETID
360
10000AEF
  3
BTPARTID
360
10000AF0
  0
DICTIONARY
  5
10000AF2
330
10000AF1
100
AcDbDictionary
280
     1
  3
BTDETID
360
10000AF3
  3
BTPARTID
360
10000AF4
  0
DICTIONARY
  5
10000AF6
330
10000AF5
100
AcDbDictionary
280
     1
  3
BTDETID
360
10000AF7
  3
BTPARTID
360
10000AF8
  0
DICTIONARY
  5
10000AFA
330
10000AF9
100
AcDbDictionary
280
     1
  3
BTDETID
360
10000AFB
  3
BTPARTID
360
10000AFC
  0
DICTIONARY
  5
10000AFE
330
10000AFD
100
AcDbDictionary
280
     1
  3
BTDETID
360
10000AFF
  3
BTPARTID
360
10000B00
  0
DICTIONARY
  5
10000B02
330
10000B01
100
AcDbDictionary
280
     1
  3
BTDETID
360
10000B03
  3
BTPARTID
360
10000B04
  0
DICTIONARY
  5
10000B06
330
10000B05
100
AcDbDictionary
280
     1
  3
BTDETID
360
10000B07
  3
BTPARTID
360
10000B08
  0
DICTIONARY
  5
10000B0A
330
10000B09
100
AcDbDictionary
280
     1
  3
BTDETID
360
10000B0B
  3
BTPARTID
360
10000B0C
  0
DICTIONARY
  5
10000B0E
330
10000B0D
100
AcDbDictionary
280
     1
  3
BTDETID
360
10000B0F
  3
BTPARTID
360
10000B10
  0
DICTIONARY
  5
10000B12
330
10000B11
100
AcDbDictionary
280
     1
  3
BTDETID
360
10000B13
  3
BTPARTID
360
10000B14
  0
DICTIONARY
  5
10000B16
330
10000B15
100
AcDbDictionary
280
     1
  3
BTDETID
360
10000B17
  3
BTPARTID
360
10000B18
  0
DICTIONARY
  5
10000B1A
330
10000B19
100
AcDbDictionary
280
     1
  3
BTDETID
360
10000B1B
  3
BTPARTID
360
10000B1C
  0
DICTIONARY
  5
10000B1E
330
10000B1D
100
AcDbDictionary
280
     1
  3
BTDETID
360
10000B1F
  3
BTPARTID
360
10000B20
  0
DICTIONARY
  5
10000B22
330
10000B21
100
AcDbDictionary
280
     1
  3
BTDETID
360
10000B23
  3
BTPARTID
360
10000B24
  0
DICTIONARY
  5
10000B26
330
10000B25
100
AcDbDictionary
280
     1
  3
BTDETID
360
10000B27
  3
BTPARTID
360
10000B28
  0
DICTIONARY
  5
10000B2A
330
10000B29
100
AcDbDictionary
280
     1
  3
BTDETID
360
10000B2B
  3
BTPARTID
360
10000B2C
  0
DICTIONARY
  5
10000B2E
330
10000B2D
100
AcDbDictionary
280
     1
  3
BTDETID
360
10000B2F
  3
BTPARTID
360
10000B30
  0
DICTIONARY
  5
10000B32
330
10000B31
100
AcDbDictionary
280
     1
  3
BTDETID
360
10000B33
  3
BTPARTID
360
10000B34
  0
DICTIONARY
  5
10000B36
330
10000B35
100
AcDbDictionary
280
     1
  3
BTDETID
360
10000B37
  3
BTPARTID
360
10000B38
  0
DICTIONARY
  5
10000B3A
330
10000B39
100
AcDbDictionary
280
     1
  3
BTDETID
360
10000B3B
  3
BTPARTID
360
10000B3C
  0
DICTIONARY
  5
10000B3E
330
10000B3D
100
AcDbDictionary
280
     1
  3
BTDETID
360
10000B3F
  3
BTPARTID
360
10000B40
  0
DICTIONARY
  5
10000B42
330
10000B41
100
AcDbDictionary
280
     1
  3
BTDETID
360
10000B43
  3
BTPARTID
360
10000B44
  0
DICTIONARY
  5
10000B46
330
10000B45
100
AcDbDictionary
280
     1
  3
BTDETID
360
10000B47
  3
BTPARTID
360
10000B48
  0
DICTIONARY
  5
10000B4A
330
10000B49
100
AcDbDictionary
280
     1
  3
BTDETID
360
10000B4B
  3
BTPARTID
360
10000B4C
  0
DICTIONARY
  5
10000B4E
330
10000B4D
100
AcDbDictionary
280
     1
  3
BTDETID
360
10000B4F
  3
BTPARTID
360
10000B50
  0
DICTIONARY
  5
10000B52
330
10000B51
100
AcDbDictionary
280
     1
  3
BTDETID
360
10000B53
  3
BTPARTID
360
10000B54
  0
DICTIONARY
  5
10000B56
330
10000B55
100
AcDbDictionary
280
     1
  3
BTDETID
360
10000B57
  3
BTPARTID
360
10000B58
  0
DICTIONARY
  5
10000B5A
330
10000B59
100
AcDbDictionary
280
     1
  3
BTDETID
360
10000B5B
  3
BTPARTID
360
10000B5C
  0
DICTIONARY
  5
10000B5E
330
10000B5D
100
AcDbDictionary
280
     1
  3
BTDETID
360
10000B5F
  3
BTPARTID
360
10000B60
  0
DICTIONARY
  5
10000B62
330
10000B61
100
AcDbDictionary
280
     1
  3
BTDETID
360
10000B63
  3
BTPARTID
360
10000B64
  0
DICTIONARY
  5
10000B66
330
10000B65
100
AcDbDictionary
280
     1
  3
BTDETID
360
10000B67
  3
BTPARTID
360
10000B68
  0
DICTIONARY
  5
10000B6A
330
10000B69
100
AcDbDictionary
280
     1
  3
BTDETID
360
10000B6B
  3
BTPARTID
360
10000B6C
  0
DICTIONARY
  5
10000B6E
330
10000B6D
100
AcDbDictionary
280
     1
  3
BTDETID
360
10000B6F
  3
BTPARTID
360
10000B70
  0
DICTIONARY
  5
10000B72
330
10000B71
100
AcDbDictionary
280
     1
  3
BTDETID
360
10000B73
  3
BTPARTID
360
10000B74
  0
DICTIONARY
  5
10000B76
330
10000B75
100
AcDbDictionary
280
     1
  3
BTDETID
360
10000B77
  3
BTPARTID
360
10000B78
  0
DICTIONARY
  5
10000B7A
330
10000B79
100
AcDbDictionary
280
     1
  3
BTDETID
360
10000B7B
  3
BTPARTID
360
10000B7C
  0
DICTIONARY
  5
10000B7E
330
10000B7D
100
AcDbDictionary
280
     1
  3
BTDETID
360
10000B7F
  3
BTPARTID
360
10000B80
  0
DICTIONARY
  5
10000B82
330
10000B81
100
AcDbDictionary
280
     1
  3
BTDETID
360
10000B83
  3
BTPARTID
360
10000B84
  0
DICTIONARY
  5
10000B86
330
10000B85
100
AcDbDictionary
280
     1
  3
BTDETID
360
10000B87
  3
BTPARTID
360
10000B88
  0
DICTIONARY
  5
10000B8A
330
10000B89
100
AcDbDictionary
280
     1
  3
BTDETID
360
10000B8B
  3
BTPARTID
360
10000B8C
  0
DICTIONARY
  5
10000B8E
330
10000B8D
100
AcDbDictionary
280
     1
  3
BTDETID
360
10000B8F
  3
BTPARTID
360
10000B90
  0
DICTIONARY
  5
10000B92
330
10000B91
100
AcDbDictionary
280
     1
  3
BTDETID
360
10000B93
  3
BTPARTID
360
10000B94
  0
DICTIONARY
  5
10000B96
330
10000B95
100
AcDbDictionary
280
     1
  3
BTDETID
360
10000B97
  3
BTPARTID
360
10000B98
  0
DICTIONARY
  5
10000B9A
330
10000B99
100
AcDbDictionary
280
     1
  3
BTDETID
360
10000B9B
  3
BTPARTID
360
10000B9C
  0
DICTIONARY
  5
10000B9E
330
10000B9D
100
AcDbDictionary
280
     1
  3
BTDETID
360
10000B9F
  3
BTPARTID
360
10000BA0
  0
DICTIONARY
  5
10000BA2
330
10000BA1
100
AcDbDictionary
280
     1
  3
BTDETID
360
10000BA3
  3
BTPARTID
360
10000BA4
  0
DICTIONARY
  5
10000BA6
330
10000BA5
100
AcDbDictionary
280
     1
  3
BTDETID
360
10000BA7
  3
BTPARTID
360
10000BA8
  0
DICTIONARY
  5
10000BAA
330
10000BA9
100
AcDbDictionary
280
     1
  3
BTDETID
360
10000BAB
  3
BTPARTID
360
10000BAC
  0
DICTIONARY
  5
10000BAE
330
10000BAD
100
AcDbDictionary
280
     1
  3
BTDETID
360
10000BAF
  3
BTPARTID
360
10000BB0
  0
DICTIONARY
  5
10000BB2
330
10000BB1
100
AcDbDictionary
280
     1
  3
BTDETID
360
10000BB3
  3
BTPARTID
360
10000BB4
  0
DICTIONARY
  5
10000BB6
330
10000BB5
100
AcDbDictionary
280
     1
  3
BTDETID
360
10000BB7
  3
BTPARTID
360
10000BB8
  0
DICTIONARY
  5
10000BBA
330
10000BB9
100
AcDbDictionary
280
     1
  3
BTDETID
360
10000BBB
  3
BTPARTID
360
10000BBC
  0
DICTIONARY
  5
10000BBE
330
10000BBD
100
AcDbDictionary
280
     1
  3
BTDETID
360
10000BBF
  3
BTPARTID
360
10000BC0
  0
DICTIONARY
  5
10000BC2
330
10000BC1
100
AcDbDictionary
280
     1
  3
BTDETID
360
10000BC3
  3
BTPARTID
360
10000BC4
  0
DICTIONARY
  5
10000BC6
330
10000BC5
100
AcDbDictionary
280
     1
  3
BTDETID
360
10000BC7
  3
BTPARTID
360
10000BC8
  0
DICTIONARY
  5
10000BCA
330
10000BC9
100
AcDbDictionary
280
     1
  3
BTDETID
360
10000BCB
  3
BTPARTID
360
10000BCC
  0
DICTIONARY
  5
10000BCE
330
10000BCD
100
AcDbDictionary
280
     1
  3
BTDETID
360
10000BCF
  3
BTPARTID
360
10000BD0
  0
DICTIONARY
  5
10000BD2
330
10000BD1
100
AcDbDictionary
280
     1
  3
BTDETID
360
10000BD3
  3
BTPARTID
360
10000BD4
  0
DICTIONARY
  5
10000BD6
330
10000BD5
100
AcDbDictionary
280
     1
  3
BTDETID
360
10000BD7
  3
BTPARTID
360
10000BD8
  0
DICTIONARY
  5
10000BDA
330
10000BD9
100
AcDbDictionary
280
     1
  3
BTDETID
360
10000BDB
  3
BTPARTID
360
10000BDC
  0
DICTIONARY
  5
10000BDE
330
10000BDD
100
AcDbDictionary
280
     1
  3
BTDETID
360
10000BDF
  3
BTPARTID
360
10000BE0
  0
DICTIONARY
  5
10000BE2
330
10000BE1
100
AcDbDictionary
280
     1
  3
BTDETID
360
10000BE3
  3
BTPARTID
360
10000BE4
  0
DICTIONARY
  5
10000BE6
330
10000BE5
100
AcDbDictionary
280
     1
  3
BTDETID
360
10000BE7
  3
BTPARTID
360
10000BE8
  0
DICTIONARY
  5
10000BEA
330
10000BE9
100
AcDbDictionary
280
     1
  3
BTDETID
360
10000BEB
  3
BTPARTID
360
10000BEC
  0
DICTIONARY
  5
10000BEE
330
10000BED
100
AcDbDictionary
280
     1
  3
BTDETID
360
10000BEF
  3
BTPARTID
360
10000BF0
  0
DICTIONARY
  5
10000BF2
330
10000BF1
100
AcDbDictionary
280
     1
  3
BTDETID
360
10000BF3
  3
BTPARTID
360
10000BF4
  0
DICTIONARY
  5
10000BF6
330
10000BF5
100
AcDbDictionary
280
     1
  3
BTDETID
360
10000BF7
  3
BTPARTID
360
10000BF8
  0
DICTIONARY
  5
10000BFA
330
10000BF9
100
AcDbDictionary
280
     1
  3
BTDETID
360
10000BFB
  3
BTPARTID
360
10000BFC
  0
DICTIONARY
  5
10000BFE
330
10000BFD
100
AcDbDictionary
280
     1
  3
BTDETID
360
10000BFF
  3
BTPARTID
360
10000C00
  0
DICTIONARY
  5
10000C02
330
10000C01
100
AcDbDictionary
280
     1
  3
BTDETID
360
10000C03
  3
BTPARTID
360
10000C04
  0
DICTIONARY
  5
10000C06
330
10000C05
100
AcDbDictionary
280
     1
  3
BTDETID
360
10000C07
  3
BTPARTID
360
10000C08
  0
DICTIONARY
  5
10000C0A
330
10000C09
100
AcDbDictionary
280
     1
  3
BTDETID
360
10000C0B
  3
BTPARTID
360
10000C0C
  0
DICTIONARY
  5
10000C0E
330
10000C0D
100
AcDbDictionary
280
     1
  3
BTDETID
360
10000C0F
  3
BTPARTID
360
10000C10
  0
DICTIONARY
  5
10000C12
330
10000C11
100
AcDbDictionary
280
     1
  3
BTDETID
360
10000C13
  3
BTPARTID
360
10000C14
  0
DICTIONARY
  5
10000C16
330
10000C15
100
AcDbDictionary
280
     1
  3
BTDETID
360
10000C17
  3
BTPARTID
360
10000C18
  0
DICTIONARY
  5
10000C1A
330
10000C19
100
AcDbDictionary
280
     1
  3
BTDETID
360
10000C1B
  3
BTPARTID
360
10000C1C
  0
DICTIONARY
  5
10000C1E
330
10000C1D
100
AcDbDictionary
280
     1
  3
BTDETID
360
10000C1F
  3
BTPARTID
360
10000C20
  0
DICTIONARY
  5
10000C22
330
10000C21
100
AcDbDictionary
280
     1
  3
BTDETID
360
10000C23
  3
BTPARTID
360
10000C24
  0
DICTIONARY
  5
10000C26
330
10000C25
100
AcDbDictionary
280
     1
  3
BTDETID
360
10000C27
  3
BTPARTID
360
10000C28
  0
DICTIONARY
  5
10000C2A
330
10000C29
100
AcDbDictionary
280
     1
  3
BTDETID
360
10000C2B
  3
BTPARTID
360
10000C2C
  0
DICTIONARY
  5
10000C2E
330
10000C2D
100
AcDbDictionary
280
     1
  3
BTDETID
360
10000C2F
  3
BTPARTID
360
10000C30
  0
DICTIONARY
  5
10000C32
330
10000C31
100
AcDbDictionary
280
     1
  3
BTDETID
360
10000C33
  3
BTPARTID
360
10000C34
  0
DICTIONARY
  5
10000C36
330
10000C35
100
AcDbDictionary
280
     1
  3
BTDETID
360
10000C37
  3
BTPARTID
360
10000C38
  0
DICTIONARY
  5
10000C3A
330
10000C39
100
AcDbDictionary
280
     1
  3
BTDETID
360
10000C3B
  3
BTPARTID
360
10000C3C
  0
DICTIONARY
  5
10000C3E
330
10000C3D
100
AcDbDictionary
280
     1
  3
BTDETID
360
10000C3F
  3
BTPARTID
360
10000C40
  0
DICTIONARY
  5
10000C42
330
10000C41
100
AcDbDictionary
280
     1
  3
BTDETID
360
10000C43
  3
BTPARTID
360
10000C44
  0
DICTIONARY
  5
10000C46
330
10000C45
100
AcDbDictionary
280
     1
  3
BTDETID
360
10000C47
  3
BTPARTID
360
10000C48
  0
DICTIONARY
  5
10000C4A
330
10000C49
100
AcDbDictionary
280
     1
  3
BTDETID
360
10000C4B
  3
BTPARTID
360
10000C4C
  0
DICTIONARY
  5
10000C4E
330
10000C4D
100
AcDbDictionary
280
     1
  3
BTDETID
360
10000C4F
  3
BTPARTID
360
10000C50
  0
DICTIONARY
  5
10000C52
330
10000C51
100
AcDbDictionary
280
     1
  3
BTDETID
360
10000C53
  3
BTPARTID
360
10000C54
  0
DICTIONARY
  5
10000C56
330
10000C55
100
AcDbDictionary
280
     1
  3
BTDETID
360
10000C57
  3
BTPARTID
360
10000C58
  0
DICTIONARY
  5
10000C5A
330
10000C59
100
AcDbDictionary
280
     1
  3
BTDETID
360
10000C5B
  3
BTPARTID
360
10000C5C
  0
DICTIONARY
  5
10000C5E
330
10000C5D
100
AcDbDictionary
280
     1
  3
BTDETID
360
10000C5F
  3
BTPARTID
360
10000C60
  0
DICTIONARY
  5
10000C62
330
10000C61
100
AcDbDictionary
280
     1
  3
BTDETID
360
10000C63
  3
BTPARTID
360
10000C64
  0
DICTIONARY
  5
10000C66
330
10000C65
100
AcDbDictionary
280
     1
  3
BTDETID
360
10000C67
  3
BTPARTID
360
10000C68
  0
DICTIONARY
  5
10000C6A
330
10000C69
100
AcDbDictionary
280
     1
  3
BTDETID
360
10000C6B
  3
BTPARTID
360
10000C6C
  0
DICTIONARY
  5
10000C6E
330
10000C6D
100
AcDbDictionary
280
     1
  3
BTDETID
360
10000C6F
  3
BTPARTID
360
10000C70
  0
DICTIONARY
  5
10000C72
330
10000C71
100
AcDbDictionary
280
     1
  3
BTDETID
360
10000C73
  3
BTPARTID
360
10000C74
  0
DICTIONARY
  5
10000C76
330
10000C75
100
AcDbDictionary
280
     1
  3
BTDETID
360
10000C77
  3
BTPARTID
360
10000C78
  0
DICTIONARY
  5
10000C7A
330
10000C79
100
AcDbDictionary
280
     1
  3
BTDETID
360
10000C7B
  3
BTPARTID
360
10000C7C
  0
DICTIONARY
  5
10000C7E
330
10000C7D
100
AcDbDictionary
280
     1
  3
BTDETID
360
10000C7F
  3
BTPARTID
360
10000C80
  0
DICTIONARY
  5
10000C82
330
10000C81
100
AcDbDictionary
280
     1
  3
BTDETID
360
10000C83
  3
BTPARTID
360
10000C84
  0
DICTIONARY
  5
10000C86
330
10000C85
100
AcDbDictionary
280
     1
  3
BTDETID
360
10000C87
  3
BTPARTID
360
10000C88
  0
DICTIONARY
  5
10000C8A
330
10000C89
100
AcDbDictionary
280
     1
  3
BTDETID
360
10000C8B
  3
BTPARTID
360
10000C8C
  0
DICTIONARY
  5
10000C8E
330
10000C8D
100
AcDbDictionary
280
     1
  3
BTDETID
360
10000C8F
  3
BTPARTID
360
10000C90
  0
DICTIONARY
  5
10000C92
330
10000C91
100
AcDbDictionary
280
     1
  3
BTDETID
360
10000C93
  3
BTPARTID
360
10000C94
  0
DICTIONARY
  5
10000C96
330
10000C95
100
AcDbDictionary
280
     1
  3
BTDETID
360
10000C97
  3
BTPARTID
360
10000C98
  0
DICTIONARY
  5
10000C9A
330
10000C99
100
AcDbDictionary
280
     1
  3
BTDETID
360
10000C9B
  3
BTPARTID
360
10000C9C
  0
DICTIONARY
  5
10000C9E
330
10000C9D
100
AcDbDictionary
280
     1
  3
BTDETID
360
10000C9F
  3
BTPARTID
360
10000CA0
  0
DICTIONARY
  5
10000CA2
330
10000CA1
100
AcDbDictionary
280
     1
  3
BTDETID
360
10000CA3
  3
BTPARTID
360
10000CA4
  0
DICTIONARY
  5
10000CA6
330
10000CA5
100
AcDbDictionary
280
     1
  3
BTDETID
360
10000CA7
  3
BTPARTID
360
10000CA8
  0
DICTIONARY
  5
10000CAA
330
10000CA9
100
AcDbDictionary
280
     1
  3
BTDETID
360
10000CAB
  3
BTPARTID
360
10000CAC
  0
DICTIONARY
  5
10000CAE
330
10000CAD
100
AcDbDictionary
280
     1
  3
BTDETID
360
10000CAF
  3
BTPARTID
360
10000CB0
  0
DICTIONARY
  5
10000CB2
330
10000CB1
100
AcDbDictionary
280
     1
  3
BTDETID
360
10000CB3
  3
BTPARTID
360
10000CB4
  0
DICTIONARY
  5
10000CB6
330
10000CB5
100
AcDbDictionary
280
     1
  3
BTDETID
360
10000CB7
  3
BTPARTID
360
10000CB8
  0
DICTIONARY
  5
10000CBA
330
10000CB9
100
AcDbDictionary
280
     1
  3
BTDETID
360
10000CBB
  3
BTPARTID
360
10000CBC
  0
DICTIONARY
  5
10000CBE
330
10000CBD
100
AcDbDictionary
280
     1
  3
BTDETID
360
10000CBF
  3
BTPARTID
360
10000CC0
  0
DICTIONARY
  5
10000CC2
330
10000CC1
100
AcDbDictionary
280
     1
  3
BTDETID
360
10000CC3
  3
BTPARTID
360
10000CC4
  0
DICTIONARY
  5
10000CC6
330
10000CC5
100
AcDbDictionary
280
     1
  3
BTDETID
360
10000CC7
  3
BTPARTID
360
10000CC8
  0
DICTIONARY
  5
10000CCA
330
10000CC9
100
AcDbDictionary
280
     1
  3
BTDETID
360
10000CCB
  3
BTPARTID
360
10000CCC
  0
DICTIONARY
  5
10000CCE
330
10000CCD
100
AcDbDictionary
280
     1
  3
BTDETID
360
10000CCF
  3
BTPARTID
360
10000CD0
  0
DICTIONARY
  5
10000CD2
330
10000CD1
100
AcDbDictionary
280
     1
  3
BTDETID
360
10000CD3
  3
BTPARTID
360
10000CD4
  0
DICTIONARY
  5
10000CD6
330
10000CD5
100
AcDbDictionary
280
     1
  3
BTDETID
360
10000CD7
  3
BTPARTID
360
10000CD8
  0
DICTIONARY
  5
10000CDA
330
10000CD9
100
AcDbDictionary
280
     1
  3
BTDETID
360
10000CDB
  3
BTPARTID
360
10000CDC
  0
DICTIONARY
  5
10000CDE
330
10000CDD
100
AcDbDictionary
280
     1
  3
BTDETID
360
10000CDF
  3
BTPARTID
360
10000CE0
  0
DICTIONARY
  5
10000CE2
330
10000CE1
100
AcDbDictionary
280
     1
  3
BTDETID
360
10000CE3
  3
BTPARTID
360
10000CE4
  0
DICTIONARY
  5
10000CE6
330
10000CE5
100
AcDbDictionary
280
     1
  3
BTDETID
360
10000CE7
  3
BTPARTID
360
10000CE8
  0
DICTIONARY
  5
10000CEA
330
10000CE9
100
AcDbDictionary
280
     1
  3
BTDETID
360
10000CEB
  3
BTPARTID
360
10000CEC
  0
DICTIONARY
  5
10000CEE
330
10000CED
100
AcDbDictionary
280
     1
  3
BTDETID
360
10000CEF
  3
BTPARTID
360
10000CF0
  0
DICTIONARY
  5
10000CF2
330
10000CF1
100
AcDbDictionary
280
     1
  3
BTDETID
360
10000CF3
  3
BTPARTID
360
10000CF4
  0
DICTIONARY
  5
10000CF6
330
10000CF5
100
AcDbDictionary
280
     1
  3
BTDETID
360
10000CF7
  3
BTPARTID
360
10000CF8
  0
DICTIONARY
  5
10000CFA
330
10000CF9
100
AcDbDictionary
280
     1
  3
BTDETID
360
10000CFB
  3
BTPARTID
360
10000CFC
  0
DICTIONARY
  5
10000CFE
330
10000CFD
100
AcDbDictionary
280
     1
  3
BTDETID
360
10000CFF
  3
BTPARTID
360
10000D00
  0
DICTIONARY
  5
10000D02
330
10000D01
100
AcDbDictionary
280
     1
  3
BTDETID
360
10000D03
  3
BTPARTID
360
10000D04
  0
DICTIONARY
  5
10000D06
330
10000D05
100
AcDbDictionary
280
     1
  3
BTDETID
360
10000D07
  3
BTPARTID
360
10000D08
  0
DICTIONARY
  5
10000D0A
330
10000D09
100
AcDbDictionary
280
     1
  3
BTDETID
360
10000D0B
  3
BTPARTID
360
10000D0C
  0
DICTIONARY
  5
10000D0E
330
10000D0D
100
AcDbDictionary
280
     1
  3
BTDETID
360
10000D0F
  3
BTPARTID
360
10000D10
  0
DICTIONARY
  5
10000D12
330
10000D11
100
AcDbDictionary
280
     1
  3
BTDETID
360
10000D13
  3
BTPARTID
360
10000D14
  0
DICTIONARY
  5
10000D16
330
10000D15
100
AcDbDictionary
280
     1
  3
BTDETID
360
10000D17
  3
BTPARTID
360
10000D18
  0
DICTIONARY
  5
10000D1A
330
10000D19
100
AcDbDictionary
280
     1
  3
BTDETID
360
10000D1B
  3
BTPARTID
360
10000D1C
  0
DICTIONARY
  5
10000D1E
330
10000D1D
100
AcDbDictionary
280
     1
  3
BTDETID
360
10000D1F
  3
BTPARTID
360
10000D20
  0
DICTIONARY
  5
10000D22
330
10000D21
100
AcDbDictionary
280
     1
  3
BTDETID
360
10000D23
  3
BTPARTID
360
10000D24
  0
DICTIONARY
  5
10000D26
330
10000D25
100
AcDbDictionary
280
     1
  3
BTDETID
360
10000D27
  3
BTPARTID
360
10000D28
  0
DICTIONARY
  5
10000D2A
330
10000D29
100
AcDbDictionary
280
     1
  3
BTDETID
360
10000D2B
  3
BTPARTID
360
10000D2C
  0
DICTIONARY
  5
10000D2E
330
10000D2D
100
AcDbDictionary
280
     1
  3
BTDETID
360
10000D2F
  3
BTPARTID
360
10000D30
  0
DICTIONARY
  5
10000D32
330
10000D31
100
AcDbDictionary
280
     1
  3
BTDETID
360
10000D33
  3
BTPARTID
360
10000D34
  0
DICTIONARY
  5
10000D36
330
10000D35
100
AcDbDictionary
280
     1
  3
BTDETID
360
10000D37
  3
BTPARTID
360
10000D38
  0
DICTIONARY
  5
10000D3A
330
10000D39
100
AcDbDictionary
280
     1
  3
BTDETID
360
10000D3B
  3
BTPARTID
360
10000D3C
  0
DICTIONARY
  5
10000D3E
330
10000D3D
100
AcDbDictionary
280
     1
  3
BTDETID
360
10000D3F
  3
BTPARTID
360
10000D40
  0
DICTIONARY
  5
10000D42
330
10000D41
100
AcDbDictionary
280
     1
  3
BTDETID
360
10000D43
  3
BTPARTID
360
10000D44
  0
DICTIONARY
  5
10000D46
330
10000D45
100
AcDbDictionary
280
     1
  3
BTDETID
360
10000D47
  3
BTPARTID
360
10000D48
  0
DICTIONARY
  5
10000D4A
330
10000D49
100
AcDbDictionary
280
     1
  3
BTDETID
360
10000D4B
  3
BTPARTID
360
10000D4C
  0
DICTIONARY
  5
10000D4E
330
10000D4D
100
AcDbDictionary
280
     1
  3
BTDETID
360
10000D4F
  3
BTPARTID
360
10000D50
  0
DICTIONARY
  5
10000D52
330
10000D51
100
AcDbDictionary
280
     1
  3
BTDETID
360
10000D53
  3
BTPARTID
360
10000D54
  0
DICTIONARY
  5
10000D56
330
10000D55
100
AcDbDictionary
280
     1
  3
BTDETID
360
10000D57
  3
BTPARTID
360
10000D58
  0
DICTIONARY
  5
10000D5A
330
10000D59
100
AcDbDictionary
280
     1
  3
BTDETID
360
10000D5B
  3
BTPARTID
360
10000D5C
  0
DICTIONARY
  5
10000D5E
330
10000D5D
100
AcDbDictionary
280
     1
  3
BTDETID
360
10000D5F
  3
BTPARTID
360
10000D60
  0
DICTIONARY
  5
10000D62
330
10000D61
100
AcDbDictionary
280
     1
  3
BTDETID
360
10000D63
  3
BTPARTID
360
10000D64
  0
DICTIONARY
  5
10000D66
330
10000D65
100
AcDbDictionary
280
     1
  3
BTDETID
360
10000D67
  3
BTPARTID
360
10000D68
  0
DICTIONARY
  5
10000D6A
330
10000D69
100
AcDbDictionary
280
     1
  3
BTDETID
360
10000D6B
  3
BTPARTID
360
10000D6C
  0
DICTIONARY
  5
10000D6E
330
10000D6D
100
AcDbDictionary
280
     1
  3
BTDETID
360
10000D6F
  3
BTPARTID
360
10000D70
  0
DICTIONARY
  5
10000D72
330
10000D71
100
AcDbDictionary
280
     1
  3
BTDETID
360
10000D73
  3
BTPARTID
360
10000D74
  0
DICTIONARY
  5
10000D76
330
10000D75
100
AcDbDictionary
280
     1
  3
BTDETID
360
10000D77
  3
BTPARTID
360
10000D78
  0
DICTIONARY
  5
10000D7A
330
10000D79
100
AcDbDictionary
280
     1
  3
BTDETID
360
10000D7B
  3
BTPARTID
360
10000D7C
  0
DICTIONARY
  5
10000D7E
330
10000D7D
100
AcDbDictionary
280
     1
  3
BTDETID
360
10000D7F
  3
BTPARTID
360
10000D80
  0
DICTIONARY
  5
10000D82
330
10000D81
100
AcDbDictionary
280
     1
  3
BTDETID
360
10000D83
  3
BTPARTID
360
10000D84
  0
DICTIONARY
  5
10000D86
330
10000D85
100
AcDbDictionary
280
     1
  3
BTDETID
360
10000D87
  3
BTPARTID
360
10000D88
  0
DICTIONARY
  5
10000D8A
330
10000D89
100
AcDbDictionary
280
     1
  3
BTDETID
360
10000D8B
  3
BTPARTID
360
10000D8C
  0
DICTIONARY
  5
10000D8E
330
10000D8D
100
AcDbDictionary
280
     1
  3
BTDETID
360
10000D8F
  3
BTPARTID
360
10000D90
  0
DICTIONARY
  5
10000D92
330
10000D91
100
AcDbDictionary
280
     1
  3
BTDETID
360
10000D93
  3
BTPARTID
360
10000D94
  0
DICTIONARY
  5
10000D96
330
10000D95
100
AcDbDictionary
280
     1
  3
BTDETID
360
10000D97
  3
BTPARTID
360
10000D98
  0
DICTIONARY
  5
10000D9A
330
10000D99
100
AcDbDictionary
280
     1
  3
BTDETID
360
10000D9B
  3
BTPARTID
360
10000D9C
  0
DICTIONARY
  5
10000D9E
330
10000D9D
100
AcDbDictionary
280
     1
  3
BTDETID
360
10000D9F
  3
BTPARTID
360
10000DA0
  0
DICTIONARY
  5
10000DA2
330
10000DA1
100
AcDbDictionary
280
     1
  3
BTDETID
360
10000DA3
  3
BTPARTID
360
10000DA4
  0
DICTIONARY
  5
10000DA6
330
10000DA5
100
AcDbDictionary
280
     1
  3
BTDETID
360
10000DA7
  3
BTPARTID
360
10000DA8
  0
DICTIONARY
  5
10000DAA
330
10000DA9
100
AcDbDictionary
280
     1
  3
BTDETID
360
10000DAB
  3
BTPARTID
360
10000DAC
  0
DICTIONARY
  5
10000DAE
330
10000DAD
100
AcDbDictionary
280
     1
  3
BTDETID
360
10000DAF
  3
BTPARTID
360
10000DB0
  0
DICTIONARY
  5
10000DB2
330
10000DB1
100
AcDbDictionary
280
     1
  3
BTDETID
360
10000DB3
  3
BTPARTID
360
10000DB4
  0
DICTIONARY
  5
10000DB6
330
10000DB5
100
AcDbDictionary
280
     1
  3
BTDETID
360
10000DB7
  3
BTPARTID
360
10000DB8
  0
DICTIONARY
  5
10000DBA
330
10000DB9
100
AcDbDictionary
280
     1
  3
BTDETID
360
10000DBB
  3
BTPARTID
360
10000DBC
  0
DICTIONARY
  5
10000DBE
330
10000DBD
100
AcDbDictionary
280
     1
  3
BTDETID
360
10000DBF
  3
BTPARTID
360
10000DC0
  0
DICTIONARY
  5
10000DC2
330
10000DC1
100
AcDbDictionary
280
     1
  3
BTDETID
360
10000DC3
  3
BTPARTID
360
10000DC4
  0
DICTIONARY
  5
10000DC6
330
10000DC5
100
AcDbDictionary
280
     1
  3
BTDETID
360
10000DC7
  3
BTPARTID
360
10000DC8
  0
DICTIONARY
  5
10000DCA
330
10000DC9
100
AcDbDictionary
280
     1
  3
BTDETID
360
10000DCB
  3
BTPARTID
360
10000DCC
  0
DICTIONARY
  5
10000DCE
330
10000DCD
100
AcDbDictionary
280
     1
  3
BTDETID
360
10000DCF
  3
BTPARTID
360
10000DD0
  0
DICTIONARY
  5
10000DD2
330
10000DD1
100
AcDbDictionary
280
     1
  3
BTDETID
360
10000DD3
  3
BTPARTID
360
10000DD4
  0
DICTIONARY
  5
10000DD6
330
10000DD5
100
AcDbDictionary
280
     1
  3
BTDETID
360
10000DD7
  3
BTPARTID
360
10000DD8
  0
DICTIONARY
  5
10000DDA
330
10000DD9
100
AcDbDictionary
280
     1
  3
BTDETID
360
10000DDB
  3
BTPARTID
360
10000DDC
  0
DICTIONARY
  5
10000DDE
330
10000DDD
100
AcDbDictionary
280
     1
  3
BTDETID
360
10000DDF
  3
BTPARTID
360
10000DE0
  0
DICTIONARY
  5
10000DE2
330
10000DE1
100
AcDbDictionary
280
     1
  3
BTDETID
360
10000DE3
  3
BTPARTID
360
10000DE4
  0
DICTIONARY
  5
10000DE6
330
10000DE5
100
AcDbDictionary
280
     1
  3
BTDETID
360
10000DE7
  3
BTPARTID
360
10000DE8
  0
DICTIONARY
  5
10000DEA
330
10000DE9
100
AcDbDictionary
280
     1
  3
BTDETID
360
10000DEB
  3
BTPARTID
360
10000DEC
  0
DICTIONARY
  5
10000DEE
330
10000DED
100
AcDbDictionary
280
     1
  3
BTDETID
360
10000DEF
  3
BTPARTID
360
10000DF0
  0
DICTIONARY
  5
10000DF2
330
10000DF1
100
AcDbDictionary
280
     1
  3
BTDETID
360
10000DF3
  3
BTPARTID
360
10000DF4
  0
DICTIONARY
  5
10000DF6
330
10000DF5
100
AcDbDictionary
280
     1
  3
BTDETID
360
10000DF7
  3
BTPARTID
360
10000DF8
  0
DICTIONARY
  5
10000DFA
330
10000DF9
100
AcDbDictionary
280
     1
  3
BTDETID
360
10000DFB
  3
BTPARTID
360
10000DFC
  0
DICTIONARY
  5
10000DFE
330
10000DFD
100
AcDbDictionary
280
     1
  3
BTDETID
360
10000DFF
  3
BTPARTID
360
10000E00
  0
DICTIONARY
  5
10000E02
330
10000E01
100
AcDbDictionary
280
     1
  3
BTDETID
360
10000E03
  3
BTPARTID
360
10000E04
  0
DICTIONARY
  5
10000E06
330
10000E05
100
AcDbDictionary
280
     1
  3
BTDETID
360
10000E07
  3
BTPARTID
360
10000E08
  0
DICTIONARY
  5
10000E0A
330
10000E09
100
AcDbDictionary
280
     1
  3
BTDETID
360
10000E0B
  3
BTPARTID
360
10000E0C
  0
DICTIONARY
  5
10000E0E
330
10000E0D
100
AcDbDictionary
280
     1
  3
BTDETID
360
10000E0F
  3
BTPARTID
360
10000E10
  0
DICTIONARY
  5
10000E12
330
10000E11
100
AcDbDictionary
280
     1
  3
BTDETID
360
10000E13
  3
BTPARTID
360
10000E14
  0
DICTIONARY
  5
10000E16
330
10000E15
100
AcDbDictionary
280
     1
  3
BTDETID
360
10000E17
  3
BTPARTID
360
10000E18
  0
DICTIONARY
  5
10000E1A
330
10000E19
100
AcDbDictionary
280
     1
  3
BTDETID
360
10000E1B
  3
BTPARTID
360
10000E1C
  0
DICTIONARY
  5
10000E1E
330
10000E1D
100
AcDbDictionary
280
     1
  3
BTDETID
360
10000E1F
  3
BTPARTID
360
10000E20
  0
DICTIONARY
  5
10000E22
330
10000E21
100
AcDbDictionary
280
     1
  3
BTDETID
360
10000E23
  3
BTPARTID
360
10000E24
  0
DICTIONARY
  5
10000E26
330
10000E25
100
AcDbDictionary
280
     1
  3
BTDETID
360
10000E27
  3
BTPARTID
360
10000E28
  0
DICTIONARY
  5
10000E2A
330
10000E29
100
AcDbDictionary
280
     1
  3
BTDETID
360
10000E2B
  3
BTPARTID
360
10000E2C
  0
DICTIONARY
  5
10000E2E
330
10000E2D
100
AcDbDictionary
280
     1
  3
BTDETID
360
10000E2F
  3
BTPARTID
360
10000E30
  0
DICTIONARY
  5
10000E32
330
10000E31
100
AcDbDictionary
280
     1
  3
BTDETID
360
10000E33
  3
BTPARTID
360
10000E34
  0
DICTIONARY
  5
10000E36
330
10000E35
100
AcDbDictionary
280
     1
  3
BTDETID
360
10000E37
  3
BTPARTID
360
10000E38
  0
DICTIONARY
  5
10000E3A
330
10000E39
100
AcDbDictionary
280
     1
  3
BTDETID
360
10000E3B
  3
BTPARTID
360
10000E3C
  0
DICTIONARY
  5
10000E3E
330
10000E3D
100
AcDbDictionary
280
     1
  3
BTDETID
360
10000E3F
  3
BTPARTID
360
10000E40
  0
DICTIONARY
  5
10000E42
330
10000E41
100
AcDbDictionary
280
     1
  3
BTDETID
360
10000E43
  3
BTPARTID
360
10000E44
  0
DICTIONARY
  5
10000E46
330
10000E45
100
AcDbDictionary
280
     1
  3
BTDETID
360
10000E47
  3
BTPARTID
360
10000E48
  0
DICTIONARY
  5
10000E4A
330
10000E49
100
AcDbDictionary
280
     1
  3
BTDETID
360
10000E4B
  3
BTPARTID
360
10000E4C
  0
DICTIONARY
  5
10000E4E
330
10000E4D
100
AcDbDictionary
280
     1
  3
BTDETID
360
10000E4F
  3
BTPARTID
360
10000E50
  0
DICTIONARY
  5
10000E52
330
10000E51
100
AcDbDictionary
280
     1
  3
BTDETID
360
10000E53
  3
BTPARTID
360
10000E54
  0
DICTIONARY
  5
10000E56
330
10000E55
100
AcDbDictionary
280
     1
  3
BTDETID
360
10000E57
  3
BTPARTID
360
10000E58
  0
DICTIONARY
  5
10000E5A
330
10000E59
100
AcDbDictionary
280
     1
  3
BTDETID
360
10000E5B
  3
BTPARTID
360
10000E5C
  0
DICTIONARY
  5
10000E5E
330
10000E5D
100
AcDbDictionary
280
     1
  3
BTDETID
360
10000E5F
  3
BTPARTID
360
10000E60
  0
DICTIONARY
  5
10000E62
330
10000E61
100
AcDbDictionary
280
     1
  3
BTDETID
360
10000E63
  3
BTPARTID
360
10000E64
  0
DICTIONARY
  5
10000E66
330
10000E65
100
AcDbDictionary
280
     1
  3
BTDETID
360
10000E67
  3
BTPARTID
360
10000E68
  0
DICTIONARY
  5
10000E6A
330
10000E69
100
AcDbDictionary
280
     1
  3
BTDETID
360
10000E6B
  3
BTPARTID
360
10000E6C
  0
DICTIONARY
  5
10000E6E
330
10000E6D
100
AcDbDictionary
280
     1
  3
BTDETID
360
10000E6F
  3
BTPARTID
360
10000E70
  0
DICTIONARY
  5
10000E72
330
10000E71
100
AcDbDictionary
280
     1
  3
BTDETID
360
10000E73
  3
BTPARTID
360
10000E74
  0
DICTIONARY
  5
10000E76
330
10000E75
100
AcDbDictionary
280
     1
  3
BTDETID
360
10000E77
  3
BTPARTID
360
10000E78
  0
DICTIONARY
  5
10000E7A
330
10000E79
100
AcDbDictionary
280
     1
  3
BTDETID
360
10000E7B
  3
BTPARTID
360
10000E7C
  0
DICTIONARY
  5
10000E7E
330
10000E7D
100
AcDbDictionary
280
     1
  3
BTDETID
360
10000E7F
  3
BTPARTID
360
10000E80
  0
DICTIONARY
  5
10000E82
330
10000E81
100
AcDbDictionary
280
     1
  3
BTDETID
360
10000E83
  3
BTPARTID
360
10000E84
  0
DICTIONARY
  5
10000E86
330
10000E85
100
AcDbDictionary
280
     1
  3
BTDETID
360
10000E87
  3
BTPARTID
360
10000E88
  0
DICTIONARY
  5
10000E8A
330
10000E89
100
AcDbDictionary
280
     1
  3
BTDETID
360
10000E8B
  3
BTPARTID
360
10000E8C
  0
DICTIONARY
  5
10000E8E
330
10000E8D
100
AcDbDictionary
280
     1
  3
BTDETID
360
10000E8F
  3
BTPARTID
360
10000E90
  0
DICTIONARY
  5
10000E92
330
10000E91
100
AcDbDictionary
280
     1
  3
BTDETID
360
10000E93
  3
BTPARTID
360
10000E94
  0
DICTIONARY
  5
10000E96
330
10000E95
100
AcDbDictionary
280
     1
  3
BTDETID
360
10000E97
  3
BTPARTID
360
10000E98
  0
DICTIONARY
  5
10000E9A
330
10000E99
100
AcDbDictionary
280
     1
  3
BTDETID
360
10000E9B
  3
BTPARTID
360
10000E9C
  0
DICTIONARY
  5
10000E9E
330
10000E9D
100
AcDbDictionary
280
     1
  3
BTDETID
360
10000E9F
  3
BTPARTID
360
10000EA0
  0
DICTIONARY
  5
10000EA2
330
10000EA1
100
AcDbDictionary
280
     1
  3
BTDETID
360
10000EA3
  3
BTPARTID
360
10000EA4
  0
DICTIONARY
  5
10000EA6
330
10000EA5
100
AcDbDictionary
280
     1
  3
BTDETID
360
10000EA7
  3
BTPARTID
360
10000EA8
  0
DICTIONARY
  5
10000EAA
330
10000EA9
100
AcDbDictionary
280
     1
  3
BTDETID
360
10000EAB
  3
BTPARTID
360
10000EAC
  0
DICTIONARY
  5
10000EAE
330
10000EAD
100
AcDbDictionary
280
     1
  3
BTDETID
360
10000EAF
  3
BTPARTID
360
10000EB0
  0
DICTIONARY
  5
10000EB2
330
10000EB1
100
AcDbDictionary
280
     1
  3
BTDETID
360
10000EB3
  3
BTPARTID
360
10000EB4
  0
DICTIONARY
  5
10000EB6
330
10000EB5
100
AcDbDictionary
280
     1
  3
BTDETID
360
10000EB7
  3
BTPARTID
360
10000EB8
  0
DICTIONARY
  5
10000EBA
330
10000EB9
100
AcDbDictionary
280
     1
  3
BTDETID
360
10000EBB
  3
BTPARTID
360
10000EBC
  0
DICTIONARY
  5
10000EBE
330
10000EBD
100
AcDbDictionary
280
     1
  3
BTDETID
360
10000EBF
  3
BTPARTID
360
10000EC0
  0
DICTIONARY
  5
10000EC2
330
10000EC1
100
AcDbDictionary
280
     1
  3
BTDETID
360
10000EC3
  3
BTPARTID
360
10000EC4
  0
DICTIONARY
  5
10000EC6
330
10000EC5
100
AcDbDictionary
280
     1
  3
BTDETID
360
10000EC7
  3
BTPARTID
360
10000EC8
  0
DICTIONARY
  5
10000ECA
330
10000EC9
100
AcDbDictionary
280
     1
  3
BTDETID
360
10000ECB
  3
BTPARTID
360
10000ECC
  0
DICTIONARY
  5
10000ECE
330
10000ECD
100
AcDbDictionary
280
     1
  3
BTDETID
360
10000ECF
  3
BTPARTID
360
10000ED0
  0
DICTIONARY
  5
10000ED2
330
10000ED1
100
AcDbDictionary
280
     1
  3
BTDETID
360
10000ED3
  3
BTPARTID
360
10000ED4
  0
DICTIONARY
  5
10000ED6
330
10000ED5
100
AcDbDictionary
280
     1
  3
BTDETID
360
10000ED7
  3
BTPARTID
360
10000ED8
  0
DICTIONARY
  5
10000EDA
330
10000ED9
100
AcDbDictionary
280
     1
  3
BTDETID
360
10000EDB
  3
BTPARTID
360
10000EDC
  0
DICTIONARY
  5
10000EDE
330
10000EDD
100
AcDbDictionary
280
     1
  3
BTDETID
360
10000EDF
  3
BTPARTID
360
10000EE0
  0
DICTIONARY
  5
10000EE2
330
10000EE1
100
AcDbDictionary
280
     1
  3
BTDETID
360
10000EE3
  3
BTPARTID
360
10000EE4
  0
DICTIONARY
  5
10000EE6
330
10000EE5
100
AcDbDictionary
280
     1
  3
BTDETID
360
10000EE7
  3
BTPARTID
360
10000EE8
  0
DICTIONARY
  5
10000EEA
330
10000EE9
100
AcDbDictionary
280
     1
  3
BTDETID
360
10000EEB
  3
BTPARTID
360
10000EEC
  0
DICTIONARY
  5
10000EEE
330
10000EED
100
AcDbDictionary
280
     1
  3
BTDETID
360
10000EEF
  3
BTPARTID
360
10000EF0
  0
DICTIONARY
  5
10000EF2
330
10000EF1
100
AcDbDictionary
280
     1
  3
BTDETID
360
10000EF3
  3
BTPARTID
360
10000EF4
  0
DICTIONARY
  5
10000EF6
330
10000EF5
100
AcDbDictionary
280
     1
  3
BTDETID
360
10000EF7
  3
BTPARTID
360
10000EF8
  0
DICTIONARY
  5
10000EFA
330
10000EF9
100
AcDbDictionary
280
     1
  3
BTDETID
360
10000EFB
  3
BTPARTID
360
10000EFC
  0
DICTIONARY
  5
10000EFE
330
10000EFD
100
AcDbDictionary
280
     1
  3
BTDETID
360
10000EFF
  3
BTPARTID
360
10000F00
  0
DICTIONARY
  5
10000F02
330
10000F01
100
AcDbDictionary
280
     1
  3
BTDETID
360
10000F03
  3
BTPARTID
360
10000F04
  0
DICTIONARY
  5
10000F06
330
10000F05
100
AcDbDictionary
280
     1
  3
BTDETID
360
10000F07
  3
BTPARTID
360
10000F08
  0
DICTIONARY
  5
10000F0A
330
10000F09
100
AcDbDictionary
280
     1
  3
BTDETID
360
10000F0B
  3
BTPARTID
360
10000F0C
  0
DICTIONARY
  5
10000F0E
330
10000F0D
100
AcDbDictionary
280
     1
  3
BTDETID
360
10000F0F
  3
BTPARTID
360
10000F10
  0
DICTIONARY
  5
10000F12
330
10000F11
100
AcDbDictionary
280
     1
  3
BTDETID
360
10000F13
  3
BTPARTID
360
10000F14
  0
DICTIONARY
  5
10000F16
330
10000F15
100
AcDbDictionary
280
     1
  3
BTDETID
360
10000F17
  3
BTPARTID
360
10000F18
  0
DICTIONARY
  5
10000F1A
330
10000F19
100
AcDbDictionary
280
     1
  3
BTDETID
360
10000F1B
  3
BTPARTID
360
10000F1C
  0
DICTIONARY
  5
10000F1E
330
10000F1D
100
AcDbDictionary
280
     1
  3
BTDETID
360
10000F1F
  3
BTPARTID
360
10000F20
  0
DICTIONARY
  5
10000F22
330
10000F21
100
AcDbDictionary
280
     1
  3
BTDETID
360
10000F23
  3
BTPARTID
360
10000F24
  0
DICTIONARY
  5
10000F26
330
10000F25
100
AcDbDictionary
280
     1
  3
BTDETID
360
10000F27
  3
BTPARTID
360
10000F28
  0
DICTIONARY
  5
10000F2A
330
10000F29
100
AcDbDictionary
280
     1
  3
BTDETID
360
10000F2B
  3
BTPARTID
360
10000F2C
  0
DICTIONARY
  5
10000F2E
330
10000F2D
100
AcDbDictionary
280
     1
  3
BTDETID
360
10000F2F
  3
BTPARTID
360
10000F30
  0
DICTIONARY
  5
10000F32
330
10000F31
100
AcDbDictionary
280
     1
  3
BTDETID
360
10000F33
  3
BTPARTID
360
10000F34
  0
DICTIONARY
  5
10000F36
330
10000F35
100
AcDbDictionary
280
     1
  3
BTDETID
360
10000F37
  3
BTPARTID
360
10000F38
  0
DICTIONARY
  5
10000F3A
330
10000F39
100
AcDbDictionary
280
     1
  3
BTDETID
360
10000F3B
  3
BTPARTID
360
10000F3C
  0
DICTIONARY
  5
10000F3E
330
10000F3D
100
AcDbDictionary
280
     1
  3
BTDETID
360
10000F3F
  3
BTPARTID
360
10000F40
  0
DICTIONARY
  5
10000F42
330
10000F41
100
AcDbDictionary
280
     1
  3
BTDETID
360
10000F43
  3
BTPARTID
360
10000F44
  0
DICTIONARY
  5
10000F46
330
10000F45
100
AcDbDictionary
280
     1
  3
BTDETID
360
10000F47
  3
BTPARTID
360
10000F48
  0
DICTIONARY
  5
10000F4A
330
10000F49
100
AcDbDictionary
280
     1
  3
BTDETID
360
10000F4B
  3
BTPARTID
360
10000F4C
  0
DICTIONARY
  5
10000F4E
330
10000F4D
100
AcDbDictionary
280
     1
  3
BTDETID
360
10000F4F
  3
BTPARTID
360
10000F50
  0
DICTIONARY
  5
10000F52
330
10000F51
100
AcDbDictionary
280
     1
  3
BTDETID
360
10000F53
  3
BTPARTID
360
10000F54
  0
DICTIONARY
  5
10000F56
330
10000F55
100
AcDbDictionary
280
     1
  3
BTDETID
360
10000F57
  3
BTPARTID
360
10000F58
  0
DICTIONARY
  5
10000F5A
330
10000F59
100
AcDbDictionary
280
     1
  3
BTDETID
360
10000F5B
  3
BTPARTID
360
10000F5C
  0
DICTIONARY
  5
10000F5E
330
10000F5D
100
AcDbDictionary
280
     1
  3
BTDETID
360
10000F5F
  3
BTPARTID
360
10000F60
  0
DICTIONARY
  5
10000F62
330
10000F61
100
AcDbDictionary
280
     1
  3
BTDETID
360
10000F63
  3
BTPARTID
360
10000F64
  0
DICTIONARY
  5
10000F66
330
10000F65
100
AcDbDictionary
280
     1
  3
BTDETID
360
10000F67
  3
BTPARTID
360
10000F68
  0
DICTIONARY
  5
10000F6A
330
10000F69
100
AcDbDictionary
280
     1
  3
BTDETID
360
10000F6B
  3
BTPARTID
360
10000F6C
  0
DICTIONARY
  5
10000F6E
330
10000F6D
100
AcDbDictionary
280
     1
  3
BTDETID
360
10000F6F
  3
BTPARTID
360
10000F70
  0
DICTIONARY
  5
10000F72
330
10000F71
100
AcDbDictionary
280
     1
  3
BTDETID
360
10000F73
  3
BTPARTID
360
10000F74
  0
DICTIONARY
  5
10000F76
330
10000F75
100
AcDbDictionary
280
     1
  3
BTDETID
360
10000F77
  3
BTPARTID
360
10000F78
  0
DICTIONARY
  5
10000F7A
330
10000F79
100
AcDbDictionary
280
     1
  3
BTDETID
360
10000F7B
  3
BTPARTID
360
10000F7C
  0
DICTIONARY
  5
10000F7E
330
10000F7D
100
AcDbDictionary
280
     1
  3
BTDETID
360
10000F7F
  3
BTPARTID
360
10000F80
  0
DICTIONARY
  5
10000F82
330
10000F81
100
AcDbDictionary
280
     1
  3
BTDETID
360
10000F83
  3
BTPARTID
360
10000F84
  0
DICTIONARY
  5
10000F86
330
10000F85
100
AcDbDictionary
280
     1
  3
BTDETID
360
10000F87
  3
BTPARTID
360
10000F88
  0
DICTIONARY
  5
10000F8A
330
10000F89
100
AcDbDictionary
280
     1
  3
BTDETID
360
10000F8B
  3
BTPARTID
360
10000F8C
  0
DICTIONARY
  5
10000F8E
330
10000F8D
100
AcDbDictionary
280
     1
  3
BTDETID
360
10000F8F
  3
BTPARTID
360
10000F90
  0
DICTIONARY
  5
10000F92
330
10000F91
100
AcDbDictionary
280
     1
  3
BTDETID
360
10000F93
  3
BTPARTID
360
10000F94
  0
DICTIONARY
  5
10000F96
330
10000F95
100
AcDbDictionary
280
     1
  3
BTDETID
360
10000F97
  3
BTPARTID
360
10000F98
  0
DICTIONARY
  5
10000F9A
330
10000F99
100
AcDbDictionary
280
     1
  3
BTDETID
360
10000F9B
  3
BTPARTID
360
10000F9C
  0
DICTIONARY
  5
10000F9E
330
10000F9D
100
AcDbDictionary
280
     1
  3
BTDETID
360
10000F9F
  3
BTPARTID
360
10000FA0
  0
DICTIONARY
  5
10000FA2
330
10000FA1
100
AcDbDictionary
280
     1
  3
BTDETID
360
10000FA3
  3
BTPARTID
360
10000FA4
  0
DICTIONARY
  5
10000FA6
330
10000FA5
100
AcDbDictionary
280
     1
  3
BTDETID
360
10000FA7
  3
BTPARTID
360
10000FA8
  0
DICTIONARY
  5
10000FAA
330
10000FA9
100
AcDbDictionary
280
     1
  3
BTDETID
360
10000FAB
  3
BTPARTID
360
10000FAC
  0
DICTIONARY
  5
10000FAE
330
10000FAD
100
AcDbDictionary
280
     1
  3
BTDETID
360
10000FAF
  3
BTPARTID
360
10000FB0
  0
DICTIONARY
  5
10000FB2
330
10000FB1
100
AcDbDictionary
280
     1
  3
BTDETID
360
10000FB3
  3
BTPARTID
360
10000FB4
  0
DICTIONARY
  5
10000FB6
330
10000FB5
100
AcDbDictionary
280
     1
  3
BTDETID
360
10000FB7
  3
BTPARTID
360
10000FB8
  0
DICTIONARY
  5
10000FBA
330
10000FB9
100
AcDbDictionary
280
     1
  3
BTDETID
360
10000FBB
  3
BTPARTID
360
10000FBC
  0
DICTIONARY
  5
10000FBE
330
10000FBD
100
AcDbDictionary
280
     1
  3
BTDETID
360
10000FBF
  3
BTPARTID
360
10000FC0
  0
DICTIONARY
  5
10000FC2
330
10000FC1
100
AcDbDictionary
280
     1
  3
BTDETID
360
10000FC3
  3
BTPARTID
360
10000FC4
  0
DICTIONARY
  5
10000FC6
330
10000FC5
100
AcDbDictionary
280
     1
  3
BTDETID
360
10000FC7
  3
BTPARTID
360
10000FC8
  0
DICTIONARY
  5
10000FCA
330
10000FC9
100
AcDbDictionary
280
     1
  3
BTDETID
360
10000FCB
  3
BTPARTID
360
10000FCC
  0
DICTIONARY
  5
10000FCE
330
10000FCD
100
AcDbDictionary
280
     1
  3
BTDETID
360
10000FCF
  3
BTPARTID
360
10000FD0
  0
DICTIONARY
  5
10000FD2
330
10000FD1
100
AcDbDictionary
280
     1
  3
BTDETID
360
10000FD3
  3
BTPARTID
360
10000FD4
  0
DICTIONARY
  5
10000FD6
330
10000FD5
100
AcDbDictionary
280
     1
  3
BTDETID
360
10000FD7
  3
BTPARTID
360
10000FD8
  0
DICTIONARY
  5
10000FDA
330
10000FD9
100
AcDbDictionary
280
     1
  3
BTDETID
360
10000FDB
  3
BTPARTID
360
10000FDC
  0
DICTIONARY
  5
10000FDE
330
10000FDD
100
AcDbDictionary
280
     1
  3
BTDETID
360
10000FDF
  3
BTPARTID
360
10000FE0
  0
DICTIONARY
  5
10000FE2
330
10000FE1
100
AcDbDictionary
280
     1
  3
BTDETID
360
10000FE3
  3
BTPARTID
360
10000FE4
  0
DICTIONARY
  5
10000FE6
330
10000FE5
100
AcDbDictionary
280
     1
  3
BTDETID
360
10000FE7
  3
BTPARTID
360
10000FE8
  0
DICTIONARY
  5
10000FEA
330
10000FE9
100
AcDbDictionary
280
     1
  3
BTDETID
360
10000FEB
  3
BTPARTID
360
10000FEC
  0
DICTIONARY
  5
10000FEE
330
10000FED
100
AcDbDictionary
280
     1
  3
BTDETID
360
10000FEF
  3
BTPARTID
360
10000FF0
  0
DICTIONARY
  5
10000FF2
330
10000FF1
100
AcDbDictionary
280
     1
  3
BTDETID
360
10000FF3
  3
BTPARTID
360
10000FF4
  0
DICTIONARY
  5
10000FF6
330
10000FF5
100
AcDbDictionary
280
     1
  3
BTDETID
360
10000FF7
  3
BTPARTID
360
10000FF8
  0
DICTIONARY
  5
10000FFA
330
10000FF9
100
AcDbDictionary
280
     1
  3
BTDETID
360
10000FFB
  3
BTPARTID
360
10000FFC
  0
DICTIONARY
  5
10000FFE
330
10000FFD
100
AcDbDictionary
280
     1
  3
BTDETID
360
10000FFF
  3
BTPARTID
360
10001000
  0
DICTIONARY
  5
10001002
330
10001001
100
AcDbDictionary
280
     1
  3
BTDETID
360
10001003
  3
BTPARTID
360
10001004
  0
DICTIONARY
  5
10001006
330
10001005
100
AcDbDictionary
280
     1
  3
BTDETID
360
10001007
  3
BTPARTID
360
10001008
  0
DICTIONARY
  5
1000100A
330
10001009
100
AcDbDictionary
280
     1
  3
BTDETID
360
1000100B
  3
BTPARTID
360
1000100C
  0
DICTIONARY
  5
1000100E
330
1000100D
100
AcDbDictionary
280
     1
  3
BTDETID
360
1000100F
  3
BTPARTID
360
10001010
  0
DICTIONARY
  5
10001012
330
10001011
100
AcDbDictionary
280
     1
  3
BTDETID
360
10001013
  3
BTPARTID
360
10001014
  0
DICTIONARY
  5
10001016
330
10001015
100
AcDbDictionary
280
     1
  3
BTDETID
360
10001017
  3
BTPARTID
360
10001018
  0
DICTIONARY
  5
1000101A
330
10001019
100
AcDbDictionary
280
     1
  3
BTDETID
360
1000101B
  3
BTPARTID
360
1000101C
  0
DICTIONARY
  5
1000101E
330
1000101D
100
AcDbDictionary
280
     1
  3
BTDETID
360
1000101F
  3
BTPARTID
360
10001020
  0
DICTIONARY
  5
10001022
330
10001021
100
AcDbDictionary
280
     1
  3
BTDETID
360
10001023
  3
BTPARTID
360
10001024
  0
DICTIONARY
  5
10001026
330
10001025
100
AcDbDictionary
280
     1
  3
BTDETID
360
10001027
  3
BTPARTID
360
10001028
  0
DICTIONARY
  5
1000102A
330
10001029
100
AcDbDictionary
280
     1
  3
BTDETID
360
1000102B
  3
BTPARTID
360
1000102C
  0
DICTIONARY
  5
1000102E
330
1000102D
100
AcDbDictionary
280
     1
  3
BTDETID
360
1000102F
  3
BTPARTID
360
10001030
  0
DICTIONARY
  5
10001032
330
10001031
100
AcDbDictionary
280
     1
  3
BTDETID
360
10001033
  3
BTPARTID
360
10001034
  0
DICTIONARY
  5
10001036
330
10001035
100
AcDbDictionary
280
     1
  3
BTDETID
360
10001037
  3
BTPARTID
360
10001038
  0
DICTIONARY
  5
1000103A
330
10001039
100
AcDbDictionary
280
     1
  3
BTDETID
360
1000103B
  3
BTPARTID
360
1000103C
  0
DICTIONARY
  5
1000103E
330
1000103D
100
AcDbDictionary
280
     1
  3
BTDETID
360
1000103F
  3
BTPARTID
360
10001040
  0
DICTIONARY
  5
10001042
330
10001041
100
AcDbDictionary
280
     1
  3
BTDETID
360
10001043
  3
BTPARTID
360
10001044
  0
DICTIONARY
  5
10001046
330
10001045
100
AcDbDictionary
280
     1
  3
BTDETID
360
10001047
  3
BTPARTID
360
10001048
  0
DICTIONARY
  5
1000104A
330
10001049
100
AcDbDictionary
280
     1
  3
BTDETID
360
1000104B
  3
BTPARTID
360
1000104C
  0
DICTIONARY
  5
1000104E
330
1000104D
100
AcDbDictionary
280
     1
  3
BTDETID
360
1000104F
  3
BTPARTID
360
10001050
  0
DICTIONARY
  5
10001052
330
10001051
100
AcDbDictionary
280
     1
  3
BTDETID
360
10001053
  3
BTPARTID
360
10001054
  0
DICTIONARY
  5
10001056
330
10001055
100
AcDbDictionary
280
     1
  3
BTDETID
360
10001057
  3
BTPARTID
360
10001058
  0
DICTIONARY
  5
1000105A
330
10001059
100
AcDbDictionary
280
     1
  3
BTDETID
360
1000105B
  3
BTPARTID
360
1000105C
  0
DICTIONARY
  5
1000105E
330
1000105D
100
AcDbDictionary
280
     1
  3
BTDETID
360
1000105F
  3
BTPARTID
360
10001060
  0
DICTIONARY
  5
10001062
330
10001061
100
AcDbDictionary
280
     1
  3
BTDETID
360
10001063
  3
BTPARTID
360
10001064
  0
DICTIONARY
  5
10001066
330
10001065
100
AcDbDictionary
280
     1
  3
BTDETID
360
10001067
  3
BTPARTID
360
10001068
  0
DICTIONARY
  5
1000106A
330
10001069
100
AcDbDictionary
280
     1
  3
BTDETID
360
1000106B
  3
BTPARTID
360
1000106C
  0
DICTIONARY
  5
1000106E
330
1000106D
100
AcDbDictionary
280
     1
  3
BTDETID
360
1000106F
  3
BTPARTID
360
10001070
  0
DICTIONARY
  5
10001072
330
10001071
100
AcDbDictionary
280
     1
  3
BTDETID
360
10001073
  3
BTPARTID
360
10001074
  0
DICTIONARY
  5
10001076
330
10001075
100
AcDbDictionary
280
     1
  3
BTDETID
360
10001077
  3
BTPARTID
360
10001078
  0
DICTIONARY
  5
1000107A
330
10001079
100
AcDbDictionary
280
     1
  3
BTDETID
360
1000107B
  3
BTPARTID
360
1000107C
  0
DICTIONARY
  5
1000107E
330
1000107D
100
AcDbDictionary
280
     1
  3
BTDETID
360
1000107F
  3
BTPARTID
360
10001080
  0
DICTIONARY
  5
10001082
330
10001081
100
AcDbDictionary
280
     1
  3
BTDETID
360
10001083
  3
BTPARTID
360
10001084
  0
DICTIONARY
  5
10001086
330
10001085
100
AcDbDictionary
280
     1
  3
BTDETID
360
10001087
  3
BTPARTID
360
10001088
  0
DICTIONARY
  5
1000108A
330
10001089
100
AcDbDictionary
280
     1
  3
BTDETID
360
1000108B
  3
BTPARTID
360
1000108C
  0
DICTIONARY
  5
1000108E
330
1000108D
100
AcDbDictionary
280
     1
  3
BTDETID
360
1000108F
  3
BTPARTID
360
10001090
  0
DICTIONARY
  5
10001092
330
10001091
100
AcDbDictionary
280
     1
  3
BTDETID
360
10001093
  3
BTPARTID
360
10001094
  0
DICTIONARY
  5
10001096
330
10001095
100
AcDbDictionary
280
     1
  3
BTDETID
360
10001097
  3
BTPARTID
360
10001098
  0
DICTIONARY
  5
1000109A
330
10001099
100
AcDbDictionary
280
     1
  3
BTDETID
360
1000109B
  3
BTPARTID
360
1000109C
  0
DICTIONARY
  5
1000109E
330
1000109D
100
AcDbDictionary
280
     1
  3
BTDETID
360
1000109F
  3
BTPARTID
360
100010A0
  0
DICTIONARY
  5
100010A2
330
100010A1
100
AcDbDictionary
280
     1
  3
BTDETID
360
100010A3
  3
BTPARTID
360
100010A4
  0
DICTIONARY
  5
100010A6
330
100010A5
100
AcDbDictionary
280
     1
  3
BTDETID
360
100010A7
  3
BTPARTID
360
100010A8
  0
DICTIONARY
  5
100010AA
330
100010A9
100
AcDbDictionary
280
     1
  3
BTDETID
360
100010AB
  3
BTPARTID
360
100010AC
  0
DICTIONARY
  5
100010AE
330
100010AD
100
AcDbDictionary
280
     1
  3
BTDETID
360
100010AF
  3
BTPARTID
360
100010B0
  0
DICTIONARY
  5
100010B2
330
100010B1
100
AcDbDictionary
280
     1
  3
BTDETID
360
100010B3
  3
BTPARTID
360
100010B4
  0
DICTIONARY
  5
100010B6
330
100010B5
100
AcDbDictionary
280
     1
  3
BTDETID
360
100010B7
  3
BTPARTID
360
100010B8
  0
DICTIONARY
  5
100010BA
330
100010B9
100
AcDbDictionary
280
     1
  3
BTDETID
360
100010BB
  3
BTPARTID
360
100010BC
  0
DICTIONARY
  5
100010BE
330
100010BD
100
AcDbDictionary
280
     1
  3
BTDETID
360
100010BF
  3
BTPARTID
360
100010C0
  0
DICTIONARY
  5
100010C2
330
100010C1
100
AcDbDictionary
280
     1
  3
BTDETID
360
100010C3
  3
BTPARTID
360
100010C4
  0
DICTIONARY
  5
100010C6
330
100010C5
100
AcDbDictionary
280
     1
  3
BTDETID
360
100010C7
  3
BTPARTID
360
100010C8
  0
DICTIONARY
  5
100010CA
330
100010C9
100
AcDbDictionary
280
     1
  3
BTDETID
360
100010CB
  3
BTPARTID
360
100010CC
  0
DICTIONARY
  5
100010CE
330
100010CD
100
AcDbDictionary
280
     1
  3
BTDETID
360
100010CF
  3
BTPARTID
360
100010D0
  0
DICTIONARY
  5
100010D2
330
100010D1
100
AcDbDictionary
280
     1
  3
BTDETID
360
100010D3
  3
BTPARTID
360
100010D4
  0
DICTIONARY
  5
100010D6
330
100010D5
100
AcDbDictionary
280
     1
  3
BTDETID
360
100010D7
  3
BTPARTID
360
100010D8
  0
DICTIONARY
  5
100010DA
330
100010D9
100
AcDbDictionary
280
     1
  3
BTDETID
360
100010DB
  3
BTPARTID
360
100010DC
  0
DICTIONARY
  5
100010DE
330
100010DD
100
AcDbDictionary
280
     1
  3
BTDETID
360
100010DF
  3
BTPARTID
360
100010E0
  0
DICTIONARY
  5
100010E2
330
100010E1
100
AcDbDictionary
280
     1
  3
BTDETID
360
100010E3
  3
BTPARTID
360
100010E4
  0
DICTIONARY
  5
100010E6
330
100010E5
100
AcDbDictionary
280
     1
  3
BTDETID
360
100010E7
  3
BTPARTID
360
100010E8
  0
DICTIONARY
  5
100010EA
330
100010E9
100
AcDbDictionary
280
     1
  3
BTDETID
360
100010EB
  3
BTPARTID
360
100010EC
  0
DICTIONARY
  5
100010EE
330
100010ED
100
AcDbDictionary
280
     1
  3
BTDETID
360
100010EF
  3
BTPARTID
360
100010F0
  0
DICTIONARY
  5
100010F2
330
100010F1
100
AcDbDictionary
280
     1
  3
BTDETID
360
100010F3
  3
BTPARTID
360
100010F4
  0
DICTIONARY
  5
100010F6
330
100010F5
100
AcDbDictionary
280
     1
  3
BTDETID
360
100010F7
  3
BTPARTID
360
100010F8
  0
DICTIONARY
  5
100010FA
330
100010F9
100
AcDbDictionary
280
     1
  3
BTDETID
360
100010FB
  3
BTPARTID
360
100010FC
  0
DICTIONARY
  5
100010FE
330
100010FD
100
AcDbDictionary
280
     1
  3
BTDETID
360
100010FF
  3
BTPARTID
360
10001100
  0
DICTIONARY
  5
10001102
330
10001101
100
AcDbDictionary
280
     1
  3
BTDETID
360
10001103
  3
BTPARTID
360
10001104
  0
DICTIONARY
  5
10001106
330
10001105
100
AcDbDictionary
280
     1
  3
BTDETID
360
10001107
  3
BTPARTID
360
10001108
  0
DICTIONARY
  5
1000110A
330
10001109
100
AcDbDictionary
280
     1
  3
BTDETID
360
1000110B
  3
BTPARTID
360
1000110C
  0
DICTIONARY
  5
1000110E
330
1000110D
100
AcDbDictionary
280
     1
  3
BTDETID
360
1000110F
  3
BTPARTID
360
10001110
  0
DICTIONARY
  5
10001112
330
10001111
100
AcDbDictionary
280
     1
  3
BTDETID
360
10001113
  3
BTPARTID
360
10001114
  0
DICTIONARY
  5
10001116
330
10001115
100
AcDbDictionary
280
     1
  3
BTDETID
360
10001117
  3
BTPARTID
360
10001118
  0
DICTIONARY
  5
1000111A
330
10001119
100
AcDbDictionary
280
     1
  3
BTDETID
360
1000111B
  3
BTPARTID
360
1000111C
  0
DICTIONARY
  5
1000111E
330
1000111D
100
AcDbDictionary
280
     1
  3
BTDETID
360
1000111F
  3
BTPARTID
360
10001120
  0
DICTIONARY
  5
10001122
330
10001121
100
AcDbDictionary
280
     1
  3
BTDETID
360
10001123
  3
BTPARTID
360
10001124
  0
DICTIONARY
  5
10001126
330
10001125
100
AcDbDictionary
280
     1
  3
BTDETID
360
10001127
  3
BTPARTID
360
10001128
  0
DICTIONARY
  5
1000112A
330
10001129
100
AcDbDictionary
280
     1
  3
BTDETID
360
1000112B
  3
BTPARTID
360
1000112C
  0
DICTIONARY
  5
1000112E
330
1000112D
100
AcDbDictionary
280
     1
  3
BTDETID
360
1000112F
  3
BTPARTID
360
10001130
  0
DICTIONARY
  5
10001132
330
10001131
100
AcDbDictionary
280
     1
  3
BTDETID
360
10001133
  3
BTPARTID
360
10001134
  0
DICTIONARY
  5
10001136
330
10001135
100
AcDbDictionary
280
     1
  3
BTDETID
360
10001137
  3
BTPARTID
360
10001138
  0
DICTIONARY
  5
1000113A
330
10001139
100
AcDbDictionary
280
     1
  3
BTDETID
360
1000113B
  3
BTPARTID
360
1000113C
  0
DICTIONARY
  5
1000113E
330
1000113D
100
AcDbDictionary
280
     1
  3
BTDETID
360
1000113F
  3
BTPARTID
360
10001140
  0
DICTIONARY
  5
10001142
330
10001141
100
AcDbDictionary
280
     1
  3
BTDETID
360
10001143
  3
BTPARTID
360
10001144
  0
DICTIONARY
  5
10001146
330
10001145
100
AcDbDictionary
280
     1
  3
BTDETID
360
10001147
  3
BTPARTID
360
10001148
  0
DICTIONARY
  5
1000114A
330
10001149
100
AcDbDictionary
280
     1
  3
BTDETID
360
1000114B
  3
BTPARTID
360
1000114C
  0
DICTIONARY
  5
1000114E
330
1000114D
100
AcDbDictionary
280
     1
  3
BTDETID
360
1000114F
  3
BTPARTID
360
10001150
  0
DICTIONARY
  5
10001152
330
10001151
100
AcDbDictionary
280
     1
  3
BTDETID
360
10001153
  3
BTPARTID
360
10001154
  0
DICTIONARY
  5
10001156
330
10001155
100
AcDbDictionary
280
     1
  3
BTDETID
360
10001157
  3
BTPARTID
360
10001158
  0
DICTIONARY
  5
1000115A
330
10001159
100
AcDbDictionary
280
     1
  3
BTDETID
360
1000115B
  3
BTPARTID
360
1000115C
  0
DICTIONARY
  5
1000115E
330
1000115D
100
AcDbDictionary
280
     1
  3
BTDETID
360
1000115F
  3
BTPARTID
360
10001160
  0
DICTIONARY
  5
10001162
330
10001161
100
AcDbDictionary
280
     1
  3
BTDETID
360
10001163
  3
BTPARTID
360
10001164
  0
DICTIONARY
  5
10001166
330
10001165
100
AcDbDictionary
280
     1
  3
BTDETID
360
10001167
  3
BTPARTID
360
10001168
  0
DICTIONARY
  5
1000116A
330
10001169
100
AcDbDictionary
280
     1
  3
BTDETID
360
1000116B
  3
BTPARTID
360
1000116C
  0
DICTIONARY
  5
1000116E
330
1000116D
100
AcDbDictionary
280
     1
  3
BTDETID
360
1000116F
  3
BTPARTID
360
10001170
  0
DICTIONARY
  5
10001172
330
10001171
100
AcDbDictionary
280
     1
  3
BTDETID
360
10001173
  3
BTPARTID
360
10001174
  0
DICTIONARY
  5
10001176
330
10001175
100
AcDbDictionary
280
     1
  3
BTDETID
360
10001177
  3
BTPARTID
360
10001178
  0
DICTIONARY
  5
1000117A
330
10001179
100
AcDbDictionary
280
     1
  3
BTDETID
360
1000117B
  3
BTPARTID
360
1000117C
  0
DICTIONARY
  5
1000117E
330
1000117D
100
AcDbDictionary
280
     1
  3
BTDETID
360
1000117F
  3
BTPARTID
360
10001180
  0
DICTIONARY
  5
10001182
330
10001181
100
AcDbDictionary
280
     1
  3
BTDETID
360
10001183
  3
BTPARTID
360
10001184
  0
DICTIONARY
  5
10001186
330
10001185
100
AcDbDictionary
280
     1
  3
BTDETID
360
10001187
  3
BTPARTID
360
10001188
  0
DICTIONARY
  5
1000118A
330
10001189
100
AcDbDictionary
280
     1
  3
BTDETID
360
1000118B
  3
BTPARTID
360
1000118C
  0
DICTIONARY
  5
1000118E
330
1000118D
100
AcDbDictionary
280
     1
  3
BTDETID
360
1000118F
  3
BTPARTID
360
10001190
  0
DICTIONARY
  5
10001192
330
10001191
100
AcDbDictionary
280
     1
  3
BTDETID
360
10001193
  3
BTPARTID
360
10001194
  0
DICTIONARY
  5
10001196
330
10001195
100
AcDbDictionary
280
     1
  3
BTDETID
360
10001197
  3
BTPARTID
360
10001198
  0
DICTIONARY
  5
1000119A
330
10001199
100
AcDbDictionary
280
     1
  3
BTDETID
360
1000119B
  3
BTPARTID
360
1000119C
  0
DICTIONARY
  5
1000119E
330
1000119D
100
AcDbDictionary
280
     1
  3
BTDETID
360
1000119F
  3
BTPARTID
360
100011A0
  0
DICTIONARY
  5
100011A2
330
100011A1
100
AcDbDictionary
280
     1
  3
BTDETID
360
100011A3
  3
BTPARTID
360
100011A4
  0
DICTIONARY
  5
100011A6
330
100011A5
100
AcDbDictionary
280
     1
  3
BTDETID
360
100011A7
  3
BTPARTID
360
100011A8
  0
DICTIONARY
  5
100011AA
330
100011A9
100
AcDbDictionary
280
     1
  3
BTDETID
360
100011AB
  3
BTPARTID
360
100011AC
  0
DICTIONARY
  5
100011AE
330
100011AD
100
AcDbDictionary
280
     1
  3
BTDETID
360
100011AF
  3
BTPARTID
360
100011B0
  0
DICTIONARY
  5
100011B2
330
100011B1
100
AcDbDictionary
280
     1
  3
BTDETID
360
100011B3
  3
BTPARTID
360
100011B4
  0
DICTIONARY
  5
100011B6
330
100011B5
100
AcDbDictionary
280
     1
  3
BTDETID
360
100011B7
  3
BTPARTID
360
100011B8
  0
DICTIONARY
  5
100011BA
330
100011B9
100
AcDbDictionary
280
     1
  3
BTDETID
360
100011BB
  3
BTPARTID
360
100011BC
  0
DICTIONARY
  5
100011BE
330
100011BD
100
AcDbDictionary
280
     1
  3
BTDETID
360
100011BF
  3
BTPARTID
360
100011C0
  0
DICTIONARY
  5
100011C2
330
100011C1
100
AcDbDictionary
280
     1
  3
BTDETID
360
100011C3
  3
BTPARTID
360
100011C4
  0
DICTIONARY
  5
100011C6
330
100011C5
100
AcDbDictionary
280
     1
  3
BTDETID
360
100011C7
  3
BTPARTID
360
100011C8
  0
DICTIONARY
  5
100011CA
330
100011C9
100
AcDbDictionary
280
     1
  3
BTDETID
360
100011CB
  3
BTPARTID
360
100011CC
  0
DICTIONARY
  5
100011CE
330
100011CD
100
AcDbDictionary
280
     1
  3
BTDETID
360
100011CF
  3
BTPARTID
360
100011D0
  0
DICTIONARY
  5
100011D2
330
100011D1
100
AcDbDictionary
280
     1
  3
BTDETID
360
100011D3
  3
BTPARTID
360
100011D4
  0
DICTIONARY
  5
100011D6
330
100011D5
100
AcDbDictionary
280
     1
  3
BTDETID
360
100011D7
  3
BTPARTID
360
100011D8
  0
DICTIONARY
  5
100011DA
330
100011D9
100
AcDbDictionary
280
     1
  3
BTDETID
360
100011DB
  3
BTPARTID
360
100011DC
  0
DICTIONARY
  5
100011DE
330
100011DD
100
AcDbDictionary
280
     1
  3
BTDETID
360
100011DF
  3
BTPARTID
360
100011E0
  0
DICTIONARY
  5
100011E2
330
100011E1
100
AcDbDictionary
280
     1
  3
BTDETID
360
100011E3
  3
BTPARTID
360
100011E4
  0
DICTIONARY
  5
100011E6
330
100011E5
100
AcDbDictionary
280
     1
  3
BTDETID
360
100011E7
  3
BTPARTID
360
100011E8
  0
DICTIONARY
  5
100011EA
330
100011E9
100
AcDbDictionary
280
     1
  3
BTDETID
360
100011EB
  3
BTPARTID
360
100011EC
  0
DICTIONARY
  5
100011EE
330
100011ED
100
AcDbDictionary
280
     1
  3
BTDETID
360
100011EF
  3
BTPARTID
360
100011F0
  0
DICTIONARY
  5
100011F2
330
100011F1
100
AcDbDictionary
280
     1
  3
BTDETID
360
100011F3
  3
BTPARTID
360
100011F4
  0
DICTIONARY
  5
100011F6
330
100011F5
100
AcDbDictionary
280
     1
  3
BTDETID
360
100011F7
  3
BTPARTID
360
100011F8
  0
DICTIONARY
  5
100011FA
330
100011F9
100
AcDbDictionary
280
     1
  3
BTDETID
360
100011FB
  3
BTPARTID
360
100011FC
  0
DICTIONARY
  5
100011FE
330
100011FD
100
AcDbDictionary
280
     1
  3
BTDETID
360
100011FF
  3
BTPARTID
360
10001200
  0
DICTIONARY
  5
10001202
330
10001201
100
AcDbDictionary
280
     1
  3
BTDETID
360
10001203
  3
BTPARTID
360
10001204
  0
DICTIONARY
  5
10001206
330
10001205
100
AcDbDictionary
280
     1
  3
BTDETID
360
10001207
  3
BTPARTID
360
10001208
  0
DICTIONARY
  5
1000120A
330
10001209
100
AcDbDictionary
280
     1
  3
BTDETID
360
1000120B
  3
BTPARTID
360
1000120C
  0
DICTIONARY
  5
1000120E
330
1000120D
100
AcDbDictionary
280
     1
  3
BTDETID
360
1000120F
  3
BTPARTID
360
10001210
  0
DICTIONARY
  5
10001212
330
10001211
100
AcDbDictionary
280
     1
  3
BTDETID
360
10001213
  3
BTPARTID
360
10001214
  0
DICTIONARY
  5
10001216
330
10001215
100
AcDbDictionary
280
     1
  3
BTDETID
360
10001217
  3
BTPARTID
360
10001218
  0
DICTIONARY
  5
1000121A
330
10001219
100
AcDbDictionary
280
     1
  3
BTDETID
360
1000121B
  3
BTPARTID
360
1000121C
  0
DICTIONARY
  5
1000121E
330
1000121D
100
AcDbDictionary
280
     1
  3
BTDETID
360
1000121F
  3
BTPARTID
360
10001220
  0
DICTIONARY
  5
10001222
330
10001221
100
AcDbDictionary
280
     1
  3
BTDETID
360
10001223
  3
BTPARTID
360
10001224
  0
DICTIONARY
  5
10001226
330
10001225
100
AcDbDictionary
280
     1
  3
BTDETID
360
10001227
  3
BTPARTID
360
10001228
  0
DICTIONARY
  5
1000122A
330
10001229
100
AcDbDictionary
280
     1
  3
BTDETID
360
1000122B
  3
BTPARTID
360
1000122C
  0
DICTIONARY
  5
1000122E
330
1000122D
100
AcDbDictionary
280
     1
  3
BTDETID
360
1000122F
  3
BTPARTID
360
10001230
  0
DICTIONARY
  5
10001232
330
10001231
100
AcDbDictionary
280
     1
  3
BTDETID
360
10001233
  3
BTPARTID
360
10001234
  0
DICTIONARY
  5
D
102
{ACAD_REACTORS
330
C
102
}
330
C
100
AcDbDictionary
  0
DICTIONARY
  5
1A
102
{ACAD_REACTORS
330
C
102
}
330
C
100
AcDbDictionary
  0
DICTIONARY
  5
43
102
{ACAD_REACTORS
330
C
102
}
330
C
100
AcDbDictionary
  3
BYBLOCK
350
45
  3
BYLAYER
350
44
  3
GLOBAL
350
46
  0
DICTIONARY
  5
5B
102
{ACAD_REACTORS
330
C
102
}
330
C
100
AcDbDictionary
  3
STANDARD
350
5C
  0
DICTIONARY
  5
17
102
{ACAD_REACTORS
330
C
102
}
330
C
100
AcDbDictionary
  3
STANDARD
350
18
  0
DICTIONARY
  5
19
102
{ACAD_REACTORS
330
C
102
}
330
C
100
AcDbDictionary
  0
DICTIONARY
  5
47
102
{ACAD_REACTORS
330
C
102
}
330
C
100
AcDbDictionary
  3
SCALE100_1
350
10000023
  3
SCALE10_1
350
1000001D
  3
SCALE12_1
350
1000001E
  3
SCALE16_1
350
1000001F
  3
SCALE1_1
350
10000006
  3
SCALE1_10
350
1000000D
  3
SCALE1_100
350
10000016
  3
SCALE1_12
350
1000000E
  3
SCALE1_16
350
1000000F
  3
SCALE1_2
350
10000007
  3
SCALE1_20
350
10000010
  3
SCALE1_25
350
10000011
  3
SCALE1_3
350
10000008
  3
SCALE1_32
350
10000012
  3
SCALE1_4
350
10000009
  3
SCALE1_40
350
10000013
  3
SCALE1_5
350
1000000A
  3
SCALE1_50
350
10000014
  3
SCALE1_6
350
1000000B
  3
SCALE1_8
350
1000000C
  3
SCALE1_80
350
10000015
  3
SCALE20_1
350
10000020
  3
SCALE2_1
350
10000017
  3
SCALE32_1
350
10000021
  3
SCALE3_1
350
10000018
  3
SCALE4_1
350
10000019
  3
SCALE50_1
350
10000022
  3
SCALE5_1
350
1000001A
  3
SCALE6_1
350
1000001B
  3
SCALE8_1
350
1000001C
  0
DICTIONARY
  5
2A
102
{ACAD_REACTORS
330
C
102
}
330
C
100
AcDbDictionary
  3
2DWIREFRAME
350
2F
  3
BASIC
350
32
  3
BRIGHTEN
350
36
  3
COLORCHANGE
350
3A
  3
CONCEPTUAL
350
34
  3
DIM
350
35
  3
EDGECOLOROFF
350
3D
  3
FACEPATTERN
350
39
  3
FLAT
350
2B
  3
FLATWITHEDGES
350
2C
  3
GOURAUD
350
2D
  3
GOURAUDWITHEDGES
350
2E
  3
HIDDEN
350
31
  3
JITTEROFF
350
3B
  3
LINEPATTERN
350
38
  3
OVERHANGOFF
350
3C
  3
REALISTIC
350
33
  3
SHADED
350
42
  3
SHADED_WITH_EDGES
350
41
  3
SHADES_OF_GRAY
350
3E
  3
SKETCHY
350
3F
  3
THICKEN
350
37
  3
WIREFRAME
350
30
  3
X-RAY
350
40
  0
DICTIONARY
  5
10001237
102
{ACAD_REACTORS
330
C
102
}
330
C
100
AcDbDictionary
  3
CEPSNID
350
10001241
  3
CEPSNTYPE
350
10001240
  3
DIMSTYLEDATA
350
10001257
  3
FINGERPRINTGUID
350
10001242
  3
HYPERLINKBASE
350
1000123A
  3
INSUNITS
350
1000123F
  3
LAYOUTDICT
350
1000123C
  3
LWETCUNION
350
1000123E
  3
PLOTSETDICT
350
1000123D
  3
PSVPSCALE
350
10001244
  3
PUCSBASE
350
10001247
  3
PUCSORGBACK
350
1000124D
  3
PUCSORGBOTTOM
350
10001249
  3
PUCSORGFRONT
350
1000124C
  3
PUCSORGLEFT
350
1000124A
  3
PUCSORGRIGHT
350
1000124B
  3
PUCSORGTOP
350
10001248
  3
PUCSORTHOREF
350
10001245
  3
PUCSORTHOVIEW
350
10001246
  3
STYLESHEET
350
1000123B
  3
TSTACKALIGN
350
10001238
  3
TSTACKSIZE
350
10001239
  3
UCSBASE
350
10001250
  3
UCSORGBACK
350
10001256
  3
UCSORGBOTTOM
350
10001252
  3
UCSORGFRONT
350
10001255
  3
UCSORGLEFT
350
10001253
  3
UCSORGRIGHT
350
10001254
  3
UCSORGTOP
350
10001251
  3
UCSORTHOREF
350
1000124E
  3
UCSORTHOVIEW
350
1000124F
  3
VERSIONGUID
350
10001243
  0
DICTIONARY
  5
10001258
102
{ACAD_REACTORS
330
C
102
}
330
C
100
AcDbDictionary
  3
CANNOSCALE
350
10001266
  3
CENTEREXE
350
1000125F
  3
CENTERLTYPEFILE
350
10001260
  3
CMLEADERSTYLE
350
1000125A
  3
CTABLESTYLE
350
10001259
  3
DIMASSOC
350
10001261
  3
HIDETEXT
350
10001262
  3
MSLTSCALE
350
10001267
  3
PSOLHEIGHT
350
1000125C
  3
PSOLWIDTH
350
1000125B
  0
XRECORD
  5
10001263
102
{ACAD_REACTORS
330
C
102
}
330
C
100
AcDbXrecord
  1
DWGPROPS COOKIE
  2

  3

  4

  6
File was created by BTDwgCreate
  7

  8
onshape
  9

300
=
301
=
302
=
303
=
304
=
305
=
306
=
307
=
308
=
309
=
 40
0.0
 41
2460977.844353148
 42
2460977.844353449
  1

 90
        0
  0
DICTIONARY
  5
10000001
102
{ACAD_REACTORS
330
C
102
}
330
C
100
AcDbDictionary
280
     1
  3
DIM_UNITS
360
10000003
  3
DWGGEN_VERSION
360
10000002
  3
FIRST_ANGLE
360
10000005
  0
XRECORD
  5
10001265
102
{ACAD_REACTORS
330
10001264
102
}
330
10001264
100
AcDbXrecord
102
VTR_0.000_0.000_1.000_1.000_VISUALSTYLE
340
2F
102
VTR_0.000_0.000_1.000_1.000_GRIDDISPLAY
 70
     3
102
VTR_0.000_0.000_1.000_1.000_GRIDMAJOR
 70
     5
102
VTR_0.000_0.000_1.000_1.000_DEFAULTLIGHTING
280
     1
102
VTR_0.000_0.000_1.000_1.000_DEFAULTLIGHTINGTYPE
 70
     1
102
VTR_0.000_0.000_1.000_1.000_BRIGHTNESS
141
0.0
102
VTR_0.000_0.000_1.000_1.000_CONTRAST
142
0.0
  0
SORTENTSTABLE
  5
10001236
102
{ACAD_REACTORS
330
10001235
102
}
330
10001235
100
AcDbSortentsTable
330
1F
  0
XRECORD
  5
1000005B
102
{ACAD_REACTORS
330
1000005A
102
}
330
1000005A
100
AcDbXrecord
1000
KFRl
  0
XRECORD
  5
1000005C
102
{ACAD_REACTORS
330
1000005A
102
}
330
1000005A
100
AcDbXrecord
1000
KFTl
  0
XRECORD
  5
1000005F
102
{ACAD_REACTORS
330
1000005E
102
}
330
1000005E
100
AcDbXrecord
1000
KFNl
  0
XRECORD
  5
10000060
102
{ACAD_REACTORS
330
1000005E
102
}
330
1000005E
100
AcDbXrecord
1000
KFPl
  0
XRECORD
  5
10000063
102
{ACAD_REACTORS
330
10000062
102
}
330
10000062
100
AcDbXrecord
1000
KFJl
  0
XRECORD
  5
10000064
102
{ACAD_REACTORS
330
10000062
102
}
330
10000062
100
AcDbXrecord
1000
KFLl
  0
XRECORD
  5
10000067
102
{ACAD_REACTORS
330
10000066
102
}
330
10000066
100
AcDbXrecord
1000
KFFl
  0
XRECORD
  5
10000068
102
{ACAD_REACTORS
330
10000066
102
}
330
10000066
100
AcDbXrecord
1000
KFHl
  0
XRECORD
  5
1000006B
102
{ACAD_REACTORS
330
1000006A
102
}
330
1000006A
100
AcDbXrecord
1000
KFBl
  0
XRECORD
  5
1000006C
102
{ACAD_REACTORS
330
1000006A
102
}
330
1000006A
100
AcDbXrecord
1000
KFDl
  0
XRECORD
  5
1000006F
102
{ACAD_REACTORS
330
1000006E
102
}
330
1000006E
100
AcDbXrecord
1000
KF9k
  0
XRECORD
  5
10000070
102
{ACAD_REACTORS
330
1000006E
102
}
330
1000006E
100
AcDbXrecord
1000
KF/k
  0
XRECORD
  5
10000073
102
{ACAD_REACTORS
330
10000072
102
}
330
10000072
100
AcDbXrecord
1000
KF5k
  0
XRECORD
  5
10000074
102
{ACAD_REACTORS
330
10000072
102
}
330
10000072
100
AcDbXrecord
1000
KF7k
  0
XRECORD
  5
10000077
102
{ACAD_REACTORS
330
10000076
102
}
330
10000076
100
AcDbXrecord
1000
KF1k
  0
XRECORD
  5
10000078
102
{ACAD_REACTORS
330
10000076
102
}
330
10000076
100
AcDbXrecord
1000
KF3k
  0
XRECORD
  5
1000007B
102
{ACAD_REACTORS
330
1000007A
102
}
330
1000007A
100
AcDbXrecord
1000
KFxk
  0
XRECORD
  5
1000007C
102
{ACAD_REACTORS
330
1000007A
102
}
330
1000007A
100
AcDbXrecord
1000
KFzk
  0
XRECORD
  5
1000007F
102
{ACAD_REACTORS
330
1000007E
102
}
330
1000007E
100
AcDbXrecord
1000
KFtk
  0
XRECORD
  5
10000080
102
{ACAD_REACTORS
330
1000007E
102
}
330
1000007E
100
AcDbXrecord
1000
KFvk
  0
XRECORD
  5
10000083
102
{ACAD_REACTORS
330
10000082
102
}
330
10000082
100
AcDbXrecord
1000
KFpk
  0
XRECORD
  5
10000084
102
{ACAD_REACTORS
330
10000082
102
}
330
10000082
100
AcDbXrecord
1000
KFrk
  0
XRECORD
  5
10000087
102
{ACAD_REACTORS
330
10000086
102
}
330
10000086
100
AcDbXrecord
1000
KFlk
  0
XRECORD
  5
10000088
102
{ACAD_REACTORS
330
10000086
102
}
330
10000086
100
AcDbXrecord
1000
KFnk
  0
XRECORD
  5
1000008B
102
{ACAD_REACTORS
330
1000008A
102
}
330
1000008A
100
AcDbXrecord
1000
KFhk
  0
XRECORD
  5
1000008C
102
{ACAD_REACTORS
330
1000008A
102
}
330
1000008A
100
AcDbXrecord
1000
KFjk
  0
XRECORD
  5
1000008F
102
{ACAD_REACTORS
330
1000008E
102
}
330
1000008E
100
AcDbXrecord
1000
KFdk
  0
XRECORD
  5
10000090
102
{ACAD_REACTORS
330
1000008E
102
}
330
1000008E
100
AcDbXrecord
1000
KFfk
  0
XRECORD
  5
10000093
102
{ACAD_REACTORS
330
10000092
102
}
330
10000092
100
AcDbXrecord
1000
KFZk
  0
XRECORD
  5
10000094
102
{ACAD_REACTORS
330
10000092
102
}
330
10000092
100
AcDbXrecord
1000
KFbk
  0
XRECORD
  5
10000097
102
{ACAD_REACTORS
330
10000096
102
}
330
10000096
100
AcDbXrecord
1000
KFVk
  0
XRECORD
  5
10000098
102
{ACAD_REACTORS
330
10000096
102
}
330
10000096
100
AcDbXrecord
1000
KFXk
  0
XRECORD
  5
1000009B
102
{ACAD_REACTORS
330
1000009A
102
}
330
1000009A
100
AcDbXrecord
1000
KFRk
  0
XRECORD
  5
1000009C
102
{ACAD_REACTORS
330
1000009A
102
}
330
1000009A
100
AcDbXrecord
1000
KFTk
  0
XRECORD
  5
1000009F
102
{ACAD_REACTORS
330
1000009E
102
}
330
1000009E
100
AcDbXrecord
1000
KFNk
  0
XRECORD
  5
100000A0
102
{ACAD_REACTORS
330
1000009E
102
}
330
1000009E
100
AcDbXrecord
1000
KFPk
  0
XRECORD
  5
100000A3
102
{ACAD_REACTORS
330
100000A2
102
}
330
100000A2
100
AcDbXrecord
1000
KFJk
  0
XRECORD
  5
100000A4
102
{ACAD_REACTORS
330
100000A2
102
}
330
100000A2
100
AcDbXrecord
1000
KFLk
  0
XRECORD
  5
100000A7
102
{ACAD_REACTORS
330
100000A6
102
}
330
100000A6
100
AcDbXrecord
1000
KFFk
  0
XRECORD
  5
100000A8
102
{ACAD_REACTORS
330
100000A6
102
}
330
100000A6
100
AcDbXrecord
1000
KFHk
  0
XRECORD
  5
100000AB
102
{ACAD_REACTORS
330
100000AA
102
}
330
100000AA
100
AcDbXrecord
1000
KFBk
  0
XRECORD
  5
100000AC
102
{ACAD_REACTORS
330
100000AA
102
}
330
100000AA
100
AcDbXrecord
1000
KFDk
  0
XRECORD
  5
100000AF
102
{ACAD_REACTORS
330
100000AE
102
}
330
100000AE
100
AcDbXrecord
1000
KF9j
  0
XRECORD
  5
100000B0
102
{ACAD_REACTORS
330
100000AE
102
}
330
100000AE
100
AcDbXrecord
1000
KF/j
  0
XRECORD
  5
100000B3
102
{ACAD_REACTORS
330
100000B2
102
}
330
100000B2
100
AcDbXrecord
1000
KF5j
  0
XRECORD
  5
100000B4
102
{ACAD_REACTORS
330
100000B2
102
}
330
100000B2
100
AcDbXrecord
1000
KF7j
  0
XRECORD
  5
100000B7
102
{ACAD_REACTORS
330
100000B6
102
}
330
100000B6
100
AcDbXrecord
1000
KF1j
  0
XRECORD
  5
100000B8
102
{ACAD_REACTORS
330
100000B6
102
}
330
100000B6
100
AcDbXrecord
1000
KF3j
  0
XRECORD
  5
100000BB
102
{ACAD_REACTORS
330
100000BA
102
}
330
100000BA
100
AcDbXrecord
1000
KFxj
  0
XRECORD
  5
100000BC
102
{ACAD_REACTORS
330
100000BA
102
}
330
100000BA
100
AcDbXrecord
1000
KFzj
  0
XRECORD
  5
100000BF
102
{ACAD_REACTORS
330
100000BE
102
}
330
100000BE
100
AcDbXrecord
1000
KFtj
  0
XRECORD
  5
100000C0
102
{ACAD_REACTORS
330
100000BE
102
}
330
100000BE
100
AcDbXrecord
1000
KFvj
  0
XRECORD
  5
100000C3
102
{ACAD_REACTORS
330
100000C2
102
}
330
100000C2
100
AcDbXrecord
1000
KFpj
  0
XRECORD
  5
100000C4
102
{ACAD_REACTORS
330
100000C2
102
}
330
100000C2
100
AcDbXrecord
1000
KFrj
  0
XRECORD
  5
100000C7
102
{ACAD_REACTORS
330
100000C6
102
}
330
100000C6
100
AcDbXrecord
1000
KFlj
  0
XRECORD
  5
100000C8
102
{ACAD_REACTORS
330
100000C6
102
}
330
100000C6
100
AcDbXrecord
1000
KFnj
  0
XRECORD
  5
100000CB
102
{ACAD_REACTORS
330
100000CA
102
}
330
100000CA
100
AcDbXrecord
1000
KFhj
  0
XRECORD
  5
100000CC
102
{ACAD_REACTORS
330
100000CA
102
}
330
100000CA
100
AcDbXrecord
1000
KFjj
  0
XRECORD
  5
100000CF
102
{ACAD_REACTORS
330
100000CE
102
}
330
100000CE
100
AcDbXrecord
1000
KFdj
  0
XRECORD
  5
100000D0
102
{ACAD_REACTORS
330
100000CE
102
}
330
100000CE
100
AcDbXrecord
1000
KFfj
  0
XRECORD
  5
100000D3
102
{ACAD_REACTORS
330
100000D2
102
}
330
100000D2
100
AcDbXrecord
1000
KFZj
  0
XRECORD
  5
100000D4
102
{ACAD_REACTORS
330
100000D2
102
}
330
100000D2
100
AcDbXrecord
1000
KFbj
  0
XRECORD
  5
100000D7
102
{ACAD_REACTORS
330
100000D6
102
}
330
100000D6
100
AcDbXrecord
1000
KFVj
  0
XRECORD
  5
100000D8
102
{ACAD_REACTORS
330
100000D6
102
}
330
100000D6
100
AcDbXrecord
1000
KFXj
  0
XRECORD
  5
100000DB
102
{ACAD_REACTORS
330
100000DA
102
}
330
100000DA
100
AcDbXrecord
1000
KFRj
  0
XRECORD
  5
100000DC
102
{ACAD_REACTORS
330
100000DA
102
}
330
100000DA
100
AcDbXrecord
1000
KFTj
  0
XRECORD
  5
100000DF
102
{ACAD_REACTORS
330
100000DE
102
}
330
100000DE
100
AcDbXrecord
1000
KFNj
  0
XRECORD
  5
100000E0
102
{ACAD_REACTORS
330
100000DE
102
}
330
100000DE
100
AcDbXrecord
1000
KFPj
  0
XRECORD
  5
100000E3
102
{ACAD_REACTORS
330
100000E2
102
}
330
100000E2
100
AcDbXrecord
1000
KFJj
  0
XRECORD
  5
100000E4
102
{ACAD_REACTORS
330
100000E2
102
}
330
100000E2
100
AcDbXrecord
1000
KFLj
  0
XRECORD
  5
100000E7
102
{ACAD_REACTORS
330
100000E6
102
}
330
100000E6
100
AcDbXrecord
1000
KFFj
  0
XRECORD
  5
100000E8
102
{ACAD_REACTORS
330
100000E6
102
}
330
100000E6
100
AcDbXrecord
1000
KFHj
  0
XRECORD
  5
100000EB
102
{ACAD_REACTORS
330
100000EA
102
}
330
100000EA
100
AcDbXrecord
1000
KFBj
  0
XRECORD
  5
100000EC
102
{ACAD_REACTORS
330
100000EA
102
}
330
100000EA
100
AcDbXrecord
1000
KFDj
  0
XRECORD
  5
100000EF
102
{ACAD_REACTORS
330
100000EE
102
}
330
100000EE
100
AcDbXrecord
1000
KF9i
  0
XRECORD
  5
100000F0
102
{ACAD_REACTORS
330
100000EE
102
}
330
100000EE
100
AcDbXrecord
1000
KF/i
  0
XRECORD
  5
100000F3
102
{ACAD_REACTORS
330
100000F2
102
}
330
100000F2
100
AcDbXrecord
1000
KF5i
  0
XRECORD
  5
100000F4
102
{ACAD_REACTORS
330
100000F2
102
}
330
100000F2
100
AcDbXrecord
1000
KF7i
  0
XRECORD
  5
100000F7
102
{ACAD_REACTORS
330
100000F6
102
}
330
100000F6
100
AcDbXrecord
1000
KF1i
  0
XRECORD
  5
100000F8
102
{ACAD_REACTORS
330
100000F6
102
}
330
100000F6
100
AcDbXrecord
1000
KF3i
  0
XRECORD
  5
100000FB
102
{ACAD_REACTORS
330
100000FA
102
}
330
100000FA
100
AcDbXrecord
1000
KFxi
  0
XRECORD
  5
100000FC
102
{ACAD_REACTORS
330
100000FA
102
}
330
100000FA
100
AcDbXrecord
1000
KFzi
  0
XRECORD
  5
100000FF
102
{ACAD_REACTORS
330
100000FE
102
}
330
100000FE
100
AcDbXrecord
1000
KFpi
  0
XRECORD
  5
10000100
102
{ACAD_REACTORS
330
100000FE
102
}
330
100000FE
100
AcDbXrecord
1000
KFri
  0
XRECORD
  5
10000103
102
{ACAD_REACTORS
330
10000102
102
}
330
10000102
100
AcDbXrecord
1000
KFli
  0
XRECORD
  5
10000104
102
{ACAD_REACTORS
330
10000102
102
}
330
10000102
100
AcDbXrecord
1000
KFni
  0
XRECORD
  5
10000107
102
{ACAD_REACTORS
330
10000106
102
}
330
10000106
100
AcDbXrecord
1000
KFhi
  0
XRECORD
  5
10000108
102
{ACAD_REACTORS
330
10000106
102
}
330
10000106
100
AcDbXrecord
1000
KFji
  0
XRECORD
  5
1000010B
102
{ACAD_REACTORS
330
1000010A
102
}
330
1000010A
100
AcDbXrecord
1000
KFdi
  0
XRECORD
  5
1000010C
102
{ACAD_REACTORS
330
1000010A
102
}
330
1000010A
100
AcDbXrecord
1000
KFfi
  0
XRECORD
  5
1000010F
102
{ACAD_REACTORS
330
1000010E
102
}
330
1000010E
100
AcDbXrecord
1000
KFZi
  0
XRECORD
  5
10000110
102
{ACAD_REACTORS
330
1000010E
102
}
330
1000010E
100
AcDbXrecord
1000
KFbi
  0
XRECORD
  5
10000113
102
{ACAD_REACTORS
330
10000112
102
}
330
10000112
100
AcDbXrecord
1000
KFVi
  0
XRECORD
  5
10000114
102
{ACAD_REACTORS
330
10000112
102
}
330
10000112
100
AcDbXrecord
1000
KFXi
  0
XRECORD
  5
10000117
102
{ACAD_REACTORS
330
10000116
102
}
330
10000116
100
AcDbXrecord
1000
KFRi
  0
XRECORD
  5
10000118
102
{ACAD_REACTORS
330
10000116
102
}
330
10000116
100
AcDbXrecord
1000
KFTi
  0
XRECORD
  5
1000011B
102
{ACAD_REACTORS
330
1000011A
102
}
330
1000011A
100
AcDbXrecord
1000
KFJi
  0
XRECORD
  5
1000011C
102
{ACAD_REACTORS
330
1000011A
102
}
330
1000011A
100
AcDbXrecord
1000
KFLi
  0
XRECORD
  5
1000011F
102
{ACAD_REACTORS
330
1000011E
102
}
330
1000011E
100
AcDbXrecord
1000
KFFi
  0
XRECORD
  5
10000120
102
{ACAD_REACTORS
330
1000011E
102
}
330
1000011E
100
AcDbXrecord
1000
KFHi
  0
XRECORD
  5
10000123
102
{ACAD_REACTORS
330
10000122
102
}
330
10000122
100
AcDbXrecord
1000
KFBi
  0
XRECORD
  5
10000124
102
{ACAD_REACTORS
330
10000122
102
}
330
10000122
100
AcDbXrecord
1000
KFDi
  0
XRECORD
  5
10000127
102
{ACAD_REACTORS
330
10000126
102
}
330
10000126
100
AcDbXrecord
1000
KF9h
  0
XRECORD
  5
10000128
102
{ACAD_REACTORS
330
10000126
102
}
330
10000126
100
AcDbXrecord
1000
KF/h
  0
XRECORD
  5
1000012B
102
{ACAD_REACTORS
330
1000012A
102
}
330
1000012A
100
AcDbXrecord
1000
KF5h
  0
XRECORD
  5
1000012C
102
{ACAD_REACTORS
330
1000012A
102
}
330
1000012A
100
AcDbXrecord
1000
KF7h
  0
XRECORD
  5
1000012F
102
{ACAD_REACTORS
330
1000012E
102
}
330
1000012E
100
AcDbXrecord
1000
KF1h
  0
XRECORD
  5
10000130
102
{ACAD_REACTORS
330
1000012E
102
}
330
1000012E
100
AcDbXrecord
1000
KF3h
  0
XRECORD
  5
10000133
102
{ACAD_REACTORS
330
10000132
102
}
330
10000132
100
AcDbXrecord
1000
KFxh
  0
XRECORD
  5
10000134
102
{ACAD_REACTORS
330
10000132
102
}
330
10000132
100
AcDbXrecord
1000
KFzh
  0
XRECORD
  5
10000137
102
{ACAD_REACTORS
330
10000136
102
}
330
10000136
100
AcDbXrecord
1000
KFph
  0
XRECORD
  5
10000138
102
{ACAD_REACTORS
330
10000136
102
}
330
10000136
100
AcDbXrecord
1000
KFrh
  0
XRECORD
  5
1000013B
102
{ACAD_REACTORS
330
1000013A
102
}
330
1000013A
100
AcDbXrecord
1000
KFlh
  0
XRECORD
  5
1000013C
102
{ACAD_REACTORS
330
1000013A
102
}
330
1000013A
100
AcDbXrecord
1000
KFnh
  0
XRECORD
  5
1000013F
102
{ACAD_REACTORS
330
1000013E
102
}
330
1000013E
100
AcDbXrecord
1000
KFhh
  0
XRECORD
  5
10000140
102
{ACAD_REACTORS
330
1000013E
102
}
330
1000013E
100
AcDbXrecord
1000
KFjh
  0
XRECORD
  5
10000143
102
{ACAD_REACTORS
330
10000142
102
}
330
10000142
100
AcDbXrecord
1000
KFdh
  0
XRECORD
  5
10000144
102
{ACAD_REACTORS
330
10000142
102
}
330
10000142
100
AcDbXrecord
1000
KFfh
  0
XRECORD
  5
10000147
102
{ACAD_REACTORS
330
10000146
102
}
330
10000146
100
AcDbXrecord
1000
KFZh
  0
XRECORD
  5
10000148
102
{ACAD_REACTORS
330
10000146
102
}
330
10000146
100
AcDbXrecord
1000
KFbh
  0
XRECORD
  5
1000014B
102
{ACAD_REACTORS
330
1000014A
102
}
330
1000014A
100
AcDbXrecord
1000
KFVh
  0
XRECORD
  5
1000014C
102
{ACAD_REACTORS
330
1000014A
102
}
330
1000014A
100
AcDbXrecord
1000
KFXh
  0
XRECORD
  5
1000014F
102
{ACAD_REACTORS
330
1000014E
102
}
330
1000014E
100
AcDbXrecord
1000
KFRh
  0
XRECORD
  5
10000150
102
{ACAD_REACTORS
330
1000014E
102
}
330
1000014E
100
AcDbXrecord
1000
KFTh
  0
XRECORD
  5
10000153
102
{ACAD_REACTORS
330
10000152
102
}
330
10000152
100
AcDbXrecord
1000
KFJh
  0
XRECORD
  5
10000154
102
{ACAD_REACTORS
330
10000152
102
}
330
10000152
100
AcDbXrecord
1000
KFLh
  0
XRECORD
  5
10000157
102
{ACAD_REACTORS
330
10000156
102
}
330
10000156
100
AcDbXrecord
1000
KFFh
  0
XRECORD
  5
10000158
102
{ACAD_REACTORS
330
10000156
102
}
330
10000156
100
AcDbXrecord
1000
KFHh
  0
XRECORD
  5
1000015B
102
{ACAD_REACTORS
330
1000015A
102
}
330
1000015A
100
AcDbXrecord
1000
KFBh
  0
XRECORD
  5
1000015C
102
{ACAD_REACTORS
330
1000015A
102
}
330
1000015A
100
AcDbXrecord
1000
KFDh
  0
XRECORD
  5
1000015F
102
{ACAD_REACTORS
330
1000015E
102
}
330
1000015E
100
AcDbXrecord
1000
KF9g
  0
XRECORD
  5
10000160
102
{ACAD_REACTORS
330
1000015E
102
}
330
1000015E
100
AcDbXrecord
1000
KF/g
  0
XRECORD
  5
10000163
102
{ACAD_REACTORS
330
10000162
102
}
330
10000162
100
AcDbXrecord
1000
KF5g
  0
XRECORD
  5
10000164
102
{ACAD_REACTORS
330
10000162
102
}
330
10000162
100
AcDbXrecord
1000
KF7g
  0
XRECORD
  5
10000167
102
{ACAD_REACTORS
330
10000166
102
}
330
10000166
100
AcDbXrecord
1000
KF1g
  0
XRECORD
  5
10000168
102
{ACAD_REACTORS
330
10000166
102
}
330
10000166
100
AcDbXrecord
1000
KF3g
  0
XRECORD
  5
1000016B
102
{ACAD_REACTORS
330
1000016A
102
}
330
1000016A
100
AcDbXrecord
1000
KFxg
  0
XRECORD
  5
1000016C
102
{ACAD_REACTORS
330
1000016A
102
}
330
1000016A
100
AcDbXrecord
1000
KFzg
  0
XRECORD
  5
1000016F
102
{ACAD_REACTORS
330
1000016E
102
}
330
1000016E
100
AcDbXrecord
1000
KFtg
  0
XRECORD
  5
10000170
102
{ACAD_REACTORS
330
1000016E
102
}
330
1000016E
100
AcDbXrecord
1000
KFvg
  0
XRECORD
  5
10000173
102
{ACAD_REACTORS
330
10000172
102
}
330
10000172
100
AcDbXrecord
1000
KFpg
  0
XRECORD
  5
10000174
102
{ACAD_REACTORS
330
10000172
102
}
330
10000172
100
AcDbXrecord
1000
KFrg
  0
XRECORD
  5
10000177
102
{ACAD_REACTORS
330
10000176
102
}
330
10000176
100
AcDbXrecord
1000
KFlg
  0
XRECORD
  5
10000178
102
{ACAD_REACTORS
330
10000176
102
}
330
10000176
100
AcDbXrecord
1000
KFng
  0
XRECORD
  5
1000017B
102
{ACAD_REACTORS
330
1000017A
102
}
330
1000017A
100
AcDbXrecord
1000
KFhg
  0
XRECORD
  5
1000017C
102
{ACAD_REACTORS
330
1000017A
102
}
330
1000017A
100
AcDbXrecord
1000
KFjg
  0
XRECORD
  5
1000017F
102
{ACAD_REACTORS
330
1000017E
102
}
330
1000017E
100
AcDbXrecord
1000
KFdg
  0
XRECORD
  5
10000180
102
{ACAD_REACTORS
330
1000017E
102
}
330
1000017E
100
AcDbXrecord
1000
KFfg
  0
XRECORD
  5
10000183
102
{ACAD_REACTORS
330
10000182
102
}
330
10000182
100
AcDbXrecord
1000
KFZg
  0
XRECORD
  5
10000184
102
{ACAD_REACTORS
330
10000182
102
}
330
10000182
100
AcDbXrecord
1000
KFbg
  0
XRECORD
  5
10000187
102
{ACAD_REACTORS
330
10000186
102
}
330
10000186
100
AcDbXrecord
1000
KFVg
  0
XRECORD
  5
10000188
102
{ACAD_REACTORS
330
10000186
102
}
330
10000186
100
AcDbXrecord
1000
KFXg
  0
XRECORD
  5
1000018B
102
{ACAD_REACTORS
330
1000018A
102
}
330
1000018A
100
AcDbXrecord
1000
KFRg
  0
XRECORD
  5
1000018C
102
{ACAD_REACTORS
330
1000018A
102
}
330
1000018A
100
AcDbXrecord
1000
KFTg
  0
XRECORD
  5
1000018F
102
{ACAD_REACTORS
330
1000018E
102
}
330
1000018E
100
AcDbXrecord
1000
KFNg
  0
XRECORD
  5
10000190
102
{ACAD_REACTORS
330
1000018E
102
}
330
1000018E
100
AcDbXrecord
1000
KFPg
  0
XRECORD
  5
10000193
102
{ACAD_REACTORS
330
10000192
102
}
330
10000192
100
AcDbXrecord
1000
KFJg
  0
XRECORD
  5
10000194
102
{ACAD_REACTORS
330
10000192
102
}
330
10000192
100
AcDbXrecord
1000
KFLg
  0
XRECORD
  5
10000197
102
{ACAD_REACTORS
330
10000196
102
}
330
10000196
100
AcDbXrecord
1000
KFFg
  0
XRECORD
  5
10000198
102
{ACAD_REACTORS
330
10000196
102
}
330
10000196
100
AcDbXrecord
1000
KFHg
  0
XRECORD
  5
1000019B
102
{ACAD_REACTORS
330
1000019A
102
}
330
1000019A
100
AcDbXrecord
1000
KFBg
  0
XRECORD
  5
1000019C
102
{ACAD_REACTORS
330
1000019A
102
}
330
1000019A
100
AcDbXrecord
1000
KFDg
  0
XRECORD
  5
1000019F
102
{ACAD_REACTORS
330
1000019E
102
}
330
1000019E
100
AcDbXrecord
1000
KF9f
  0
XRECORD
  5
100001A0
102
{ACAD_REACTORS
330
1000019E
102
}
330
1000019E
100
AcDbXrecord
1000
KF/f
  0
XRECORD
  5
100001A3
102
{ACAD_REACTORS
330
100001A2
102
}
330
100001A2
100
AcDbXrecord
1000
KF5f
  0
XRECORD
  5
100001A4
102
{ACAD_REACTORS
330
100001A2
102
}
330
100001A2
100
AcDbXrecord
1000
KF7f
  0
XRECORD
  5
100001A7
102
{ACAD_REACTORS
330
100001A6
102
}
330
100001A6
100
AcDbXrecord
1000
KF1f
  0
XRECORD
  5
100001A8
102
{ACAD_REACTORS
330
100001A6
102
}
330
100001A6
100
AcDbXrecord
1000
KF3f
  0
XRECORD
  5
100001AB
102
{ACAD_REACTORS
330
100001AA
102
}
330
100001AA
100
AcDbXrecord
1000
KFxf
  0
XRECORD
  5
100001AC
102
{ACAD_REACTORS
330
100001AA
102
}
330
100001AA
100
AcDbXrecord
1000
KFzf
  0
XRECORD
  5
100001AF
102
{ACAD_REACTORS
330
100001AE
102
}
330
100001AE
100
AcDbXrecord
1000
KFtf
  0
XRECORD
  5
100001B0
102
{ACAD_REACTORS
330
100001AE
102
}
330
100001AE
100
AcDbXrecord
1000
KFvf
  0
XRECORD
  5
100001B3
102
{ACAD_REACTORS
330
100001B2
102
}
330
100001B2
100
AcDbXrecord
1000
KFpf
  0
XRECORD
  5
100001B4
102
{ACAD_REACTORS
330
100001B2
102
}
330
100001B2
100
AcDbXrecord
1000
KFrf
  0
XRECORD
  5
100001B7
102
{ACAD_REACTORS
330
100001B6
102
}
330
100001B6
100
AcDbXrecord
1000
KFlf
  0
XRECORD
  5
100001B8
102
{ACAD_REACTORS
330
100001B6
102
}
330
100001B6
100
AcDbXrecord
1000
KFnf
  0
XRECORD
  5
100001BB
102
{ACAD_REACTORS
330
100001BA
102
}
330
100001BA
100
AcDbXrecord
1000
KFhf
  0
XRECORD
  5
100001BC
102
{ACAD_REACTORS
330
100001BA
102
}
330
100001BA
100
AcDbXrecord
1000
KFjf
  0
XRECORD
  5
100001BF
102
{ACAD_REACTORS
330
100001BE
102
}
330
100001BE
100
AcDbXrecord
1000
KFdf
  0
XRECORD
  5
100001C0
102
{ACAD_REACTORS
330
100001BE
102
}
330
100001BE
100
AcDbXrecord
1000
KFff
  0
XRECORD
  5
100001C3
102
{ACAD_REACTORS
330
100001C2
102
}
330
100001C2
100
AcDbXrecord
1000
KFZf
  0
XRECORD
  5
100001C4
102
{ACAD_REACTORS
330
100001C2
102
}
330
100001C2
100
AcDbXrecord
1000
KFbf
  0
XRECORD
  5
100001C7
102
{ACAD_REACTORS
330
100001C6
102
}
330
100001C6
100
AcDbXrecord
1000
KFVf
  0
XRECORD
  5
100001C8
102
{ACAD_REACTORS
330
100001C6
102
}
330
100001C6
100
AcDbXrecord
1000
KFXf
  0
XRECORD
  5
100001CB
102
{ACAD_REACTORS
330
100001CA
102
}
330
100001CA
100
AcDbXrecord
1000
KFRf
  0
XRECORD
  5
100001CC
102
{ACAD_REACTORS
330
100001CA
102
}
330
100001CA
100
AcDbXrecord
1000
KFTf
  0
XRECORD
  5
100001CF
102
{ACAD_REACTORS
330
100001CE
102
}
330
100001CE
100
AcDbXrecord
1000
KFNf
  0
XRECORD
  5
100001D0
102
{ACAD_REACTORS
330
100001CE
102
}
330
100001CE
100
AcDbXrecord
1000
KFPf
  0
XRECORD
  5
100001D3
102
{ACAD_REACTORS
330
100001D2
102
}
330
100001D2
100
AcDbXrecord
1000
KFJf
  0
XRECORD
  5
100001D4
102
{ACAD_REACTORS
330
100001D2
102
}
330
100001D2
100
AcDbXrecord
1000
KFLf
  0
XRECORD
  5
100001D7
102
{ACAD_REACTORS
330
100001D6
102
}
330
100001D6
100
AcDbXrecord
1000
KFFf
  0
XRECORD
  5
100001D8
102
{ACAD_REACTORS
330
100001D6
102
}
330
100001D6
100
AcDbXrecord
1000
KFHf
  0
XRECORD
  5
100001DB
102
{ACAD_REACTORS
330
100001DA
102
}
330
100001DA
100
AcDbXrecord
1000
KFBf
  0
XRECORD
  5
100001DC
102
{ACAD_REACTORS
330
100001DA
102
}
330
100001DA
100
AcDbXrecord
1000
KFDf
  0
XRECORD
  5
100001DF
102
{ACAD_REACTORS
330
100001DE
102
}
330
100001DE
100
AcDbXrecord
1000
KF9e
  0
XRECORD
  5
100001E0
102
{ACAD_REACTORS
330
100001DE
102
}
330
100001DE
100
AcDbXrecord
1000
KF/e
  0
XRECORD
  5
100001E3
102
{ACAD_REACTORS
330
100001E2
102
}
330
100001E2
100
AcDbXrecord
1000
KF5e
  0
XRECORD
  5
100001E4
102
{ACAD_REACTORS
330
100001E2
102
}
330
100001E2
100
AcDbXrecord
1000
KF7e
  0
XRECORD
  5
100001E7
102
{ACAD_REACTORS
330
100001E6
102
}
330
100001E6
100
AcDbXrecord
1000
KF1e
  0
XRECORD
  5
100001E8
102
{ACAD_REACTORS
330
100001E6
102
}
330
100001E6
100
AcDbXrecord
1000
KF3e
  0
XRECORD
  5
100001EB
102
{ACAD_REACTORS
330
100001EA
102
}
330
100001EA
100
AcDbXrecord
1000
KFxe
  0
XRECORD
  5
100001EC
102
{ACAD_REACTORS
330
100001EA
102
}
330
100001EA
100
AcDbXrecord
1000
KFze
  0
XRECORD
  5
100001EF
102
{ACAD_REACTORS
330
100001EE
102
}
330
100001EE
100
AcDbXrecord
1000
KFte
  0
XRECORD
  5
100001F0
102
{ACAD_REACTORS
330
100001EE
102
}
330
100001EE
100
AcDbXrecord
1000
KFve
  0
XRECORD
  5
100001F3
102
{ACAD_REACTORS
330
100001F2
102
}
330
100001F2
100
AcDbXrecord
1000
KFpe
  0
XRECORD
  5
100001F4
102
{ACAD_REACTORS
330
100001F2
102
}
330
100001F2
100
AcDbXrecord
1000
KFre
  0
XRECORD
  5
100001F7
102
{ACAD_REACTORS
330
100001F6
102
}
330
100001F6
100
AcDbXrecord
1000
KFle
  0
XRECORD
  5
100001F8
102
{ACAD_REACTORS
330
100001F6
102
}
330
100001F6
100
AcDbXrecord
1000
KFne
  0
XRECORD
  5
100001FB
102
{ACAD_REACTORS
330
100001FA
102
}
330
100001FA
100
AcDbXrecord
1000
KFhe
  0
XRECORD
  5
100001FC
102
{ACAD_REACTORS
330
100001FA
102
}
330
100001FA
100
AcDbXrecord
1000
KFje
  0
XRECORD
  5
100001FF
102
{ACAD_REACTORS
330
100001FE
102
}
330
100001FE
100
AcDbXrecord
1000
KFde
  0
XRECORD
  5
10000200
102
{ACAD_REACTORS
330
100001FE
102
}
330
100001FE
100
AcDbXrecord
1000
KFfe
  0
XRECORD
  5
10000203
102
{ACAD_REACTORS
330
10000202
102
}
330
10000202
100
AcDbXrecord
1000
KFZe
  0
XRECORD
  5
10000204
102
{ACAD_REACTORS
330
10000202
102
}
330
10000202
100
AcDbXrecord
1000
KFbe
  0
XRECORD
  5
10000207
102
{ACAD_REACTORS
330
10000206
102
}
330
10000206
100
AcDbXrecord
1000
KFVe
  0
XRECORD
  5
10000208
102
{ACAD_REACTORS
330
10000206
102
}
330
10000206
100
AcDbXrecord
1000
KFXe
  0
XRECORD
  5
1000020B
102
{ACAD_REACTORS
330
1000020A
102
}
330
1000020A
100
AcDbXrecord
1000
KFRe
  0
XRECORD
  5
1000020C
102
{ACAD_REACTORS
330
1000020A
102
}
330
1000020A
100
AcDbXrecord
1000
KFTe
  0
XRECORD
  5
1000020F
102
{ACAD_REACTORS
330
1000020E
102
}
330
1000020E
100
AcDbXrecord
1000
KFNe
  0
XRECORD
  5
10000210
102
{ACAD_REACTORS
330
1000020E
102
}
330
1000020E
100
AcDbXrecord
1000
KFPe
  0
XRECORD
  5
10000213
102
{ACAD_REACTORS
330
10000212
102
}
330
10000212
100
AcDbXrecord
1000
KFJe
  0
XRECORD
  5
10000214
102
{ACAD_REACTORS
330
10000212
102
}
330
10000212
100
AcDbXrecord
1000
KFLe
  0
XRECORD
  5
10000217
102
{ACAD_REACTORS
330
10000216
102
}
330
10000216
100
AcDbXrecord
1000
KFFe
  0
XRECORD
  5
10000218
102
{ACAD_REACTORS
330
10000216
102
}
330
10000216
100
AcDbXrecord
1000
KFHe
  0
XRECORD
  5
1000021B
102
{ACAD_REACTORS
330
1000021A
102
}
330
1000021A
100
AcDbXrecord
1000
KFBe
  0
XRECORD
  5
1000021C
102
{ACAD_REACTORS
330
1000021A
102
}
330
1000021A
100
AcDbXrecord
1000
KFDe
  0
XRECORD
  5
1000021F
102
{ACAD_REACTORS
330
1000021E
102
}
330
1000021E
100
AcDbXrecord
1000
KF9d
  0
XRECORD
  5
10000220
102
{ACAD_REACTORS
330
1000021E
102
}
330
1000021E
100
AcDbXrecord
1000
KF/d
  0
XRECORD
  5
10000223
102
{ACAD_REACTORS
330
10000222
102
}
330
10000222
100
AcDbXrecord
1000
KF5d
  0
XRECORD
  5
10000224
102
{ACAD_REACTORS
330
10000222
102
}
330
10000222
100
AcDbXrecord
1000
KF7d
  0
XRECORD
  5
10000227
102
{ACAD_REACTORS
330
10000226
102
}
330
10000226
100
AcDbXrecord
1000
KF1d
  0
XRECORD
  5
10000228
102
{ACAD_REACTORS
330
10000226
102
}
330
10000226
100
AcDbXrecord
1000
KF3d
  0
XRECORD
  5
1000022B
102
{ACAD_REACTORS
330
1000022A
102
}
330
1000022A
100
AcDbXrecord
1000
KFxd
  0
XRECORD
  5
1000022C
102
{ACAD_REACTORS
330
1000022A
102
}
330
1000022A
100
AcDbXrecord
1000
KFzd
  0
XRECORD
  5
1000022F
102
{ACAD_REACTORS
330
1000022E
102
}
330
1000022E
100
AcDbXrecord
1000
KFtd
  0
XRECORD
  5
10000230
102
{ACAD_REACTORS
330
1000022E
102
}
330
1000022E
100
AcDbXrecord
1000
KFvd
  0
XRECORD
  5
10000233
102
{ACAD_REACTORS
330
10000232
102
}
330
10000232
100
AcDbXrecord
1000
KFpd
  0
XRECORD
  5
10000234
102
{ACAD_REACTORS
330
10000232
102
}
330
10000232
100
AcDbXrecord
1000
KFrd
  0
XRECORD
  5
10000237
102
{ACAD_REACTORS
330
10000236
102
}
330
10000236
100
AcDbXrecord
1000
KFld
  0
XRECORD
  5
10000238
102
{ACAD_REACTORS
330
10000236
102
}
330
10000236
100
AcDbXrecord
1000
KFnd
  0
XRECORD
  5
1000023B
102
{ACAD_REACTORS
330
1000023A
102
}
330
1000023A
100
AcDbXrecord
1000
KFhd
  0
XRECORD
  5
1000023C
102
{ACAD_REACTORS
330
1000023A
102
}
330
1000023A
100
AcDbXrecord
1000
KFjd
  0
XRECORD
  5
1000023F
102
{ACAD_REACTORS
330
1000023E
102
}
330
1000023E
100
AcDbXrecord
1000
KFdd
  0
XRECORD
  5
10000240
102
{ACAD_REACTORS
330
1000023E
102
}
330
1000023E
100
AcDbXrecord
1000
KFfd
  0
XRECORD
  5
10000243
102
{ACAD_REACTORS
330
10000242
102
}
330
10000242
100
AcDbXrecord
1000
KFZd
  0
XRECORD
  5
10000244
102
{ACAD_REACTORS
330
10000242
102
}
330
10000242
100
AcDbXrecord
1000
KFbd
  0
XRECORD
  5
10000247
102
{ACAD_REACTORS
330
10000246
102
}
330
10000246
100
AcDbXrecord
1000
KFVd
  0
XRECORD
  5
10000248
102
{ACAD_REACTORS
330
10000246
102
}
330
10000246
100
AcDbXrecord
1000
KFXd
  0
XRECORD
  5
1000024B
102
{ACAD_REACTORS
330
1000024A
102
}
330
1000024A
100
AcDbXrecord
1000
KFRd
  0
XRECORD
  5
1000024C
102
{ACAD_REACTORS
330
1000024A
102
}
330
1000024A
100
AcDbXrecord
1000
KFTd
  0
XRECORD
  5
1000024F
102
{ACAD_REACTORS
330
1000024E
102
}
330
1000024E
100
AcDbXrecord
1000
KFNd
  0
XRECORD
  5
10000250
102
{ACAD_REACTORS
330
1000024E
102
}
330
1000024E
100
AcDbXrecord
1000
KFPd
  0
XRECORD
  5
10000253
102
{ACAD_REACTORS
330
10000252
102
}
330
10000252
100
AcDbXrecord
1000
KFJd
  0
XRECORD
  5
10000254
102
{ACAD_REACTORS
330
10000252
102
}
330
10000252
100
AcDbXrecord
1000
KFLd
  0
XRECORD
  5
10000257
102
{ACAD_REACTORS
330
10000256
102
}
330
10000256
100
AcDbXrecord
1000
KFFd
  0
XRECORD
  5
10000258
102
{ACAD_REACTORS
330
10000256
102
}
330
10000256
100
AcDbXrecord
1000
KFHd
  0
XRECORD
  5
1000025B
102
{ACAD_REACTORS
330
1000025A
102
}
330
1000025A
100
AcDbXrecord
1000
KFBd
  0
XRECORD
  5
1000025C
102
{ACAD_REACTORS
330
1000025A
102
}
330
1000025A
100
AcDbXrecord
1000
KFDd
  0
XRECORD
  5
1000025F
102
{ACAD_REACTORS
330
1000025E
102
}
330
1000025E
100
AcDbXrecord
1000
KF9c
  0
XRECORD
  5
10000260
102
{ACAD_REACTORS
330
1000025E
102
}
330
1000025E
100
AcDbXrecord
1000
KF/c
  0
XRECORD
  5
10000263
102
{ACAD_REACTORS
330
10000262
102
}
330
10000262
100
AcDbXrecord
1000
KF5c
  0
XRECORD
  5
10000264
102
{ACAD_REACTORS
330
10000262
102
}
330
10000262
100
AcDbXrecord
1000
KF7c
  0
XRECORD
  5
10000267
102
{ACAD_REACTORS
330
10000266
102
}
330
10000266
100
AcDbXrecord
1000
KF1c
  0
XRECORD
  5
10000268
102
{ACAD_REACTORS
330
10000266
102
}
330
10000266
100
AcDbXrecord
1000
KF3c
  0
XRECORD
  5
1000026B
102
{ACAD_REACTORS
330
1000026A
102
}
330
1000026A
100
AcDbXrecord
1000
KFxc
  0
XRECORD
  5
1000026C
102
{ACAD_REACTORS
330
1000026A
102
}
330
1000026A
100
AcDbXrecord
1000
KFzc
  0
XRECORD
  5
1000026F
102
{ACAD_REACTORS
330
1000026E
102
}
330
1000026E
100
AcDbXrecord
1000
KFtc
  0
XRECORD
  5
10000270
102
{ACAD_REACTORS
330
1000026E
102
}
330
1000026E
100
AcDbXrecord
1000
KFvc
  0
XRECORD
  5
10000273
102
{ACAD_REACTORS
330
10000272
102
}
330
10000272
100
AcDbXrecord
1000
KFpc
  0
XRECORD
  5
10000274
102
{ACAD_REACTORS
330
10000272
102
}
330
10000272
100
AcDbXrecord
1000
KFrc
  0
XRECORD
  5
10000277
102
{ACAD_REACTORS
330
10000276
102
}
330
10000276
100
AcDbXrecord
1000
KFlc
  0
XRECORD
  5
10000278
102
{ACAD_REACTORS
330
10000276
102
}
330
10000276
100
AcDbXrecord
1000
KFnc
  0
XRECORD
  5
1000027B
102
{ACAD_REACTORS
330
1000027A
102
}
330
1000027A
100
AcDbXrecord
1000
KFhc
  0
XRECORD
  5
1000027C
102
{ACAD_REACTORS
330
1000027A
102
}
330
1000027A
100
AcDbXrecord
1000
KFjc
  0
XRECORD
  5
1000027F
102
{ACAD_REACTORS
330
1000027E
102
}
330
1000027E
100
AcDbXrecord
1000
KFdc
  0
XRECORD
  5
10000280
102
{ACAD_REACTORS
330
1000027E
102
}
330
1000027E
100
AcDbXrecord
1000
KFfc
  0
XRECORD
  5
10000283
102
{ACAD_REACTORS
330
10000282
102
}
330
10000282
100
AcDbXrecord
1000
KFZc
  0
XRECORD
  5
10000284
102
{ACAD_REACTORS
330
10000282
102
}
330
10000282
100
AcDbXrecord
1000
KFbc
  0
XRECORD
  5
10000287
102
{ACAD_REACTORS
330
10000286
102
}
330
10000286
100
AcDbXrecord
1000
KFVc
  0
XRECORD
  5
10000288
102
{ACAD_REACTORS
330
10000286
102
}
330
10000286
100
AcDbXrecord
1000
KFXc
  0
XRECORD
  5
1000028B
102
{ACAD_REACTORS
330
1000028A
102
}
330
1000028A
100
AcDbXrecord
1000
KFRc
  0
XRECORD
  5
1000028C
102
{ACAD_REACTORS
330
1000028A
102
}
330
1000028A
100
AcDbXrecord
1000
KFTc
  0
XRECORD
  5
1000028F
102
{ACAD_REACTORS
330
1000028E
102
}
330
1000028E
100
AcDbXrecord
1000
KFNc
  0
XRECORD
  5
10000290
102
{ACAD_REACTORS
330
1000028E
102
}
330
1000028E
100
AcDbXrecord
1000
KFPc
  0
XRECORD
  5
10000293
102
{ACAD_REACTORS
330
10000292
102
}
330
10000292
100
AcDbXrecord
1000
KFJc
  0
XRECORD
  5
10000294
102
{ACAD_REACTORS
330
10000292
102
}
330
10000292
100
AcDbXrecord
1000
KFLc
  0
XRECORD
  5
10000297
102
{ACAD_REACTORS
330
10000296
102
}
330
10000296
100
AcDbXrecord
1000
KFFc
  0
XRECORD
  5
10000298
102
{ACAD_REACTORS
330
10000296
102
}
330
10000296
100
AcDbXrecord
1000
KFHc
  0
XRECORD
  5
1000029B
102
{ACAD_REACTORS
330
1000029A
102
}
330
1000029A
100
AcDbXrecord
1000
KFBc
  0
XRECORD
  5
1000029C
102
{ACAD_REACTORS
330
1000029A
102
}
330
1000029A
100
AcDbXrecord
1000
KFDc
  0
XRECORD
  5
1000029F
102
{ACAD_REACTORS
330
1000029E
102
}
330
1000029E
100
AcDbXrecord
1000
KF9b
  0
XRECORD
  5
100002A0
102
{ACAD_REACTORS
330
1000029E
102
}
330
1000029E
100
AcDbXrecord
1000
KF/b
  0
XRECORD
  5
100002A3
102
{ACAD_REACTORS
330
100002A2
102
}
330
100002A2
100
AcDbXrecord
1000
KF5b
  0
XRECORD
  5
100002A4
102
{ACAD_REACTORS
330
100002A2
102
}
330
100002A2
100
AcDbXrecord
1000
KF7b
  0
XRECORD
  5
100002A7
102
{ACAD_REACTORS
330
100002A6
102
}
330
100002A6
100
AcDbXrecord
1000
KF1b
  0
XRECORD
  5
100002A8
102
{ACAD_REACTORS
330
100002A6
102
}
330
100002A6
100
AcDbXrecord
1000
KF3b
  0
XRECORD
  5
100002AB
102
{ACAD_REACTORS
330
100002AA
102
}
330
100002AA
100
AcDbXrecord
1000
KFxb
  0
XRECORD
  5
100002AC
102
{ACAD_REACTORS
330
100002AA
102
}
330
100002AA
100
AcDbXrecord
1000
KFzb
  0
XRECORD
  5
100002AF
102
{ACAD_REACTORS
330
100002AE
102
}
330
100002AE
100
AcDbXrecord
1000
KFtb
  0
XRECORD
  5
100002B0
102
{ACAD_REACTORS
330
100002AE
102
}
330
100002AE
100
AcDbXrecord
1000
KFvb
  0
XRECORD
  5
100002B3
102
{ACAD_REACTORS
330
100002B2
102
}
330
100002B2
100
AcDbXrecord
1000
KFpb
  0
XRECORD
  5
100002B4
102
{ACAD_REACTORS
330
100002B2
102
}
330
100002B2
100
AcDbXrecord
1000
KFrb
  0
XRECORD
  5
100002B7
102
{ACAD_REACTORS
330
100002B6
102
}
330
100002B6
100
AcDbXrecord
1000
KFlb
  0
XRECORD
  5
100002B8
102
{ACAD_REACTORS
330
100002B6
102
}
330
100002B6
100
AcDbXrecord
1000
KFnb
  0
XRECORD
  5
100002BB
102
{ACAD_REACTORS
330
100002BA
102
}
330
100002BA
100
AcDbXrecord
1000
KFhb
  0
XRECORD
  5
100002BC
102
{ACAD_REACTORS
330
100002BA
102
}
330
100002BA
100
AcDbXrecord
1000
KFjb
  0
XRECORD
  5
100002BF
102
{ACAD_REACTORS
330
100002BE
102
}
330
100002BE
100
AcDbXrecord
1000
KFdb
  0
XRECORD
  5
100002C0
102
{ACAD_REACTORS
330
100002BE
102
}
330
100002BE
100
AcDbXrecord
1000
KFfb
  0
XRECORD
  5
100002C3
102
{ACAD_REACTORS
330
100002C2
102
}
330
100002C2
100
AcDbXrecord
1000
KFZb
  0
XRECORD
  5
100002C4
102
{ACAD_REACTORS
330
100002C2
102
}
330
100002C2
100
AcDbXrecord
1000
KFbb
  0
XRECORD
  5
100002C7
102
{ACAD_REACTORS
330
100002C6
102
}
330
100002C6
100
AcDbXrecord
1000
KFVb
  0
XRECORD
  5
100002C8
102
{ACAD_REACTORS
330
100002C6
102
}
330
100002C6
100
AcDbXrecord
1000
KFXb
  0
XRECORD
  5
100002CB
102
{ACAD_REACTORS
330
100002CA
102
}
330
100002CA
100
AcDbXrecord
1000
KFRb
  0
XRECORD
  5
100002CC
102
{ACAD_REACTORS
330
100002CA
102
}
330
100002CA
100
AcDbXrecord
1000
KFTb
  0
XRECORD
  5
100002CF
102
{ACAD_REACTORS
330
100002CE
102
}
330
100002CE
100
AcDbXrecord
1000
KFNb
  0
XRECORD
  5
100002D0
102
{ACAD_REACTORS
330
100002CE
102
}
330
100002CE
100
AcDbXrecord
1000
KFPb
  0
XRECORD
  5
100002D3
102
{ACAD_REACTORS
330
100002D2
102
}
330
100002D2
100
AcDbXrecord
1000
KFFb
  0
XRECORD
  5
100002D4
102
{ACAD_REACTORS
330
100002D2
102
}
330
100002D2
100
AcDbXrecord
1000
KFHb
  0
XRECORD
  5
100002D7
102
{ACAD_REACTORS
330
100002D6
102
}
330
100002D6
100
AcDbXrecord
1000
KFBb
  0
XRECORD
  5
100002D8
102
{ACAD_REACTORS
330
100002D6
102
}
330
100002D6
100
AcDbXrecord
1000
KFDb
  0
XRECORD
  5
100002DB
102
{ACAD_REACTORS
330
100002DA
102
}
330
100002DA
100
AcDbXrecord
1000
KF9a
  0
XRECORD
  5
100002DC
102
{ACAD_REACTORS
330
100002DA
102
}
330
100002DA
100
AcDbXrecord
1000
KF/a
  0
XRECORD
  5
100002DF
102
{ACAD_REACTORS
330
100002DE
102
}
330
100002DE
100
AcDbXrecord
1000
KF5a
  0
XRECORD
  5
100002E0
102
{ACAD_REACTORS
330
100002DE
102
}
330
100002DE
100
AcDbXrecord
1000
KF7a
  0
XRECORD
  5
100002E3
102
{ACAD_REACTORS
330
100002E2
102
}
330
100002E2
100
AcDbXrecord
1000
KF1a
  0
XRECORD
  5
100002E4
102
{ACAD_REACTORS
330
100002E2
102
}
330
100002E2
100
AcDbXrecord
1000
KF3a
  0
XRECORD
  5
100002E7
102
{ACAD_REACTORS
330
100002E6
102
}
330
100002E6
100
AcDbXrecord
1000
KFxa
  0
XRECORD
  5
100002E8
102
{ACAD_REACTORS
330
100002E6
102
}
330
100002E6
100
AcDbXrecord
1000
KFza
  0
XRECORD
  5
100002EB
102
{ACAD_REACTORS
330
100002EA
102
}
330
100002EA
100
AcDbXrecord
1000
KFta
  0
XRECORD
  5
100002EC
102
{ACAD_REACTORS
330
100002EA
102
}
330
100002EA
100
AcDbXrecord
1000
KFva
  0
XRECORD
  5
100002EF
102
{ACAD_REACTORS
330
100002EE
102
}
330
100002EE
100
AcDbXrecord
1000
KFla
  0
XRECORD
  5
100002F0
102
{ACAD_REACTORS
330
100002EE
102
}
330
100002EE
100
AcDbXrecord
1000
KFna
  0
XRECORD
  5
100002F3
102
{ACAD_REACTORS
330
100002F2
102
}
330
100002F2
100
AcDbXrecord
1000
KFha
  0
XRECORD
  5
100002F4
102
{ACAD_REACTORS
330
100002F2
102
}
330
100002F2
100
AcDbXrecord
1000
KFja
  0
XRECORD
  5
100002F7
102
{ACAD_REACTORS
330
100002F6
102
}
330
100002F6
100
AcDbXrecord
1000
KFda
  0
XRECORD
  5
100002F8
102
{ACAD_REACTORS
330
100002F6
102
}
330
100002F6
100
AcDbXrecord
1000
KFfa
  0
XRECORD
  5
100002FB
102
{ACAD_REACTORS
330
100002FA
102
}
330
100002FA
100
AcDbXrecord
1000
KFZa
  0
XRECORD
  5
100002FC
102
{ACAD_REACTORS
330
100002FA
102
}
330
100002FA
100
AcDbXrecord
1000
KFba
  0
XRECORD
  5
100002FF
102
{ACAD_REACTORS
330
100002FE
102
}
330
100002FE
100
AcDbXrecord
1000
KFVa
  0
XRECORD
  5
10000300
102
{ACAD_REACTORS
330
100002FE
102
}
330
100002FE
100
AcDbXrecord
1000
KFXa
  0
XRECORD
  5
10000303
102
{ACAD_REACTORS
330
10000302
102
}
330
10000302
100
AcDbXrecord
1000
KFRa
  0
XRECORD
  5
10000304
102
{ACAD_REACTORS
330
10000302
102
}
330
10000302
100
AcDbXrecord
1000
KFTa
  0
XRECORD
  5
10000307
102
{ACAD_REACTORS
330
10000306
102
}
330
10000306
100
AcDbXrecord
1000
KFNa
  0
XRECORD
  5
10000308
102
{ACAD_REACTORS
330
10000306
102
}
330
10000306
100
AcDbXrecord
1000
KFPa
  0
XRECORD
  5
1000030B
102
{ACAD_REACTORS
330
1000030A
102
}
330
1000030A
100
AcDbXrecord
1000
KFFa
  0
XRECORD
  5
1000030C
102
{ACAD_REACTORS
330
1000030A
102
}
330
1000030A
100
AcDbXrecord
1000
KFHa
  0
XRECORD
  5
1000030F
102
{ACAD_REACTORS
330
1000030E
102
}
330
1000030E
100
AcDbXrecord
1000
KFBa
  0
XRECORD
  5
10000310
102
{ACAD_REACTORS
330
1000030E
102
}
330
1000030E
100
AcDbXrecord
1000
KFDa
  0
XRECORD
  5
10000313
102
{ACAD_REACTORS
330
10000312
102
}
330
10000312
100
AcDbXrecord
1000
KF9Z
  0
XRECORD
  5
10000314
102
{ACAD_REACTORS
330
10000312
102
}
330
10000312
100
AcDbXrecord
1000
KF/Z
  0
XRECORD
  5
10000317
102
{ACAD_REACTORS
330
10000316
102
}
330
10000316
100
AcDbXrecord
1000
KF5Z
  0
XRECORD
  5
10000318
102
{ACAD_REACTORS
330
10000316
102
}
330
10000316
100
AcDbXrecord
1000
KF7Z
  0
XRECORD
  5
1000031B
102
{ACAD_REACTORS
330
1000031A
102
}
330
1000031A
100
AcDbXrecord
1000
KF1Z
  0
XRECORD
  5
1000031C
102
{ACAD_REACTORS
330
1000031A
102
}
330
1000031A
100
AcDbXrecord
1000
KF3Z
  0
XRECORD
  5
1000031F
102
{ACAD_REACTORS
330
1000031E
102
}
330
1000031E
100
AcDbXrecord
1000
KFxZ
  0
XRECORD
  5
10000320
102
{ACAD_REACTORS
330
1000031E
102
}
330
1000031E
100
AcDbXrecord
1000
KFzZ
  0
XRECORD
  5
10000323
102
{ACAD_REACTORS
330
10000322
102
}
330
10000322
100
AcDbXrecord
1000
KFtZ
  0
XRECORD
  5
10000324
102
{ACAD_REACTORS
330
10000322
102
}
330
10000322
100
AcDbXrecord
1000
KFvZ
  0
XRECORD
  5
10000327
102
{ACAD_REACTORS
330
10000326
102
}
330
10000326
100
AcDbXrecord
1000
KFpZ
  0
XRECORD
  5
10000328
102
{ACAD_REACTORS
330
10000326
102
}
330
10000326
100
AcDbXrecord
1000
KFrZ
  0
XRECORD
  5
1000032B
102
{ACAD_REACTORS
330
1000032A
102
}
330
1000032A
100
AcDbXrecord
1000
KFlZ
  0
XRECORD
  5
1000032C
102
{ACAD_REACTORS
330
1000032A
102
}
330
1000032A
100
AcDbXrecord
1000
KFnZ
  0
XRECORD
  5
1000032F
102
{ACAD_REACTORS
330
1000032E
102
}
330
1000032E
100
AcDbXrecord
1000
KFhZ
  0
XRECORD
  5
10000330
102
{ACAD_REACTORS
330
1000032E
102
}
330
1000032E
100
AcDbXrecord
1000
KFjZ
  0
XRECORD
  5
10000333
102
{ACAD_REACTORS
330
10000332
102
}
330
10000332
100
AcDbXrecord
1000
KFdZ
  0
XRECORD
  5
10000334
102
{ACAD_REACTORS
330
10000332
102
}
330
10000332
100
AcDbXrecord
1000
KFfZ
  0
XRECORD
  5
10000337
102
{ACAD_REACTORS
330
10000336
102
}
330
10000336
100
AcDbXrecord
1000
KFZZ
  0
XRECORD
  5
10000338
102
{ACAD_REACTORS
330
10000336
102
}
330
10000336
100
AcDbXrecord
1000
KFbZ
  0
XRECORD
  5
1000033B
102
{ACAD_REACTORS
330
1000033A
102
}
330
1000033A
100
AcDbXrecord
1000
KFVZ
  0
XRECORD
  5
1000033C
102
{ACAD_REACTORS
330
1000033A
102
}
330
1000033A
100
AcDbXrecord
1000
KFXZ
  0
XRECORD
  5
1000033F
102
{ACAD_REACTORS
330
1000033E
102
}
330
1000033E
100
AcDbXrecord
1000
KFRZ
  0
XRECORD
  5
10000340
102
{ACAD_REACTORS
330
1000033E
102
}
330
1000033E
100
AcDbXrecord
1000
KFTZ
  0
XRECORD
  5
10000343
102
{ACAD_REACTORS
330
10000342
102
}
330
10000342
100
AcDbXrecord
1000
KFNZ
  0
XRECORD
  5
10000344
102
{ACAD_REACTORS
330
10000342
102
}
330
10000342
100
AcDbXrecord
1000
KFPZ
  0
XRECORD
  5
10000347
102
{ACAD_REACTORS
330
10000346
102
}
330
10000346
100
AcDbXrecord
1000
KFJZ
  0
XRECORD
  5
10000348
102
{ACAD_REACTORS
330
10000346
102
}
330
10000346
100
AcDbXrecord
1000
KFLZ
  0
XRECORD
  5
1000034B
102
{ACAD_REACTORS
330
1000034A
102
}
330
1000034A
100
AcDbXrecord
1000
KFFZ
  0
XRECORD
  5
1000034C
102
{ACAD_REACTORS
330
1000034A
102
}
330
1000034A
100
AcDbXrecord
1000
KFHZ
  0
XRECORD
  5
1000034F
102
{ACAD_REACTORS
330
1000034E
102
}
330
1000034E
100
AcDbXrecord
1000
KFBZ
  0
XRECORD
  5
10000350
102
{ACAD_REACTORS
330
1000034E
102
}
330
1000034E
100
AcDbXrecord
1000
KFDZ
  0
XRECORD
  5
10000353
102
{ACAD_REACTORS
330
10000352
102
}
330
10000352
100
AcDbXrecord
1000
KF9Y
  0
XRECORD
  5
10000354
102
{ACAD_REACTORS
330
10000352
102
}
330
10000352
100
AcDbXrecord
1000
KF/Y
  0
XRECORD
  5
10000357
102
{ACAD_REACTORS
330
10000356
102
}
330
10000356
100
AcDbXrecord
1000
KF5Y
  0
XRECORD
  5
10000358
102
{ACAD_REACTORS
330
10000356
102
}
330
10000356
100
AcDbXrecord
1000
KF7Y
  0
XRECORD
  5
1000035B
102
{ACAD_REACTORS
330
1000035A
102
}
330
1000035A
100
AcDbXrecord
1000
KF1Y
  0
XRECORD
  5
1000035C
102
{ACAD_REACTORS
330
1000035A
102
}
330
1000035A
100
AcDbXrecord
1000
KF3Y
  0
XRECORD
  5
1000035F
102
{ACAD_REACTORS
330
1000035E
102
}
330
1000035E
100
AcDbXrecord
1000
KFxY
  0
XRECORD
  5
10000360
102
{ACAD_REACTORS
330
1000035E
102
}
330
1000035E
100
AcDbXrecord
1000
KFzY
  0
XRECORD
  5
10000363
102
{ACAD_REACTORS
330
10000362
102
}
330
10000362
100
AcDbXrecord
1000
KFtY
  0
XRECORD
  5
10000364
102
{ACAD_REACTORS
330
10000362
102
}
330
10000362
100
AcDbXrecord
1000
KFvY
  0
XRECORD
  5
10000367
102
{ACAD_REACTORS
330
10000366
102
}
330
10000366
100
AcDbXrecord
1000
KFpY
  0
XRECORD
  5
10000368
102
{ACAD_REACTORS
330
10000366
102
}
330
10000366
100
AcDbXrecord
1000
KFrY
  0
XRECORD
  5
1000036B
102
{ACAD_REACTORS
330
1000036A
102
}
330
1000036A
100
AcDbXrecord
1000
KFlY
  0
XRECORD
  5
1000036C
102
{ACAD_REACTORS
330
1000036A
102
}
330
1000036A
100
AcDbXrecord
1000
KFnY
  0
XRECORD
  5
1000036F
102
{ACAD_REACTORS
330
1000036E
102
}
330
1000036E
100
AcDbXrecord
1000
KFhY
  0
XRECORD
  5
10000370
102
{ACAD_REACTORS
330
1000036E
102
}
330
1000036E
100
AcDbXrecord
1000
KFjY
  0
XRECORD
  5
10000373
102
{ACAD_REACTORS
330
10000372
102
}
330
10000372
100
AcDbXrecord
1000
KFdY
  0
XRECORD
  5
10000374
102
{ACAD_REACTORS
330
10000372
102
}
330
10000372
100
AcDbXrecord
1000
KFfY
  0
XRECORD
  5
10000377
102
{ACAD_REACTORS
330
10000376
102
}
330
10000376
100
AcDbXrecord
1000
KFZY
  0
XRECORD
  5
10000378
102
{ACAD_REACTORS
330
10000376
102
}
330
10000376
100
AcDbXrecord
1000
KFbY
  0
XRECORD
  5
1000037B
102
{ACAD_REACTORS
330
1000037A
102
}
330
1000037A
100
AcDbXrecord
1000
KFVY
  0
XRECORD
  5
1000037C
102
{ACAD_REACTORS
330
1000037A
102
}
330
1000037A
100
AcDbXrecord
1000
KFXY
  0
XRECORD
  5
1000037F
102
{ACAD_REACTORS
330
1000037E
102
}
330
1000037E
100
AcDbXrecord
1000
KFRY
  0
XRECORD
  5
10000380
102
{ACAD_REACTORS
330
1000037E
102
}
330
1000037E
100
AcDbXrecord
1000
KFTY
  0
XRECORD
  5
10000383
102
{ACAD_REACTORS
330
10000382
102
}
330
10000382
100
AcDbXrecord
1000
KFNY
  0
XRECORD
  5
10000384
102
{ACAD_REACTORS
330
10000382
102
}
330
10000382
100
AcDbXrecord
1000
KFPY
  0
XRECORD
  5
10000387
102
{ACAD_REACTORS
330
10000386
102
}
330
10000386
100
AcDbXrecord
1000
KFJY
  0
XRECORD
  5
10000388
102
{ACAD_REACTORS
330
10000386
102
}
330
10000386
100
AcDbXrecord
1000
KFLY
  0
XRECORD
  5
1000038B
102
{ACAD_REACTORS
330
1000038A
102
}
330
1000038A
100
AcDbXrecord
1000
KFFY
  0
XRECORD
  5
1000038C
102
{ACAD_REACTORS
330
1000038A
102
}
330
1000038A
100
AcDbXrecord
1000
KFHY
  0
XRECORD
  5
1000038F
102
{ACAD_REACTORS
330
1000038E
102
}
330
1000038E
100
AcDbXrecord
1000
KFBY
  0
XRECORD
  5
10000390
102
{ACAD_REACTORS
330
1000038E
102
}
330
1000038E
100
AcDbXrecord
1000
KFDY
  0
XRECORD
  5
10000393
102
{ACAD_REACTORS
330
10000392
102
}
330
10000392
100
AcDbXrecord
1000
KF9X
  0
XRECORD
  5
10000394
102
{ACAD_REACTORS
330
10000392
102
}
330
10000392
100
AcDbXrecord
1000
KF/X
  0
XRECORD
  5
10000397
102
{ACAD_REACTORS
330
10000396
102
}
330
10000396
100
AcDbXrecord
1000
KF5X
  0
XRECORD
  5
10000398
102
{ACAD_REACTORS
330
10000396
102
}
330
10000396
100
AcDbXrecord
1000
KF7X
  0
XRECORD
  5
1000039B
102
{ACAD_REACTORS
330
1000039A
102
}
330
1000039A
100
AcDbXrecord
1000
KF1X
  0
XRECORD
  5
1000039C
102
{ACAD_REACTORS
330
1000039A
102
}
330
1000039A
100
AcDbXrecord
1000
KF3X
  0
XRECORD
  5
1000039F
102
{ACAD_REACTORS
330
1000039E
102
}
330
1000039E
100
AcDbXrecord
1000
KFxX
  0
XRECORD
  5
100003A0
102
{ACAD_REACTORS
330
1000039E
102
}
330
1000039E
100
AcDbXrecord
1000
KFzX
  0
XRECORD
  5
100003A3
102
{ACAD_REACTORS
330
100003A2
102
}
330
100003A2
100
AcDbXrecord
1000
KFtX
  0
XRECORD
  5
100003A4
102
{ACAD_REACTORS
330
100003A2
102
}
330
100003A2
100
AcDbXrecord
1000
KFvX
  0
XRECORD
  5
100003A7
102
{ACAD_REACTORS
330
100003A6
102
}
330
100003A6
100
AcDbXrecord
1000
KFpX
  0
XRECORD
  5
100003A8
102
{ACAD_REACTORS
330
100003A6
102
}
330
100003A6
100
AcDbXrecord
1000
KFrX
  0
XRECORD
  5
100003AB
102
{ACAD_REACTORS
330
100003AA
102
}
330
100003AA
100
AcDbXrecord
1000
KFlX
  0
XRECORD
  5
100003AC
102
{ACAD_REACTORS
330
100003AA
102
}
330
100003AA
100
AcDbXrecord
1000
KFnX
  0
XRECORD
  5
100003AF
102
{ACAD_REACTORS
330
100003AE
102
}
330
100003AE
100
AcDbXrecord
1000
KFhX
  0
XRECORD
  5
100003B0
102
{ACAD_REACTORS
330
100003AE
102
}
330
100003AE
100
AcDbXrecord
1000
KFjX
  0
XRECORD
  5
100003B3
102
{ACAD_REACTORS
330
100003B2
102
}
330
100003B2
100
AcDbXrecord
1000
KFdX
  0
XRECORD
  5
100003B4
102
{ACAD_REACTORS
330
100003B2
102
}
330
100003B2
100
AcDbXrecord
1000
KFfX
  0
XRECORD
  5
100003B7
102
{ACAD_REACTORS
330
100003B6
102
}
330
100003B6
100
AcDbXrecord
1000
KFZX
  0
XRECORD
  5
100003B8
102
{ACAD_REACTORS
330
100003B6
102
}
330
100003B6
100
AcDbXrecord
1000
KFbX
  0
XRECORD
  5
100003BB
102
{ACAD_REACTORS
330
100003BA
102
}
330
100003BA
100
AcDbXrecord
1000
KFVX
  0
XRECORD
  5
100003BC
102
{ACAD_REACTORS
330
100003BA
102
}
330
100003BA
100
AcDbXrecord
1000
KFXX
  0
XRECORD
  5
100003BF
102
{ACAD_REACTORS
330
100003BE
102
}
330
100003BE
100
AcDbXrecord
1000
KFRX
  0
XRECORD
  5
100003C0
102
{ACAD_REACTORS
330
100003BE
102
}
330
100003BE
100
AcDbXrecord
1000
KFTX
  0
XRECORD
  5
100003C3
102
{ACAD_REACTORS
330
100003C2
102
}
330
100003C2
100
AcDbXrecord
1000
KFNX
  0
XRECORD
  5
100003C4
102
{ACAD_REACTORS
330
100003C2
102
}
330
100003C2
100
AcDbXrecord
1000
KFPX
  0
XRECORD
  5
100003C7
102
{ACAD_REACTORS
330
100003C6
102
}
330
100003C6
100
AcDbXrecord
1000
KFJX
  0
XRECORD
  5
100003C8
102
{ACAD_REACTORS
330
100003C6
102
}
330
100003C6
100
AcDbXrecord
1000
KFLX
  0
XRECORD
  5
100003CB
102
{ACAD_REACTORS
330
100003CA
102
}
330
100003CA
100
AcDbXrecord
1000
KFFX
  0
XRECORD
  5
100003CC
102
{ACAD_REACTORS
330
100003CA
102
}
330
100003CA
100
AcDbXrecord
1000
KFHX
  0
XRECORD
  5
100003CF
102
{ACAD_REACTORS
330
100003CE
102
}
330
100003CE
100
AcDbXrecord
1000
KFBX
  0
XRECORD
  5
100003D0
102
{ACAD_REACTORS
330
100003CE
102
}
330
100003CE
100
AcDbXrecord
1000
KFDX
  0
XRECORD
  5
100003D3
102
{ACAD_REACTORS
330
100003D2
102
}
330
100003D2
100
AcDbXrecord
1000
KF9W
  0
XRECORD
  5
100003D4
102
{ACAD_REACTORS
330
100003D2
102
}
330
100003D2
100
AcDbXrecord
1000
KF/W
  0
XRECORD
  5
100003D7
102
{ACAD_REACTORS
330
100003D6
102
}
330
100003D6
100
AcDbXrecord
1000
KF5W
  0
XRECORD
  5
100003D8
102
{ACAD_REACTORS
330
100003D6
102
}
330
100003D6
100
AcDbXrecord
1000
KF7W
  0
XRECORD
  5
100003DB
102
{ACAD_REACTORS
330
100003DA
102
}
330
100003DA
100
AcDbXrecord
1000
KF1W
  0
XRECORD
  5
100003DC
102
{ACAD_REACTORS
330
100003DA
102
}
330
100003DA
100
AcDbXrecord
1000
KF3W
  0
XRECORD
  5
100003DF
102
{ACAD_REACTORS
330
100003DE
102
}
330
100003DE
100
AcDbXrecord
1000
KFxW
  0
XRECORD
  5
100003E0
102
{ACAD_REACTORS
330
100003DE
102
}
330
100003DE
100
AcDbXrecord
1000
KFzW
  0
XRECORD
  5
100003E3
102
{ACAD_REACTORS
330
100003E2
102
}
330
100003E2
100
AcDbXrecord
1000
KFtW
  0
XRECORD
  5
100003E4
102
{ACAD_REACTORS
330
100003E2
102
}
330
100003E2
100
AcDbXrecord
1000
KFvW
  0
XRECORD
  5
100003E7
102
{ACAD_REACTORS
330
100003E6
102
}
330
100003E6
100
AcDbXrecord
1000
KFpW
  0
XRECORD
  5
100003E8
102
{ACAD_REACTORS
330
100003E6
102
}
330
100003E6
100
AcDbXrecord
1000
KFrW
  0
XRECORD
  5
100003EB
102
{ACAD_REACTORS
330
100003EA
102
}
330
100003EA
100
AcDbXrecord
1000
KFlW
  0
XRECORD
  5
100003EC
102
{ACAD_REACTORS
330
100003EA
102
}
330
100003EA
100
AcDbXrecord
1000
KFnW
  0
XRECORD
  5
100003EF
102
{ACAD_REACTORS
330
100003EE
102
}
330
100003EE
100
AcDbXrecord
1000
KFhW
  0
XRECORD
  5
100003F0
102
{ACAD_REACTORS
330
100003EE
102
}
330
100003EE
100
AcDbXrecord
1000
KFjW
  0
XRECORD
  5
100003F3
102
{ACAD_REACTORS
330
100003F2
102
}
330
100003F2
100
AcDbXrecord
1000
KFdW
  0
XRECORD
  5
100003F4
102
{ACAD_REACTORS
330
100003F2
102
}
330
100003F2
100
AcDbXrecord
1000
KFfW
  0
XRECORD
  5
100003F7
102
{ACAD_REACTORS
330
100003F6
102
}
330
100003F6
100
AcDbXrecord
1000
KFZW
  0
XRECORD
  5
100003F8
102
{ACAD_REACTORS
330
100003F6
102
}
330
100003F6
100
AcDbXrecord
1000
KFbW
  0
XRECORD
  5
100003FB
102
{ACAD_REACTORS
330
100003FA
102
}
330
100003FA
100
AcDbXrecord
1000
KFVW
  0
XRECORD
  5
100003FC
102
{ACAD_REACTORS
330
100003FA
102
}
330
100003FA
100
AcDbXrecord
1000
KFXW
  0
XRECORD
  5
100003FF
102
{ACAD_REACTORS
330
100003FE
102
}
330
100003FE
100
AcDbXrecord
1000
KFRW
  0
XRECORD
  5
10000400
102
{ACAD_REACTORS
330
100003FE
102
}
330
100003FE
100
AcDbXrecord
1000
KFTW
  0
XRECORD
  5
10000403
102
{ACAD_REACTORS
330
10000402
102
}
330
10000402
100
AcDbXrecord
1000
KFNW
  0
XRECORD
  5
10000404
102
{ACAD_REACTORS
330
10000402
102
}
330
10000402
100
AcDbXrecord
1000
KFPW
  0
XRECORD
  5
10000407
102
{ACAD_REACTORS
330
10000406
102
}
330
10000406
100
AcDbXrecord
1000
KFJW
  0
XRECORD
  5
10000408
102
{ACAD_REACTORS
330
10000406
102
}
330
10000406
100
AcDbXrecord
1000
KFLW
  0
XRECORD
  5
1000040B
102
{ACAD_REACTORS
330
1000040A
102
}
330
1000040A
100
AcDbXrecord
1000
KFFW
  0
XRECORD
  5
1000040C
102
{ACAD_REACTORS
330
1000040A
102
}
330
1000040A
100
AcDbXrecord
1000
KFHW
  0
XRECORD
  5
1000040F
102
{ACAD_REACTORS
330
1000040E
102
}
330
1000040E
100
AcDbXrecord
1000
KFBW
  0
XRECORD
  5
10000410
102
{ACAD_REACTORS
330
1000040E
102
}
330
1000040E
100
AcDbXrecord
1000
KFDW
  0
XRECORD
  5
10000413
102
{ACAD_REACTORS
330
10000412
102
}
330
10000412
100
AcDbXrecord
1000
KF9V
  0
XRECORD
  5
10000414
102
{ACAD_REACTORS
330
10000412
102
}
330
10000412
100
AcDbXrecord
1000
KF/V
  0
XRECORD
  5
10000417
102
{ACAD_REACTORS
330
10000416
102
}
330
10000416
100
AcDbXrecord
1000
KF5V
  0
XRECORD
  5
10000418
102
{ACAD_REACTORS
330
10000416
102
}
330
10000416
100
AcDbXrecord
1000
KF7V
  0
XRECORD
  5
1000041B
102
{ACAD_REACTORS
330
1000041A
102
}
330
1000041A
100
AcDbXrecord
1000
KF1V
  0
XRECORD
  5
1000041C
102
{ACAD_REACTORS
330
1000041A
102
}
330
1000041A
100
AcDbXrecord
1000
KF3V
  0
XRECORD
  5
1000041F
102
{ACAD_REACTORS
330
1000041E
102
}
330
1000041E
100
AcDbXrecord
1000
KFxV
  0
XRECORD
  5
10000420
102
{ACAD_REACTORS
330
1000041E
102
}
330
1000041E
100
AcDbXrecord
1000
KFzV
  0
XRECORD
  5
10000423
102
{ACAD_REACTORS
330
10000422
102
}
330
10000422
100
AcDbXrecord
1000
KFtV
  0
XRECORD
  5
10000424
102
{ACAD_REACTORS
330
10000422
102
}
330
10000422
100
AcDbXrecord
1000
KFvV
  0
XRECORD
  5
10000427
102
{ACAD_REACTORS
330
10000426
102
}
330
10000426
100
AcDbXrecord
1000
KFpV
  0
XRECORD
  5
10000428
102
{ACAD_REACTORS
330
10000426
102
}
330
10000426
100
AcDbXrecord
1000
KFrV
  0
XRECORD
  5
1000042B
102
{ACAD_REACTORS
330
1000042A
102
}
330
1000042A
100
AcDbXrecord
1000
KFlV
  0
XRECORD
  5
1000042C
102
{ACAD_REACTORS
330
1000042A
102
}
330
1000042A
100
AcDbXrecord
1000
KFnV
  0
XRECORD
  5
1000042F
102
{ACAD_REACTORS
330
1000042E
102
}
330
1000042E
100
AcDbXrecord
1000
KFhV
  0
XRECORD
  5
10000430
102
{ACAD_REACTORS
330
1000042E
102
}
330
1000042E
100
AcDbXrecord
1000
KFjV
  0
XRECORD
  5
10000433
102
{ACAD_REACTORS
330
10000432
102
}
330
10000432
100
AcDbXrecord
1000
KFdV
  0
XRECORD
  5
10000434
102
{ACAD_REACTORS
330
10000432
102
}
330
10000432
100
AcDbXrecord
1000
KFfV
  0
XRECORD
  5
10000437
102
{ACAD_REACTORS
330
10000436
102
}
330
10000436
100
AcDbXrecord
1000
KFZV
  0
XRECORD
  5
10000438
102
{ACAD_REACTORS
330
10000436
102
}
330
10000436
100
AcDbXrecord
1000
KFbV
  0
XRECORD
  5
1000043B
102
{ACAD_REACTORS
330
1000043A
102
}
330
1000043A
100
AcDbXrecord
1000
KFVV
  0
XRECORD
  5
1000043C
102
{ACAD_REACTORS
330
1000043A
102
}
330
1000043A
100
AcDbXrecord
1000
KFXV
  0
XRECORD
  5
1000043F
102
{ACAD_REACTORS
330
1000043E
102
}
330
1000043E
100
AcDbXrecord
1000
KFRV
  0
XRECORD
  5
10000440
102
{ACAD_REACTORS
330
1000043E
102
}
330
1000043E
100
AcDbXrecord
1000
KFTV
  0
XRECORD
  5
10000443
102
{ACAD_REACTORS
330
10000442
102
}
330
10000442
100
AcDbXrecord
1000
KFNV
  0
XRECORD
  5
10000444
102
{ACAD_REACTORS
330
10000442
102
}
330
10000442
100
AcDbXrecord
1000
KFPV
  0
XRECORD
  5
10000447
102
{ACAD_REACTORS
330
10000446
102
}
330
10000446
100
AcDbXrecord
1000
KFJV
  0
XRECORD
  5
10000448
102
{ACAD_REACTORS
330
10000446
102
}
330
10000446
100
AcDbXrecord
1000
KFLV
  0
XRECORD
  5
1000044B
102
{ACAD_REACTORS
330
1000044A
102
}
330
1000044A
100
AcDbXrecord
1000
KFFV
  0
XRECORD
  5
1000044C
102
{ACAD_REACTORS
330
1000044A
102
}
330
1000044A
100
AcDbXrecord
1000
KFHV
  0
XRECORD
  5
1000044F
102
{ACAD_REACTORS
330
1000044E
102
}
330
1000044E
100
AcDbXrecord
1000
KFBV
  0
XRECORD
  5
10000450
102
{ACAD_REACTORS
330
1000044E
102
}
330
1000044E
100
AcDbXrecord
1000
KFDV
  0
XRECORD
  5
10000453
102
{ACAD_REACTORS
330
10000452
102
}
330
10000452
100
AcDbXrecord
1000
KF9U
  0
XRECORD
  5
10000454
102
{ACAD_REACTORS
330
10000452
102
}
330
10000452
100
AcDbXrecord
1000
KF/U
  0
XRECORD
  5
10000457
102
{ACAD_REACTORS
330
10000456
102
}
330
10000456
100
AcDbXrecord
1000
KF5U
  0
XRECORD
  5
10000458
102
{ACAD_REACTORS
330
10000456
102
}
330
10000456
100
AcDbXrecord
1000
KF7U
  0
XRECORD
  5
1000045B
102
{ACAD_REACTORS
330
1000045A
102
}
330
1000045A
100
AcDbXrecord
1000
KF1U
  0
XRECORD
  5
1000045C
102
{ACAD_REACTORS
330
1000045A
102
}
330
1000045A
100
AcDbXrecord
1000
KF3U
  0
XRECORD
  5
1000045F
102
{ACAD_REACTORS
330
1000045E
102
}
330
1000045E
100
AcDbXrecord
1000
KFxU
  0
XRECORD
  5
10000460
102
{ACAD_REACTORS
330
1000045E
102
}
330
1000045E
100
AcDbXrecord
1000
KFzU
  0
XRECORD
  5
10000463
102
{ACAD_REACTORS
330
10000462
102
}
330
10000462
100
AcDbXrecord
1000
KFtU
  0
XRECORD
  5
10000464
102
{ACAD_REACTORS
330
10000462
102
}
330
10000462
100
AcDbXrecord
1000
KFvU
  0
XRECORD
  5
10000467
102
{ACAD_REACTORS
330
10000466
102
}
330
10000466
100
AcDbXrecord
1000
KFpU
  0
XRECORD
  5
10000468
102
{ACAD_REACTORS
330
10000466
102
}
330
10000466
100
AcDbXrecord
1000
KFrU
  0
XRECORD
  5
1000046B
102
{ACAD_REACTORS
330
1000046A
102
}
330
1000046A
100
AcDbXrecord
1000
KFlU
  0
XRECORD
  5
1000046C
102
{ACAD_REACTORS
330
1000046A
102
}
330
1000046A
100
AcDbXrecord
1000
KFnU
  0
XRECORD
  5
1000046F
102
{ACAD_REACTORS
330
1000046E
102
}
330
1000046E
100
AcDbXrecord
1000
KFhU
  0
XRECORD
  5
10000470
102
{ACAD_REACTORS
330
1000046E
102
}
330
1000046E
100
AcDbXrecord
1000
KFjU
  0
XRECORD
  5
10000473
102
{ACAD_REACTORS
330
10000472
102
}
330
10000472
100
AcDbXrecord
1000
KFdU
  0
XRECORD
  5
10000474
102
{ACAD_REACTORS
330
10000472
102
}
330
10000472
100
AcDbXrecord
1000
KFfU
  0
XRECORD
  5
10000477
102
{ACAD_REACTORS
330
10000476
102
}
330
10000476
100
AcDbXrecord
1000
KFZU
  0
XRECORD
  5
10000478
102
{ACAD_REACTORS
330
10000476
102
}
330
10000476
100
AcDbXrecord
1000
KFbU
  0
XRECORD
  5
1000047B
102
{ACAD_REACTORS
330
1000047A
102
}
330
1000047A
100
AcDbXrecord
1000
KFVU
  0
XRECORD
  5
1000047C
102
{ACAD_REACTORS
330
1000047A
102
}
330
1000047A
100
AcDbXrecord
1000
KFXU
  0
XRECORD
  5
1000047F
102
{ACAD_REACTORS
330
1000047E
102
}
330
1000047E
100
AcDbXrecord
1000
KFRU
  0
XRECORD
  5
10000480
102
{ACAD_REACTORS
330
1000047E
102
}
330
1000047E
100
AcDbXrecord
1000
KFTU
  0
XRECORD
  5
10000483
102
{ACAD_REACTORS
330
10000482
102
}
330
10000482
100
AcDbXrecord
1000
KFNU
  0
XRECORD
  5
10000484
102
{ACAD_REACTORS
330
10000482
102
}
330
10000482
100
AcDbXrecord
1000
KFPU
  0
XRECORD
  5
10000487
102
{ACAD_REACTORS
330
10000486
102
}
330
10000486
100
AcDbXrecord
1000
KFJU
  0
XRECORD
  5
10000488
102
{ACAD_REACTORS
330
10000486
102
}
330
10000486
100
AcDbXrecord
1000
KFLU
  0
XRECORD
  5
1000048B
102
{ACAD_REACTORS
330
1000048A
102
}
330
1000048A
100
AcDbXrecord
1000
KFBU
  0
XRECORD
  5
1000048C
102
{ACAD_REACTORS
330
1000048A
102
}
330
1000048A
100
AcDbXrecord
1000
KFDU
  0
XRECORD
  5
1000048F
102
{ACAD_REACTORS
330
1000048E
102
}
330
1000048E
100
AcDbXrecord
1000
KF9T
  0
XRECORD
  5
10000490
102
{ACAD_REACTORS
330
1000048E
102
}
330
1000048E
100
AcDbXrecord
1000
KF/T
  0
XRECORD
  5
10000493
102
{ACAD_REACTORS
330
10000492
102
}
330
10000492
100
AcDbXrecord
1000
KF5T
  0
XRECORD
  5
10000494
102
{ACAD_REACTORS
330
10000492
102
}
330
10000492
100
AcDbXrecord
1000
KF7T
  0
XRECORD
  5
10000497
102
{ACAD_REACTORS
330
10000496
102
}
330
10000496
100
AcDbXrecord
1000
KF1T
  0
XRECORD
  5
10000498
102
{ACAD_REACTORS
330
10000496
102
}
330
10000496
100
AcDbXrecord
1000
KF3T
  0
XRECORD
  5
1000049B
102
{ACAD_REACTORS
330
1000049A
102
}
330
1000049A
100
AcDbXrecord
1000
KFxT
  0
XRECORD
  5
1000049C
102
{ACAD_REACTORS
330
1000049A
102
}
330
1000049A
100
AcDbXrecord
1000
KFzT
  0
XRECORD
  5
1000049F
102
{ACAD_REACTORS
330
1000049E
102
}
330
1000049E
100
AcDbXrecord
1000
KFtT
  0
XRECORD
  5
100004A0
102
{ACAD_REACTORS
330
1000049E
102
}
330
1000049E
100
AcDbXrecord
1000
KFvT
  0
XRECORD
  5
100004A3
102
{ACAD_REACTORS
330
100004A2
102
}
330
100004A2
100
AcDbXrecord
1000
KFpT
  0
XRECORD
  5
100004A4
102
{ACAD_REACTORS
330
100004A2
102
}
330
100004A2
100
AcDbXrecord
1000
KFrT
  0
XRECORD
  5
100004A7
102
{ACAD_REACTORS
330
100004A6
102
}
330
100004A6
100
AcDbXrecord
1000
KFhT
  0
XRECORD
  5
100004A8
102
{ACAD_REACTORS
330
100004A6
102
}
330
100004A6
100
AcDbXrecord
1000
KFjT
  0
XRECORD
  5
100004AB
102
{ACAD_REACTORS
330
100004AA
102
}
330
100004AA
100
AcDbXrecord
1000
KFdT
  0
XRECORD
  5
100004AC
102
{ACAD_REACTORS
330
100004AA
102
}
330
100004AA
100
AcDbXrecord
1000
KFfT
  0
XRECORD
  5
100004AF
102
{ACAD_REACTORS
330
100004AE
102
}
330
100004AE
100
AcDbXrecord
1000
KFZT
  0
XRECORD
  5
100004B0
102
{ACAD_REACTORS
330
100004AE
102
}
330
100004AE
100
AcDbXrecord
1000
KFbT
  0
XRECORD
  5
100004B3
102
{ACAD_REACTORS
330
100004B2
102
}
330
100004B2
100
AcDbXrecord
1000
KFVT
  0
XRECORD
  5
100004B4
102
{ACAD_REACTORS
330
100004B2
102
}
330
100004B2
100
AcDbXrecord
1000
KFXT
  0
XRECORD
  5
100004B7
102
{ACAD_REACTORS
330
100004B6
102
}
330
100004B6
100
AcDbXrecord
1000
KFRT
  0
XRECORD
  5
100004B8
102
{ACAD_REACTORS
330
100004B6
102
}
330
100004B6
100
AcDbXrecord
1000
KFTT
  0
XRECORD
  5
100004BB
102
{ACAD_REACTORS
330
100004BA
102
}
330
100004BA
100
AcDbXrecord
1000
KFNT
  0
XRECORD
  5
100004BC
102
{ACAD_REACTORS
330
100004BA
102
}
330
100004BA
100
AcDbXrecord
1000
KFPT
  0
XRECORD
  5
100004BF
102
{ACAD_REACTORS
330
100004BE
102
}
330
100004BE
100
AcDbXrecord
1000
KFJT
  0
XRECORD
  5
100004C0
102
{ACAD_REACTORS
330
100004BE
102
}
330
100004BE
100
AcDbXrecord
1000
KFLT
  0
XRECORD
  5
100004C3
102
{ACAD_REACTORS
330
100004C2
102
}
330
100004C2
100
AcDbXrecord
1000
KFBT
  0
XRECORD
  5
100004C4
102
{ACAD_REACTORS
330
100004C2
102
}
330
100004C2
100
AcDbXrecord
1000
KFDT
  0
XRECORD
  5
100004C7
102
{ACAD_REACTORS
330
100004C6
102
}
330
100004C6
100
AcDbXrecord
1000
KF9S
  0
XRECORD
  5
100004C8
102
{ACAD_REACTORS
330
100004C6
102
}
330
100004C6
100
AcDbXrecord
1000
KF/S
  0
XRECORD
  5
100004CB
102
{ACAD_REACTORS
330
100004CA
102
}
330
100004CA
100
AcDbXrecord
1000
KF5S
  0
XRECORD
  5
100004CC
102
{ACAD_REACTORS
330
100004CA
102
}
330
100004CA
100
AcDbXrecord
1000
KF7S
  0
XRECORD
  5
100004CF
102
{ACAD_REACTORS
330
100004CE
102
}
330
100004CE
100
AcDbXrecord
1000
KF1S
  0
XRECORD
  5
100004D0
102
{ACAD_REACTORS
330
100004CE
102
}
330
100004CE
100
AcDbXrecord
1000
KF3S
  0
XRECORD
  5
100004D3
102
{ACAD_REACTORS
330
100004D2
102
}
330
100004D2
100
AcDbXrecord
1000
KFxS
  0
XRECORD
  5
100004D4
102
{ACAD_REACTORS
330
100004D2
102
}
330
100004D2
100
AcDbXrecord
1000
KFzS
  0
XRECORD
  5
100004D7
102
{ACAD_REACTORS
330
100004D6
102
}
330
100004D6
100
AcDbXrecord
1000
KFtS
  0
XRECORD
  5
100004D8
102
{ACAD_REACTORS
330
100004D6
102
}
330
100004D6
100
AcDbXrecord
1000
KFvS
  0
XRECORD
  5
100004DB
102
{ACAD_REACTORS
330
100004DA
102
}
330
100004DA
100
AcDbXrecord
1000
KFpS
  0
XRECORD
  5
100004DC
102
{ACAD_REACTORS
330
100004DA
102
}
330
100004DA
100
AcDbXrecord
1000
KFrS
  0
XRECORD
  5
100004DF
102
{ACAD_REACTORS
330
100004DE
102
}
330
100004DE
100
AcDbXrecord
1000
KFlS
  0
XRECORD
  5
100004E0
102
{ACAD_REACTORS
330
100004DE
102
}
330
100004DE
100
AcDbXrecord
1000
KFnS
  0
XRECORD
  5
100004E3
102
{ACAD_REACTORS
330
100004E2
102
}
330
100004E2
100
AcDbXrecord
1000
KFhS
  0
XRECORD
  5
100004E4
102
{ACAD_REACTORS
330
100004E2
102
}
330
100004E2
100
AcDbXrecord
1000
KFjS
  0
XRECORD
  5
100004E7
102
{ACAD_REACTORS
330
100004E6
102
}
330
100004E6
100
AcDbXrecord
1000
KFdS
  0
XRECORD
  5
100004E8
102
{ACAD_REACTORS
330
100004E6
102
}
330
100004E6
100
AcDbXrecord
1000
KFfS
  0
XRECORD
  5
100004EB
102
{ACAD_REACTORS
330
100004EA
102
}
330
100004EA
100
AcDbXrecord
1000
KFZS
  0
XRECORD
  5
100004EC
102
{ACAD_REACTORS
330
100004EA
102
}
330
100004EA
100
AcDbXrecord
1000
KFbS
  0
XRECORD
  5
100004EF
102
{ACAD_REACTORS
330
100004EE
102
}
330
100004EE
100
AcDbXrecord
1000
KFVS
  0
XRECORD
  5
100004F0
102
{ACAD_REACTORS
330
100004EE
102
}
330
100004EE
100
AcDbXrecord
1000
KFXS
  0
XRECORD
  5
100004F3
102
{ACAD_REACTORS
330
100004F2
102
}
330
100004F2
100
AcDbXrecord
1000
KFRS
  0
XRECORD
  5
100004F4
102
{ACAD_REACTORS
330
100004F2
102
}
330
100004F2
100
AcDbXrecord
1000
KFTS
  0
XRECORD
  5
100004F7
102
{ACAD_REACTORS
330
100004F6
102
}
330
100004F6
100
AcDbXrecord
1000
KFNS
  0
XRECORD
  5
100004F8
102
{ACAD_REACTORS
330
100004F6
102
}
330
100004F6
100
AcDbXrecord
1000
KFPS
  0
XRECORD
  5
100004FB
102
{ACAD_REACTORS
330
100004FA
102
}
330
100004FA
100
AcDbXrecord
1000
KFJS
  0
XRECORD
  5
100004FC
102
{ACAD_REACTORS
330
100004FA
102
}
330
100004FA
100
AcDbXrecord
1000
KFLS
  0
XRECORD
  5
100004FF
102
{ACAD_REACTORS
330
100004FE
102
}
330
100004FE
100
AcDbXrecord
1000
KFFS
  0
XRECORD
  5
10000500
102
{ACAD_REACTORS
330
100004FE
102
}
330
100004FE
100
AcDbXrecord
1000
KFHS
  0
XRECORD
  5
10000503
102
{ACAD_REACTORS
330
10000502
102
}
330
10000502
100
AcDbXrecord
1000
KFBS
  0
XRECORD
  5
10000504
102
{ACAD_REACTORS
330
10000502
102
}
330
10000502
100
AcDbXrecord
1000
KFDS
  0
XRECORD
  5
10000507
102
{ACAD_REACTORS
330
10000506
102
}
330
10000506
100
AcDbXrecord
1000
KF9R
  0
XRECORD
  5
10000508
102
{ACAD_REACTORS
330
10000506
102
}
330
10000506
100
AcDbXrecord
1000
KF/R
  0
XRECORD
  5
1000050B
102
{ACAD_REACTORS
330
1000050A
102
}
330
1000050A
100
AcDbXrecord
1000
KF5R
  0
XRECORD
  5
1000050C
102
{ACAD_REACTORS
330
1000050A
102
}
330
1000050A
100
AcDbXrecord
1000
KF7R
  0
XRECORD
  5
1000050F
102
{ACAD_REACTORS
330
1000050E
102
}
330
1000050E
100
AcDbXrecord
1000
KF1R
  0
XRECORD
  5
10000510
102
{ACAD_REACTORS
330
1000050E
102
}
330
1000050E
100
AcDbXrecord
1000
KF3R
  0
XRECORD
  5
10000513
102
{ACAD_REACTORS
330
10000512
102
}
330
10000512
100
AcDbXrecord
1000
KFxR
  0
XRECORD
  5
10000514
102
{ACAD_REACTORS
330
10000512
102
}
330
10000512
100
AcDbXrecord
1000
KFzR
  0
XRECORD
  5
10000517
102
{ACAD_REACTORS
330
10000516
102
}
330
10000516
100
AcDbXrecord
1000
KFtR
  0
XRECORD
  5
10000518
102
{ACAD_REACTORS
330
10000516
102
}
330
10000516
100
AcDbXrecord
1000
KFvR
  0
XRECORD
  5
1000051B
102
{ACAD_REACTORS
330
1000051A
102
}
330
1000051A
100
AcDbXrecord
1000
KFpR
  0
XRECORD
  5
1000051C
102
{ACAD_REACTORS
330
1000051A
102
}
330
1000051A
100
AcDbXrecord
1000
KFrR
  0
XRECORD
  5
1000051F
102
{ACAD_REACTORS
330
1000051E
102
}
330
1000051E
100
AcDbXrecord
1000
KFlR
  0
XRECORD
  5
10000520
102
{ACAD_REACTORS
330
1000051E
102
}
330
1000051E
100
AcDbXrecord
1000
KFnR
  0
XRECORD
  5
10000523
102
{ACAD_REACTORS
330
10000522
102
}
330
10000522
100
AcDbXrecord
1000
KFhR
  0
XRECORD
  5
10000524
102
{ACAD_REACTORS
330
10000522
102
}
330
10000522
100
AcDbXrecord
1000
KFjR
  0
XRECORD
  5
10000527
102
{ACAD_REACTORS
330
10000526
102
}
330
10000526
100
AcDbXrecord
1000
KFdR
  0
XRECORD
  5
10000528
102
{ACAD_REACTORS
330
10000526
102
}
330
10000526
100
AcDbXrecord
1000
KFfR
  0
XRECORD
  5
1000052B
102
{ACAD_REACTORS
330
1000052A
102
}
330
1000052A
100
AcDbXrecord
1000
KFZR
  0
XRECORD
  5
1000052C
102
{ACAD_REACTORS
330
1000052A
102
}
330
1000052A
100
AcDbXrecord
1000
KFbR
  0
XRECORD
  5
1000052F
102
{ACAD_REACTORS
330
1000052E
102
}
330
1000052E
100
AcDbXrecord
1000
KFVR
  0
XRECORD
  5
10000530
102
{ACAD_REACTORS
330
1000052E
102
}
330
1000052E
100
AcDbXrecord
1000
KFXR
  0
XRECORD
  5
10000533
102
{ACAD_REACTORS
330
10000532
102
}
330
10000532
100
AcDbXrecord
1000
KFRR
  0
XRECORD
  5
10000534
102
{ACAD_REACTORS
330
10000532
102
}
330
10000532
100
AcDbXrecord
1000
KFTR
  0
XRECORD
  5
10000537
102
{ACAD_REACTORS
330
10000536
102
}
330
10000536
100
AcDbXrecord
1000
KFNR
  0
XRECORD
  5
10000538
102
{ACAD_REACTORS
330
10000536
102
}
330
10000536
100
AcDbXrecord
1000
KFPR
  0
XRECORD
  5
1000053B
102
{ACAD_REACTORS
330
1000053A
102
}
330
1000053A
100
AcDbXrecord
1000
KFJR
  0
XRECORD
  5
1000053C
102
{ACAD_REACTORS
330
1000053A
102
}
330
1000053A
100
AcDbXrecord
1000
KFLR
  0
XRECORD
  5
1000053F
102
{ACAD_REACTORS
330
1000053E
102
}
330
1000053E
100
AcDbXrecord
1000
KFFR
  0
XRECORD
  5
10000540
102
{ACAD_REACTORS
330
1000053E
102
}
330
1000053E
100
AcDbXrecord
1000
KFHR
  0
XRECORD
  5
10000543
102
{ACAD_REACTORS
330
10000542
102
}
330
10000542
100
AcDbXrecord
1000
KFBR
  0
XRECORD
  5
10000544
102
{ACAD_REACTORS
330
10000542
102
}
330
10000542
100
AcDbXrecord
1000
KFDR
  0
XRECORD
  5
10000547
102
{ACAD_REACTORS
330
10000546
102
}
330
10000546
100
AcDbXrecord
1000
KF9Q
  0
XRECORD
  5
10000548
102
{ACAD_REACTORS
330
10000546
102
}
330
10000546
100
AcDbXrecord
1000
KF/Q
  0
XRECORD
  5
1000054B
102
{ACAD_REACTORS
330
1000054A
102
}
330
1000054A
100
AcDbXrecord
1000
KF5Q
  0
XRECORD
  5
1000054C
102
{ACAD_REACTORS
330
1000054A
102
}
330
1000054A
100
AcDbXrecord
1000
KF7Q
  0
XRECORD
  5
1000054F
102
{ACAD_REACTORS
330
1000054E
102
}
330
1000054E
100
AcDbXrecord
1000
KF1Q
  0
XRECORD
  5
10000550
102
{ACAD_REACTORS
330
1000054E
102
}
330
1000054E
100
AcDbXrecord
1000
KF3Q
  0
XRECORD
  5
10000553
102
{ACAD_REACTORS
330
10000552
102
}
330
10000552
100
AcDbXrecord
1000
KFxQ
  0
XRECORD
  5
10000554
102
{ACAD_REACTORS
330
10000552
102
}
330
10000552
100
AcDbXrecord
1000
KFzQ
  0
XRECORD
  5
10000557
102
{ACAD_REACTORS
330
10000556
102
}
330
10000556
100
AcDbXrecord
1000
KFtQ
  0
XRECORD
  5
10000558
102
{ACAD_REACTORS
330
10000556
102
}
330
10000556
100
AcDbXrecord
1000
KFvQ
  0
XRECORD
  5
1000055B
102
{ACAD_REACTORS
330
1000055A
102
}
330
1000055A
100
AcDbXrecord
1000
KFpQ
  0
XRECORD
  5
1000055C
102
{ACAD_REACTORS
330
1000055A
102
}
330
1000055A
100
AcDbXrecord
1000
KFrQ
  0
XRECORD
  5
1000055F
102
{ACAD_REACTORS
330
1000055E
102
}
330
1000055E
100
AcDbXrecord
1000
KFlQ
  0
XRECORD
  5
10000560
102
{ACAD_REACTORS
330
1000055E
102
}
330
1000055E
100
AcDbXrecord
1000
KFnQ
  0
XRECORD
  5
10000563
102
{ACAD_REACTORS
330
10000562
102
}
330
10000562
100
AcDbXrecord
1000
KFhQ
  0
XRECORD
  5
10000564
102
{ACAD_REACTORS
330
10000562
102
}
330
10000562
100
AcDbXrecord
1000
KFjQ
  0
XRECORD
  5
10000567
102
{ACAD_REACTORS
330
10000566
102
}
330
10000566
100
AcDbXrecord
1000
KFdQ
  0
XRECORD
  5
10000568
102
{ACAD_REACTORS
330
10000566
102
}
330
10000566
100
AcDbXrecord
1000
KFfQ
  0
XRECORD
  5
1000056B
102
{ACAD_REACTORS
330
1000056A
102
}
330
1000056A
100
AcDbXrecord
1000
KFZQ
  0
XRECORD
  5
1000056C
102
{ACAD_REACTORS
330
1000056A
102
}
330
1000056A
100
AcDbXrecord
1000
KFbQ
  0
XRECORD
  5
1000056F
102
{ACAD_REACTORS
330
1000056E
102
}
330
1000056E
100
AcDbXrecord
1000
KFVQ
  0
XRECORD
  5
10000570
102
{ACAD_REACTORS
330
1000056E
102
}
330
1000056E
100
AcDbXrecord
1000
KFXQ
  0
XRECORD
  5
10000573
102
{ACAD_REACTORS
330
10000572
102
}
330
10000572
100
AcDbXrecord
1000
KFRQ
  0
XRECORD
  5
10000574
102
{ACAD_REACTORS
330
10000572
102
}
330
10000572
100
AcDbXrecord
1000
KFTQ
  0
XRECORD
  5
10000577
102
{ACAD_REACTORS
330
10000576
102
}
330
10000576
100
AcDbXrecord
1000
KFNQ
  0
XRECORD
  5
10000578
102
{ACAD_REACTORS
330
10000576
102
}
330
10000576
100
AcDbXrecord
1000
KFPQ
  0
XRECORD
  5
1000057B
102
{ACAD_REACTORS
330
1000057A
102
}
330
1000057A
100
AcDbXrecord
1000
KFJQ
  0
XRECORD
  5
1000057C
102
{ACAD_REACTORS
330
1000057A
102
}
330
1000057A
100
AcDbXrecord
1000
KFLQ
  0
XRECORD
  5
1000057F
102
{ACAD_REACTORS
330
1000057E
102
}
330
1000057E
100
AcDbXrecord
1000
KFFQ
  0
XRECORD
  5
10000580
102
{ACAD_REACTORS
330
1000057E
102
}
330
1000057E
100
AcDbXrecord
1000
KFHQ
  0
XRECORD
  5
10000583
102
{ACAD_REACTORS
330
10000582
102
}
330
10000582
100
AcDbXrecord
1000
KFBQ
  0
XRECORD
  5
10000584
102
{ACAD_REACTORS
330
10000582
102
}
330
10000582
100
AcDbXrecord
1000
KFDQ
  0
XRECORD
  5
10000587
102
{ACAD_REACTORS
330
10000586
102
}
330
10000586
100
AcDbXrecord
1000
KF9P
  0
XRECORD
  5
10000588
102
{ACAD_REACTORS
330
10000586
102
}
330
10000586
100
AcDbXrecord
1000
KF/P
  0
XRECORD
  5
1000058B
102
{ACAD_REACTORS
330
1000058A
102
}
330
1000058A
100
AcDbXrecord
1000
KF5P
  0
XRECORD
  5
1000058C
102
{ACAD_REACTORS
330
1000058A
102
}
330
1000058A
100
AcDbXrecord
1000
KF7P
  0
XRECORD
  5
1000058F
102
{ACAD_REACTORS
330
1000058E
102
}
330
1000058E
100
AcDbXrecord
1000
KF1P
  0
XRECORD
  5
10000590
102
{ACAD_REACTORS
330
1000058E
102
}
330
1000058E
100
AcDbXrecord
1000
KF3P
  0
XRECORD
  5
10000593
102
{ACAD_REACTORS
330
10000592
102
}
330
10000592
100
AcDbXrecord
1000
KFxP
  0
XRECORD
  5
10000594
102
{ACAD_REACTORS
330
10000592
102
}
330
10000592
100
AcDbXrecord
1000
KFzP
  0
XRECORD
  5
10000597
102
{ACAD_REACTORS
330
10000596
102
}
330
10000596
100
AcDbXrecord
1000
KFtP
  0
XRECORD
  5
10000598
102
{ACAD_REACTORS
330
10000596
102
}
330
10000596
100
AcDbXrecord
1000
KFvP
  0
XRECORD
  5
1000059B
102
{ACAD_REACTORS
330
1000059A
102
}
330
1000059A
100
AcDbXrecord
1000
KFpP
  0
XRECORD
  5
1000059C
102
{ACAD_REACTORS
330
1000059A
102
}
330
1000059A
100
AcDbXrecord
1000
KFrP
  0
XRECORD
  5
1000059F
102
{ACAD_REACTORS
330
1000059E
102
}
330
1000059E
100
AcDbXrecord
1000
KFlP
  0
XRECORD
  5
100005A0
102
{ACAD_REACTORS
330
1000059E
102
}
330
1000059E
100
AcDbXrecord
1000
KFnP
  0
XRECORD
  5
100005A3
102
{ACAD_REACTORS
330
100005A2
102
}
330
100005A2
100
AcDbXrecord
1000
KFhP
  0
XRECORD
  5
100005A4
102
{ACAD_REACTORS
330
100005A2
102
}
330
100005A2
100
AcDbXrecord
1000
KFjP
  0
XRECORD
  5
100005A7
102
{ACAD_REACTORS
330
100005A6
102
}
330
100005A6
100
AcDbXrecord
1000
KFdP
  0
XRECORD
  5
100005A8
102
{ACAD_REACTORS
330
100005A6
102
}
330
100005A6
100
AcDbXrecord
1000
KFfP
  0
XRECORD
  5
100005AB
102
{ACAD_REACTORS
330
100005AA
102
}
330
100005AA
100
AcDbXrecord
1000
KFZP
  0
XRECORD
  5
100005AC
102
{ACAD_REACTORS
330
100005AA
102
}
330
100005AA
100
AcDbXrecord
1000
KFbP
  0
XRECORD
  5
100005AF
102
{ACAD_REACTORS
330
100005AE
102
}
330
100005AE
100
AcDbXrecord
1000
KFVP
  0
XRECORD
  5
100005B0
102
{ACAD_REACTORS
330
100005AE
102
}
330
100005AE
100
AcDbXrecord
1000
KFXP
  0
XRECORD
  5
100005B3
102
{ACAD_REACTORS
330
100005B2
102
}
330
100005B2
100
AcDbXrecord
1000
KFRP
  0
XRECORD
  5
100005B4
102
{ACAD_REACTORS
330
100005B2
102
}
330
100005B2
100
AcDbXrecord
1000
KFTP
  0
XRECORD
  5
100005B7
102
{ACAD_REACTORS
330
100005B6
102
}
330
100005B6
100
AcDbXrecord
1000
KFNP
  0
XRECORD
  5
100005B8
102
{ACAD_REACTORS
330
100005B6
102
}
330
100005B6
100
AcDbXrecord
1000
KFPP
  0
XRECORD
  5
100005BB
102
{ACAD_REACTORS
330
100005BA
102
}
330
100005BA
100
AcDbXrecord
1000
KFJP
  0
XRECORD
  5
100005BC
102
{ACAD_REACTORS
330
100005BA
102
}
330
100005BA
100
AcDbXrecord
1000
KFLP
  0
XRECORD
  5
100005BF
102
{ACAD_REACTORS
330
100005BE
102
}
330
100005BE
100
AcDbXrecord
1000
KFFP
  0
XRECORD
  5
100005C0
102
{ACAD_REACTORS
330
100005BE
102
}
330
100005BE
100
AcDbXrecord
1000
KFHP
  0
XRECORD
  5
100005C3
102
{ACAD_REACTORS
330
100005C2
102
}
330
100005C2
100
AcDbXrecord
1000
KFBP
  0
XRECORD
  5
100005C4
102
{ACAD_REACTORS
330
100005C2
102
}
330
100005C2
100
AcDbXrecord
1000
KFDP
  0
XRECORD
  5
100005C7
102
{ACAD_REACTORS
330
100005C6
102
}
330
100005C6
100
AcDbXrecord
1000
KF9O
  0
XRECORD
  5
100005C8
102
{ACAD_REACTORS
330
100005C6
102
}
330
100005C6
100
AcDbXrecord
1000
KF/O
  0
XRECORD
  5
100005CB
102
{ACAD_REACTORS
330
100005CA
102
}
330
100005CA
100
AcDbXrecord
1000
KF5O
  0
XRECORD
  5
100005CC
102
{ACAD_REACTORS
330
100005CA
102
}
330
100005CA
100
AcDbXrecord
1000
KF7O
  0
XRECORD
  5
100005CF
102
{ACAD_REACTORS
330
100005CE
102
}
330
100005CE
100
AcDbXrecord
1000
KF1O
  0
XRECORD
  5
100005D0
102
{ACAD_REACTORS
330
100005CE
102
}
330
100005CE
100
AcDbXrecord
1000
KF3O
  0
XRECORD
  5
100005D3
102
{ACAD_REACTORS
330
100005D2
102
}
330
100005D2
100
AcDbXrecord
1000
KFxO
  0
XRECORD
  5
100005D4
102
{ACAD_REACTORS
330
100005D2
102
}
330
100005D2
100
AcDbXrecord
1000
KFzO
  0
XRECORD
  5
100005D7
102
{ACAD_REACTORS
330
100005D6
102
}
330
100005D6
100
AcDbXrecord
1000
KFtO
  0
XRECORD
  5
100005D8
102
{ACAD_REACTORS
330
100005D6
102
}
330
100005D6
100
AcDbXrecord
1000
KFvO
  0
XRECORD
  5
100005DB
102
{ACAD_REACTORS
330
100005DA
102
}
330
100005DA
100
AcDbXrecord
1000
KFpO
  0
XRECORD
  5
100005DC
102
{ACAD_REACTORS
330
100005DA
102
}
330
100005DA
100
AcDbXrecord
1000
KFrO
  0
XRECORD
  5
100005DF
102
{ACAD_REACTORS
330
100005DE
102
}
330
100005DE
100
AcDbXrecord
1000
KFlO
  0
XRECORD
  5
100005E0
102
{ACAD_REACTORS
330
100005DE
102
}
330
100005DE
100
AcDbXrecord
1000
KFnO
  0
XRECORD
  5
100005E3
102
{ACAD_REACTORS
330
100005E2
102
}
330
100005E2
100
AcDbXrecord
1000
KFhO
  0
XRECORD
  5
100005E4
102
{ACAD_REACTORS
330
100005E2
102
}
330
100005E2
100
AcDbXrecord
1000
KFjO
  0
XRECORD
  5
100005E7
102
{ACAD_REACTORS
330
100005E6
102
}
330
100005E6
100
AcDbXrecord
1000
KFdO
  0
XRECORD
  5
100005E8
102
{ACAD_REACTORS
330
100005E6
102
}
330
100005E6
100
AcDbXrecord
1000
KFfO
  0
XRECORD
  5
100005EB
102
{ACAD_REACTORS
330
100005EA
102
}
330
100005EA
100
AcDbXrecord
1000
KFZO
  0
XRECORD
  5
100005EC
102
{ACAD_REACTORS
330
100005EA
102
}
330
100005EA
100
AcDbXrecord
1000
KFbO
  0
XRECORD
  5
100005EF
102
{ACAD_REACTORS
330
100005EE
102
}
330
100005EE
100
AcDbXrecord
1000
KFVO
  0
XRECORD
  5
100005F0
102
{ACAD_REACTORS
330
100005EE
102
}
330
100005EE
100
AcDbXrecord
1000
KFXO
  0
XRECORD
  5
100005F3
102
{ACAD_REACTORS
330
100005F2
102
}
330
100005F2
100
AcDbXrecord
1000
KFRO
  0
XRECORD
  5
100005F4
102
{ACAD_REACTORS
330
100005F2
102
}
330
100005F2
100
AcDbXrecord
1000
KFTO
  0
XRECORD
  5
100005F7
102
{ACAD_REACTORS
330
100005F6
102
}
330
100005F6
100
AcDbXrecord
1000
KFNO
  0
XRECORD
  5
100005F8
102
{ACAD_REACTORS
330
100005F6
102
}
330
100005F6
100
AcDbXrecord
1000
KFPO
  0
XRECORD
  5
100005FB
102
{ACAD_REACTORS
330
100005FA
102
}
330
100005FA
100
AcDbXrecord
1000
KFJO
  0
XRECORD
  5
100005FC
102
{ACAD_REACTORS
330
100005FA
102
}
330
100005FA
100
AcDbXrecord
1000
KFLO
  0
XRECORD
  5
100005FF
102
{ACAD_REACTORS
330
100005FE
102
}
330
100005FE
100
AcDbXrecord
1000
KFFO
  0
XRECORD
  5
10000600
102
{ACAD_REACTORS
330
100005FE
102
}
330
100005FE
100
AcDbXrecord
1000
KFHO
  0
XRECORD
  5
10000603
102
{ACAD_REACTORS
330
10000602
102
}
330
10000602
100
AcDbXrecord
1000
KFBO
  0
XRECORD
  5
10000604
102
{ACAD_REACTORS
330
10000602
102
}
330
10000602
100
AcDbXrecord
1000
KFDO
  0
XRECORD
  5
10000607
102
{ACAD_REACTORS
330
10000606
102
}
330
10000606
100
AcDbXrecord
1000
KF9N
  0
XRECORD
  5
10000608
102
{ACAD_REACTORS
330
10000606
102
}
330
10000606
100
AcDbXrecord
1000
KF/N
  0
XRECORD
  5
1000060B
102
{ACAD_REACTORS
330
1000060A
102
}
330
1000060A
100
AcDbXrecord
1000
KF5N
  0
XRECORD
  5
1000060C
102
{ACAD_REACTORS
330
1000060A
102
}
330
1000060A
100
AcDbXrecord
1000
KF7N
  0
XRECORD
  5
1000060F
102
{ACAD_REACTORS
330
1000060E
102
}
330
1000060E
100
AcDbXrecord
1000
KF1N
  0
XRECORD
  5
10000610
102
{ACAD_REACTORS
330
1000060E
102
}
330
1000060E
100
AcDbXrecord
1000
KF3N
  0
XRECORD
  5
10000613
102
{ACAD_REACTORS
330
10000612
102
}
330
10000612
100
AcDbXrecord
1000
KFxN
  0
XRECORD
  5
10000614
102
{ACAD_REACTORS
330
10000612
102
}
330
10000612
100
AcDbXrecord
1000
KFzN
  0
XRECORD
  5
10000617
102
{ACAD_REACTORS
330
10000616
102
}
330
10000616
100
AcDbXrecord
1000
KFtN
  0
XRECORD
  5
10000618
102
{ACAD_REACTORS
330
10000616
102
}
330
10000616
100
AcDbXrecord
1000
KFvN
  0
XRECORD
  5
1000061B
102
{ACAD_REACTORS
330
1000061A
102
}
330
1000061A
100
AcDbXrecord
1000
KFpN
  0
XRECORD
  5
1000061C
102
{ACAD_REACTORS
330
1000061A
102
}
330
1000061A
100
AcDbXrecord
1000
KFrN
  0
XRECORD
  5
1000061F
102
{ACAD_REACTORS
330
1000061E
102
}
330
1000061E
100
AcDbXrecord
1000
KFlN
  0
XRECORD
  5
10000620
102
{ACAD_REACTORS
330
1000061E
102
}
330
1000061E
100
AcDbXrecord
1000
KFnN
  0
XRECORD
  5
10000623
102
{ACAD_REACTORS
330
10000622
102
}
330
10000622
100
AcDbXrecord
1000
KFhN
  0
XRECORD
  5
10000624
102
{ACAD_REACTORS
330
10000622
102
}
330
10000622
100
AcDbXrecord
1000
KFjN
  0
XRECORD
  5
10000627
102
{ACAD_REACTORS
330
10000626
102
}
330
10000626
100
AcDbXrecord
1000
KFdN
  0
XRECORD
  5
10000628
102
{ACAD_REACTORS
330
10000626
102
}
330
10000626
100
AcDbXrecord
1000
KFfN
  0
XRECORD
  5
1000062B
102
{ACAD_REACTORS
330
1000062A
102
}
330
1000062A
100
AcDbXrecord
1000
KFZN
  0
XRECORD
  5
1000062C
102
{ACAD_REACTORS
330
1000062A
102
}
330
1000062A
100
AcDbXrecord
1000
KFbN
  0
XRECORD
  5
1000062F
102
{ACAD_REACTORS
330
1000062E
102
}
330
1000062E
100
AcDbXrecord
1000
KFVN
  0
XRECORD
  5
10000630
102
{ACAD_REACTORS
330
1000062E
102
}
330
1000062E
100
AcDbXrecord
1000
KFXN
  0
XRECORD
  5
10000633
102
{ACAD_REACTORS
330
10000632
102
}
330
10000632
100
AcDbXrecord
1000
KFRN
  0
XRECORD
  5
10000634
102
{ACAD_REACTORS
330
10000632
102
}
330
10000632
100
AcDbXrecord
1000
KFTN
  0
XRECORD
  5
10000637
102
{ACAD_REACTORS
330
10000636
102
}
330
10000636
100
AcDbXrecord
1000
KFNN
  0
XRECORD
  5
10000638
102
{ACAD_REACTORS
330
10000636
102
}
330
10000636
100
AcDbXrecord
1000
KFPN
  0
XRECORD
  5
1000063B
102
{ACAD_REACTORS
330
1000063A
102
}
330
1000063A
100
AcDbXrecord
1000
KFJN
  0
XRECORD
  5
1000063C
102
{ACAD_REACTORS
330
1000063A
102
}
330
1000063A
100
AcDbXrecord
1000
KFLN
  0
XRECORD
  5
1000063F
102
{ACAD_REACTORS
330
1000063E
102
}
330
1000063E
100
AcDbXrecord
1000
KFFN
  0
XRECORD
  5
10000640
102
{ACAD_REACTORS
330
1000063E
102
}
330
1000063E
100
AcDbXrecord
1000
KFHN
  0
XRECORD
  5
10000643
102
{ACAD_REACTORS
330
10000642
102
}
330
10000642
100
AcDbXrecord
1000
KF9M
  0
XRECORD
  5
10000644
102
{ACAD_REACTORS
330
10000642
102
}
330
10000642
100
AcDbXrecord
1000
KF/M
  0
XRECORD
  5
10000647
102
{ACAD_REACTORS
330
10000646
102
}
330
10000646
100
AcDbXrecord
1000
KF5M
  0
XRECORD
  5
10000648
102
{ACAD_REACTORS
330
10000646
102
}
330
10000646
100
AcDbXrecord
1000
KF7M
  0
XRECORD
  5
1000064B
102
{ACAD_REACTORS
330
1000064A
102
}
330
1000064A
100
AcDbXrecord
1000
KF1M
  0
XRECORD
  5
1000064C
102
{ACAD_REACTORS
330
1000064A
102
}
330
1000064A
100
AcDbXrecord
1000
KF3M
  0
XRECORD
  5
1000064F
102
{ACAD_REACTORS
330
1000064E
102
}
330
1000064E
100
AcDbXrecord
1000
KFxM
  0
XRECORD
  5
10000650
102
{ACAD_REACTORS
330
1000064E
102
}
330
1000064E
100
AcDbXrecord
1000
KFzM
  0
XRECORD
  5
10000653
102
{ACAD_REACTORS
330
10000652
102
}
330
10000652
100
AcDbXrecord
1000
KFtM
  0
XRECORD
  5
10000654
102
{ACAD_REACTORS
330
10000652
102
}
330
10000652
100
AcDbXrecord
1000
KFvM
  0
XRECORD
  5
10000657
102
{ACAD_REACTORS
330
10000656
102
}
330
10000656
100
AcDbXrecord
1000
KFpM
  0
XRECORD
  5
10000658
102
{ACAD_REACTORS
330
10000656
102
}
330
10000656
100
AcDbXrecord
1000
KFrM
  0
XRECORD
  5
1000065B
102
{ACAD_REACTORS
330
1000065A
102
}
330
1000065A
100
AcDbXrecord
1000
KFlM
  0
XRECORD
  5
1000065C
102
{ACAD_REACTORS
330
1000065A
102
}
330
1000065A
100
AcDbXrecord
1000
KFnM
  0
XRECORD
  5
1000065F
102
{ACAD_REACTORS
330
1000065E
102
}
330
1000065E
100
AcDbXrecord
1000
KFdM
  0
XRECORD
  5
10000660
102
{ACAD_REACTORS
330
1000065E
102
}
330
1000065E
100
AcDbXrecord
1000
KFfM
  0
XRECORD
  5
10000663
102
{ACAD_REACTORS
330
10000662
102
}
330
10000662
100
AcDbXrecord
1000
KFZM
  0
XRECORD
  5
10000664
102
{ACAD_REACTORS
330
10000662
102
}
330
10000662
100
AcDbXrecord
1000
KFbM
  0
XRECORD
  5
10000667
102
{ACAD_REACTORS
330
10000666
102
}
330
10000666
100
AcDbXrecord
1000
KFVM
  0
XRECORD
  5
10000668
102
{ACAD_REACTORS
330
10000666
102
}
330
10000666
100
AcDbXrecord
1000
KFXM
  0
XRECORD
  5
1000066B
102
{ACAD_REACTORS
330
1000066A
102
}
330
1000066A
100
AcDbXrecord
1000
KFRM
  0
XRECORD
  5
1000066C
102
{ACAD_REACTORS
330
1000066A
102
}
330
1000066A
100
AcDbXrecord
1000
KFTM
  0
XRECORD
  5
1000066F
102
{ACAD_REACTORS
330
1000066E
102
}
330
1000066E
100
AcDbXrecord
1000
KFNM
  0
XRECORD
  5
10000670
102
{ACAD_REACTORS
330
1000066E
102
}
330
1000066E
100
AcDbXrecord
1000
KFPM
  0
XRECORD
  5
10000673
102
{ACAD_REACTORS
330
10000672
102
}
330
10000672
100
AcDbXrecord
1000
KFJM
  0
XRECORD
  5
10000674
102
{ACAD_REACTORS
330
10000672
102
}
330
10000672
100
AcDbXrecord
1000
KFLM
  0
XRECORD
  5
10000677
102
{ACAD_REACTORS
330
10000676
102
}
330
10000676
100
AcDbXrecord
1000
KFFM
  0
XRECORD
  5
10000678
102
{ACAD_REACTORS
330
10000676
102
}
330
10000676
100
AcDbXrecord
1000
KFHM
  0
XRECORD
  5
1000067B
102
{ACAD_REACTORS
330
1000067A
102
}
330
1000067A
100
AcDbXrecord
1000
KF9L
  0
XRECORD
  5
1000067C
102
{ACAD_REACTORS
330
1000067A
102
}
330
1000067A
100
AcDbXrecord
1000
KF/L
  0
XRECORD
  5
1000067F
102
{ACAD_REACTORS
330
1000067E
102
}
330
1000067E
100
AcDbXrecord
1000
KF5L
  0
XRECORD
  5
10000680
102
{ACAD_REACTORS
330
1000067E
102
}
330
1000067E
100
AcDbXrecord
1000
KF7L
  0
XRECORD
  5
10000683
102
{ACAD_REACTORS
330
10000682
102
}
330
10000682
100
AcDbXrecord
1000
KF1L
  0
XRECORD
  5
10000684
102
{ACAD_REACTORS
330
10000682
102
}
330
10000682
100
AcDbXrecord
1000
KF3L
  0
XRECORD
  5
10000687
102
{ACAD_REACTORS
330
10000686
102
}
330
10000686
100
AcDbXrecord
1000
KFxL
  0
XRECORD
  5
10000688
102
{ACAD_REACTORS
330
10000686
102
}
330
10000686
100
AcDbXrecord
1000
KFzL
  0
XRECORD
  5
1000068B
102
{ACAD_REACTORS
330
1000068A
102
}
330
1000068A
100
AcDbXrecord
1000
KFtL
  0
XRECORD
  5
1000068C
102
{ACAD_REACTORS
330
1000068A
102
}
330
1000068A
100
AcDbXrecord
1000
KFvL
  0
XRECORD
  5
1000068F
102
{ACAD_REACTORS
330
1000068E
102
}
330
1000068E
100
AcDbXrecord
1000
KFpL
  0
XRECORD
  5
10000690
102
{ACAD_REACTORS
330
1000068E
102
}
330
1000068E
100
AcDbXrecord
1000
KFrL
  0
XRECORD
  5
10000693
102
{ACAD_REACTORS
330
10000692
102
}
330
10000692
100
AcDbXrecord
1000
KFlL
  0
XRECORD
  5
10000694
102
{ACAD_REACTORS
330
10000692
102
}
330
10000692
100
AcDbXrecord
1000
KFnL
  0
XRECORD
  5
10000697
102
{ACAD_REACTORS
330
10000696
102
}
330
10000696
100
AcDbXrecord
1000
KFhL
  0
XRECORD
  5
10000698
102
{ACAD_REACTORS
330
10000696
102
}
330
10000696
100
AcDbXrecord
1000
KFjL
  0
XRECORD
  5
1000069B
102
{ACAD_REACTORS
330
1000069A
102
}
330
1000069A
100
AcDbXrecord
1000
KFdL
  0
XRECORD
  5
1000069C
102
{ACAD_REACTORS
330
1000069A
102
}
330
1000069A
100
AcDbXrecord
1000
KFfL
  0
XRECORD
  5
1000069F
102
{ACAD_REACTORS
330
1000069E
102
}
330
1000069E
100
AcDbXrecord
1000
KFZL
  0
XRECORD
  5
100006A0
102
{ACAD_REACTORS
330
1000069E
102
}
330
1000069E
100
AcDbXrecord
1000
KFbL
  0
XRECORD
  5
100006A3
102
{ACAD_REACTORS
330
100006A2
102
}
330
100006A2
100
AcDbXrecord
1000
KFVL
  0
XRECORD
  5
100006A4
102
{ACAD_REACTORS
330
100006A2
102
}
330
100006A2
100
AcDbXrecord
1000
KFXL
  0
XRECORD
  5
100006A7
102
{ACAD_REACTORS
330
100006A6
102
}
330
100006A6
100
AcDbXrecord
1000
KFRL
  0
XRECORD
  5
100006A8
102
{ACAD_REACTORS
330
100006A6
102
}
330
100006A6
100
AcDbXrecord
1000
KFTL
  0
XRECORD
  5
100006AB
102
{ACAD_REACTORS
330
100006AA
102
}
330
100006AA
100
AcDbXrecord
1000
KFNL
  0
XRECORD
  5
100006AC
102
{ACAD_REACTORS
330
100006AA
102
}
330
100006AA
100
AcDbXrecord
1000
KFPL
  0
XRECORD
  5
100006AF
102
{ACAD_REACTORS
330
100006AE
102
}
330
100006AE
100
AcDbXrecord
1000
KFJL
  0
XRECORD
  5
100006B0
102
{ACAD_REACTORS
330
100006AE
102
}
330
100006AE
100
AcDbXrecord
1000
KFLL
  0
XRECORD
  5
100006B3
102
{ACAD_REACTORS
330
100006B2
102
}
330
100006B2
100
AcDbXrecord
1000
KFFL
  0
XRECORD
  5
100006B4
102
{ACAD_REACTORS
330
100006B2
102
}
330
100006B2
100
AcDbXrecord
1000
KFHL
  0
XRECORD
  5
100006B7
102
{ACAD_REACTORS
330
100006B6
102
}
330
100006B6
100
AcDbXrecord
1000
KFBL
  0
XRECORD
  5
100006B8
102
{ACAD_REACTORS
330
100006B6
102
}
330
100006B6
100
AcDbXrecord
1000
KFDL
  0
XRECORD
  5
100006BB
102
{ACAD_REACTORS
330
100006BA
102
}
330
100006BA
100
AcDbXrecord
1000
KF9K
  0
XRECORD
  5
100006BC
102
{ACAD_REACTORS
330
100006BA
102
}
330
100006BA
100
AcDbXrecord
1000
KF/K
  0
XRECORD
  5
100006BF
102
{ACAD_REACTORS
330
100006BE
102
}
330
100006BE
100
AcDbXrecord
1000
KF5K
  0
XRECORD
  5
100006C0
102
{ACAD_REACTORS
330
100006BE
102
}
330
100006BE
100
AcDbXrecord
1000
KF7K
  0
XRECORD
  5
100006C3
102
{ACAD_REACTORS
330
100006C2
102
}
330
100006C2
100
AcDbXrecord
1000
KF1K
  0
XRECORD
  5
100006C4
102
{ACAD_REACTORS
330
100006C2
102
}
330
100006C2
100
AcDbXrecord
1000
KF3K
  0
XRECORD
  5
100006C7
102
{ACAD_REACTORS
330
100006C6
102
}
330
100006C6
100
AcDbXrecord
1000
KFxK
  0
XRECORD
  5
100006C8
102
{ACAD_REACTORS
330
100006C6
102
}
330
100006C6
100
AcDbXrecord
1000
KFzK
  0
XRECORD
  5
100006CB
102
{ACAD_REACTORS
330
100006CA
102
}
330
100006CA
100
AcDbXrecord
1000
KFtK
  0
XRECORD
  5
100006CC
102
{ACAD_REACTORS
330
100006CA
102
}
330
100006CA
100
AcDbXrecord
1000
KFvK
  0
XRECORD
  5
100006CF
102
{ACAD_REACTORS
330
100006CE
102
}
330
100006CE
100
AcDbXrecord
1000
KFpK
  0
XRECORD
  5
100006D0
102
{ACAD_REACTORS
330
100006CE
102
}
330
100006CE
100
AcDbXrecord
1000
KFrK
  0
XRECORD
  5
100006D3
102
{ACAD_REACTORS
330
100006D2
102
}
330
100006D2
100
AcDbXrecord
1000
KFlK
  0
XRECORD
  5
100006D4
102
{ACAD_REACTORS
330
100006D2
102
}
330
100006D2
100
AcDbXrecord
1000
KFnK
  0
XRECORD
  5
100006D7
102
{ACAD_REACTORS
330
100006D6
102
}
330
100006D6
100
AcDbXrecord
1000
KFhK
  0
XRECORD
  5
100006D8
102
{ACAD_REACTORS
330
100006D6
102
}
330
100006D6
100
AcDbXrecord
1000
KFjK
  0
XRECORD
  5
100006DB
102
{ACAD_REACTORS
330
100006DA
102
}
330
100006DA
100
AcDbXrecord
1000
KFdK
  0
XRECORD
  5
100006DC
102
{ACAD_REACTORS
330
100006DA
102
}
330
100006DA
100
AcDbXrecord
1000
KFfK
  0
XRECORD
  5
100006DF
102
{ACAD_REACTORS
330
100006DE
102
}
330
100006DE
100
AcDbXrecord
1000
KFZK
  0
XRECORD
  5
100006E0
102
{ACAD_REACTORS
330
100006DE
102
}
330
100006DE
100
AcDbXrecord
1000
KFbK
  0
XRECORD
  5
100006E3
102
{ACAD_REACTORS
330
100006E2
102
}
330
100006E2
100
AcDbXrecord
1000
KFVK
  0
XRECORD
  5
100006E4
102
{ACAD_REACTORS
330
100006E2
102
}
330
100006E2
100
AcDbXrecord
1000
KFXK
  0
XRECORD
  5
100006E7
102
{ACAD_REACTORS
330
100006E6
102
}
330
100006E6
100
AcDbXrecord
1000
KFRK
  0
XRECORD
  5
100006E8
102
{ACAD_REACTORS
330
100006E6
102
}
330
100006E6
100
AcDbXrecord
1000
KFTK
  0
XRECORD
  5
100006EB
102
{ACAD_REACTORS
330
100006EA
102
}
330
100006EA
100
AcDbXrecord
1000
KFNK
  0
XRECORD
  5
100006EC
102
{ACAD_REACTORS
330
100006EA
102
}
330
100006EA
100
AcDbXrecord
1000
KFPK
  0
XRECORD
  5
100006EF
102
{ACAD_REACTORS
330
100006EE
102
}
330
100006EE
100
AcDbXrecord
1000
KFJK
  0
XRECORD
  5
100006F0
102
{ACAD_REACTORS
330
100006EE
102
}
330
100006EE
100
AcDbXrecord
1000
KFLK
  0
XRECORD
  5
100006F3
102
{ACAD_REACTORS
330
100006F2
102
}
330
100006F2
100
AcDbXrecord
1000
KFp+
  0
XRECORD
  5
100006F4
102
{ACAD_REACTORS
330
100006F2
102
}
330
100006F2
100
AcDbXrecord
1000
KFr+
  0
XRECORD
  5
100006F7
102
{ACAD_REACTORS
330
100006F6
102
}
330
100006F6
100
AcDbXrecord
1000
KFt+
  0
XRECORD
  5
100006F8
102
{ACAD_REACTORS
330
100006F6
102
}
330
100006F6
100
AcDbXrecord
1000
KFv+
  0
XRECORD
  5
100006FB
102
{ACAD_REACTORS
330
100006FA
102
}
330
100006FA
100
AcDbXrecord
1000
KF1+
  0
XRECORD
  5
100006FC
102
{ACAD_REACTORS
330
100006FA
102
}
330
100006FA
100
AcDbXrecord
1000
KF3+
  0
XRECORD
  5
100006FF
102
{ACAD_REACTORS
330
100006FE
102
}
330
100006FE
100
AcDbXrecord
1000
KF5+
  0
XRECORD
  5
10000700
102
{ACAD_REACTORS
330
100006FE
102
}
330
100006FE
100
AcDbXrecord
1000
KF7+
  0
XRECORD
  5
10000703
102
{ACAD_REACTORS
330
10000702
102
}
330
10000702
100
AcDbXrecord
1000
KFpa
  0
XRECORD
  5
10000704
102
{ACAD_REACTORS
330
10000702
102
}
330
10000702
100
AcDbXrecord
1000
KFra
  0
XRECORD
  5
10000707
102
{ACAD_REACTORS
330
10000706
102
}
330
10000706
100
AcDbXrecord
1000
LFBGB
  0
XRECORD
  5
10000708
102
{ACAD_REACTORS
330
10000706
102
}
330
10000706
100
AcDbXrecord
1000
LFLGB
  0
XRECORD
  5
1000070B
102
{ACAD_REACTORS
330
1000070A
102
}
330
1000070A
100
AcDbXrecord
1000
KFB/
  0
XRECORD
  5
1000070C
102
{ACAD_REACTORS
330
1000070A
102
}
330
1000070A
100
AcDbXrecord
1000
KFD/
  0
XRECORD
  5
1000070F
102
{ACAD_REACTORS
330
1000070E
102
}
330
1000070E
100
AcDbXrecord
1000
KFF/
  0
XRECORD
  5
10000710
102
{ACAD_REACTORS
330
1000070E
102
}
330
1000070E
100
AcDbXrecord
1000
KFH/
  0
XRECORD
  5
10000713
102
{ACAD_REACTORS
330
10000712
102
}
330
10000712
100
AcDbXrecord
1000
KFJ/
  0
XRECORD
  5
10000714
102
{ACAD_REACTORS
330
10000712
102
}
330
10000712
100
AcDbXrecord
1000
KFL/
  0
XRECORD
  5
10000717
102
{ACAD_REACTORS
330
10000716
102
}
330
10000716
100
AcDbXrecord
1000
KFN/
  0
XRECORD
  5
10000718
102
{ACAD_REACTORS
330
10000716
102
}
330
10000716
100
AcDbXrecord
1000
KFP/
  0
XRECORD
  5
1000071B
102
{ACAD_REACTORS
330
1000071A
102
}
330
1000071A
100
AcDbXrecord
1000
KFV/
  0
XRECORD
  5
1000071C
102
{ACAD_REACTORS
330
1000071A
102
}
330
1000071A
100
AcDbXrecord
1000
KFX/
  0
XRECORD
  5
1000071F
102
{ACAD_REACTORS
330
1000071E
102
}
330
1000071E
100
AcDbXrecord
1000
KFZ/
  0
XRECORD
  5
10000720
102
{ACAD_REACTORS
330
1000071E
102
}
330
1000071E
100
AcDbXrecord
1000
KFb/
  0
XRECORD
  5
10000723
102
{ACAD_REACTORS
330
10000722
102
}
330
10000722
100
AcDbXrecord
1000
KFJb
  0
XRECORD
  5
10000724
102
{ACAD_REACTORS
330
10000722
102
}
330
10000722
100
AcDbXrecord
1000
KFLb
  0
XRECORD
  5
10000727
102
{ACAD_REACTORS
330
10000726
102
}
330
10000726
100
AcDbXrecord
1000
LF5GB
  0
XRECORD
  5
10000728
102
{ACAD_REACTORS
330
10000726
102
}
330
10000726
100
AcDbXrecord
1000
LF/GB
  0
XRECORD
  5
1000072B
102
{ACAD_REACTORS
330
1000072A
102
}
330
1000072A
100
AcDbXrecord
1000
KFd/
  0
XRECORD
  5
1000072C
102
{ACAD_REACTORS
330
1000072A
102
}
330
1000072A
100
AcDbXrecord
1000
KFf/
  0
XRECORD
  5
1000072F
102
{ACAD_REACTORS
330
1000072E
102
}
330
1000072E
100
AcDbXrecord
1000
KFh/
  0
XRECORD
  5
10000730
102
{ACAD_REACTORS
330
1000072E
102
}
330
1000072E
100
AcDbXrecord
1000
KFj/
  0
XRECORD
  5
10000733
102
{ACAD_REACTORS
330
10000732
102
}
330
10000732
100
AcDbXrecord
1000
KFl/
  0
XRECORD
  5
10000734
102
{ACAD_REACTORS
330
10000732
102
}
330
10000732
100
AcDbXrecord
1000
KFn/
  0
XRECORD
  5
10000737
102
{ACAD_REACTORS
330
10000736
102
}
330
10000736
100
AcDbXrecord
1000
KFp/
  0
XRECORD
  5
10000738
102
{ACAD_REACTORS
330
10000736
102
}
330
10000736
100
AcDbXrecord
1000
KFr/
  0
XRECORD
  5
1000073B
102
{ACAD_REACTORS
330
1000073A
102
}
330
1000073A
100
AcDbXrecord
1000
KFt/
  0
XRECORD
  5
1000073C
102
{ACAD_REACTORS
330
1000073A
102
}
330
1000073A
100
AcDbXrecord
1000
KFv/
  0
XRECORD
  5
1000073F
102
{ACAD_REACTORS
330
1000073E
102
}
330
1000073E
100
AcDbXrecord
1000
KF1/
  0
XRECORD
  5
10000740
102
{ACAD_REACTORS
330
1000073E
102
}
330
1000073E
100
AcDbXrecord
1000
KF3/
  0
XRECORD
  5
10000743
102
{ACAD_REACTORS
330
10000742
102
}
330
10000742
100
AcDbXrecord
1000
KF5/
  0
XRECORD
  5
10000744
102
{ACAD_REACTORS
330
10000742
102
}
330
10000742
100
AcDbXrecord
1000
KF7/
  0
XRECORD
  5
10000747
102
{ACAD_REACTORS
330
10000746
102
}
330
10000746
100
AcDbXrecord
1000
KF9/
  0
XRECORD
  5
10000748
102
{ACAD_REACTORS
330
10000746
102
}
330
10000746
100
AcDbXrecord
1000
KF//
  0
XRECORD
  5
1000074B
102
{ACAD_REACTORS
330
1000074A
102
}
330
1000074A
100
AcDbXrecord
1000
LFBAB
  0
XRECORD
  5
1000074C
102
{ACAD_REACTORS
330
1000074A
102
}
330
1000074A
100
AcDbXrecord
1000
LFDAB
  0
XRECORD
  5
1000074F
102
{ACAD_REACTORS
330
1000074E
102
}
330
1000074E
100
AcDbXrecord
1000
LFFAB
  0
XRECORD
  5
10000750
102
{ACAD_REACTORS
330
1000074E
102
}
330
1000074E
100
AcDbXrecord
1000
LFHAB
  0
XRECORD
  5
10000753
102
{ACAD_REACTORS
330
10000752
102
}
330
10000752
100
AcDbXrecord
1000
LFJAB
  0
XRECORD
  5
10000754
102
{ACAD_REACTORS
330
10000752
102
}
330
10000752
100
AcDbXrecord
1000
LFLAB
  0
XRECORD
  5
10000757
102
{ACAD_REACTORS
330
10000756
102
}
330
10000756
100
AcDbXrecord
1000
LFNAB
  0
XRECORD
  5
10000758
102
{ACAD_REACTORS
330
10000756
102
}
330
10000756
100
AcDbXrecord
1000
LFPAB
  0
XRECORD
  5
1000075B
102
{ACAD_REACTORS
330
1000075A
102
}
330
1000075A
100
AcDbXrecord
1000
LFRAB
  0
XRECORD
  5
1000075C
102
{ACAD_REACTORS
330
1000075A
102
}
330
1000075A
100
AcDbXrecord
1000
LFTAB
  0
XRECORD
  5
1000075F
102
{ACAD_REACTORS
330
1000075E
102
}
330
1000075E
100
AcDbXrecord
1000
LFVAB
  0
XRECORD
  5
10000760
102
{ACAD_REACTORS
330
1000075E
102
}
330
1000075E
100
AcDbXrecord
1000
LFXAB
  0
XRECORD
  5
10000763
102
{ACAD_REACTORS
330
10000762
102
}
330
10000762
100
AcDbXrecord
1000
LFZAB
  0
XRECORD
  5
10000764
102
{ACAD_REACTORS
330
10000762
102
}
330
10000762
100
AcDbXrecord
1000
LFbAB
  0
XRECORD
  5
10000767
102
{ACAD_REACTORS
330
10000766
102
}
330
10000766
100
AcDbXrecord
1000
LFdAB
  0
XRECORD
  5
10000768
102
{ACAD_REACTORS
330
10000766
102
}
330
10000766
100
AcDbXrecord
1000
LFfAB
  0
XRECORD
  5
1000076B
102
{ACAD_REACTORS
330
1000076A
102
}
330
1000076A
100
AcDbXrecord
1000
LFhAB
  0
XRECORD
  5
1000076C
102
{ACAD_REACTORS
330
1000076A
102
}
330
1000076A
100
AcDbXrecord
1000
LFjAB
  0
XRECORD
  5
1000076F
102
{ACAD_REACTORS
330
1000076E
102
}
330
1000076E
100
AcDbXrecord
1000
LFpAB
  0
XRECORD
  5
10000770
102
{ACAD_REACTORS
330
1000076E
102
}
330
1000076E
100
AcDbXrecord
1000
LFrAB
  0
XRECORD
  5
10000773
102
{ACAD_REACTORS
330
10000772
102
}
330
10000772
100
AcDbXrecord
1000
LFtAB
  0
XRECORD
  5
10000774
102
{ACAD_REACTORS
330
10000772
102
}
330
10000772
100
AcDbXrecord
1000
LFvAB
  0
XRECORD
  5
10000777
102
{ACAD_REACTORS
330
10000776
102
}
330
10000776
100
AcDbXrecord
1000
LFxAB
  0
XRECORD
  5
10000778
102
{ACAD_REACTORS
330
10000776
102
}
330
10000776
100
AcDbXrecord
1000
LFzAB
  0
XRECORD
  5
1000077B
102
{ACAD_REACTORS
330
1000077A
102
}
330
1000077A
100
AcDbXrecord
1000
LF1AB
  0
XRECORD
  5
1000077C
102
{ACAD_REACTORS
330
1000077A
102
}
330
1000077A
100
AcDbXrecord
1000
LF3AB
  0
XRECORD
  5
1000077F
102
{ACAD_REACTORS
330
1000077E
102
}
330
1000077E
100
AcDbXrecord
1000
LF5AB
  0
XRECORD
  5
10000780
102
{ACAD_REACTORS
330
1000077E
102
}
330
1000077E
100
AcDbXrecord
1000
LF7AB
  0
XRECORD
  5
10000783
102
{ACAD_REACTORS
330
10000782
102
}
330
10000782
100
AcDbXrecord
1000
LF9AB
  0
XRECORD
  5
10000784
102
{ACAD_REACTORS
330
10000782
102
}
330
10000782
100
AcDbXrecord
1000
LF/AB
  0
XRECORD
  5
10000787
102
{ACAD_REACTORS
330
10000786
102
}
330
10000786
100
AcDbXrecord
1000
LFBBB
  0
XRECORD
  5
10000788
102
{ACAD_REACTORS
330
10000786
102
}
330
10000786
100
AcDbXrecord
1000
LFDBB
  0
XRECORD
  5
1000078B
102
{ACAD_REACTORS
330
1000078A
102
}
330
1000078A
100
AcDbXrecord
1000
LFJBB
  0
XRECORD
  5
1000078C
102
{ACAD_REACTORS
330
1000078A
102
}
330
1000078A
100
AcDbXrecord
1000
LFLBB
  0
XRECORD
  5
1000078F
102
{ACAD_REACTORS
330
1000078E
102
}
330
1000078E
100
AcDbXrecord
1000
LFNBB
  0
XRECORD
  5
10000790
102
{ACAD_REACTORS
330
1000078E
102
}
330
1000078E
100
AcDbXrecord
1000
LFPBB
  0
XRECORD
  5
10000793
102
{ACAD_REACTORS
330
10000792
102
}
330
10000792
100
AcDbXrecord
1000
LFRBB
  0
XRECORD
  5
10000794
102
{ACAD_REACTORS
330
10000792
102
}
330
10000792
100
AcDbXrecord
1000
LFTBB
  0
XRECORD
  5
10000797
102
{ACAD_REACTORS
330
10000796
102
}
330
10000796
100
AcDbXrecord
1000
LFVBB
  0
XRECORD
  5
10000798
102
{ACAD_REACTORS
330
10000796
102
}
330
10000796
100
AcDbXrecord
1000
LFXBB
  0
XRECORD
  5
1000079B
102
{ACAD_REACTORS
330
1000079A
102
}
330
1000079A
100
AcDbXrecord
1000
LFZBB
  0
XRECORD
  5
1000079C
102
{ACAD_REACTORS
330
1000079A
102
}
330
1000079A
100
AcDbXrecord
1000
LFbBB
  0
XRECORD
  5
1000079F
102
{ACAD_REACTORS
330
1000079E
102
}
330
1000079E
100
AcDbXrecord
1000
LFdBB
  0
XRECORD
  5
100007A0
102
{ACAD_REACTORS
330
1000079E
102
}
330
1000079E
100
AcDbXrecord
1000
LFfBB
  0
XRECORD
  5
100007A3
102
{ACAD_REACTORS
330
100007A2
102
}
330
100007A2
100
AcDbXrecord
1000
LFhBB
  0
XRECORD
  5
100007A4
102
{ACAD_REACTORS
330
100007A2
102
}
330
100007A2
100
AcDbXrecord
1000
LFjBB
  0
XRECORD
  5
100007A7
102
{ACAD_REACTORS
330
100007A6
102
}
330
100007A6
100
AcDbXrecord
1000
LFpBB
  0
XRECORD
  5
100007A8
102
{ACAD_REACTORS
330
100007A6
102
}
330
100007A6
100
AcDbXrecord
1000
LFrBB
  0
XRECORD
  5
100007AB
102
{ACAD_REACTORS
330
100007AA
102
}
330
100007AA
100
AcDbXrecord
1000
LFtBB
  0
XRECORD
  5
100007AC
102
{ACAD_REACTORS
330
100007AA
102
}
330
100007AA
100
AcDbXrecord
1000
LFvBB
  0
XRECORD
  5
100007AF
102
{ACAD_REACTORS
330
100007AE
102
}
330
100007AE
100
AcDbXrecord
1000
LFxBB
  0
XRECORD
  5
100007B0
102
{ACAD_REACTORS
330
100007AE
102
}
330
100007AE
100
AcDbXrecord
1000
LFzBB
  0
XRECORD
  5
100007B3
102
{ACAD_REACTORS
330
100007B2
102
}
330
100007B2
100
AcDbXrecord
1000
LF1BB
  0
XRECORD
  5
100007B4
102
{ACAD_REACTORS
330
100007B2
102
}
330
100007B2
100
AcDbXrecord
1000
LF3BB
  0
XRECORD
  5
100007B7
102
{ACAD_REACTORS
330
100007B6
102
}
330
100007B6
100
AcDbXrecord
1000
LF9BB
  0
XRECORD
  5
100007B8
102
{ACAD_REACTORS
330
100007B6
102
}
330
100007B6
100
AcDbXrecord
1000
LF/BB
  0
XRECORD
  5
100007BB
102
{ACAD_REACTORS
330
100007BA
102
}
330
100007BA
100
AcDbXrecord
1000
LFBCB
  0
XRECORD
  5
100007BC
102
{ACAD_REACTORS
330
100007BA
102
}
330
100007BA
100
AcDbXrecord
1000
LFDCB
  0
XRECORD
  5
100007BF
102
{ACAD_REACTORS
330
100007BE
102
}
330
100007BE
100
AcDbXrecord
1000
LFFCB
  0
XRECORD
  5
100007C0
102
{ACAD_REACTORS
330
100007BE
102
}
330
100007BE
100
AcDbXrecord
1000
LFHCB
  0
XRECORD
  5
100007C3
102
{ACAD_REACTORS
330
100007C2
102
}
330
100007C2
100
AcDbXrecord
1000
LFJCB
  0
XRECORD
  5
100007C4
102
{ACAD_REACTORS
330
100007C2
102
}
330
100007C2
100
AcDbXrecord
1000
LFLCB
  0
XRECORD
  5
100007C7
102
{ACAD_REACTORS
330
100007C6
102
}
330
100007C6
100
AcDbXrecord
1000
LFNCB
  0
XRECORD
  5
100007C8
102
{ACAD_REACTORS
330
100007C6
102
}
330
100007C6
100
AcDbXrecord
1000
LFPCB
  0
XRECORD
  5
100007CB
102
{ACAD_REACTORS
330
100007CA
102
}
330
100007CA
100
AcDbXrecord
1000
LFRCB
  0
XRECORD
  5
100007CC
102
{ACAD_REACTORS
330
100007CA
102
}
330
100007CA
100
AcDbXrecord
1000
LFTCB
  0
XRECORD
  5
100007CF
102
{ACAD_REACTORS
330
100007CE
102
}
330
100007CE
100
AcDbXrecord
1000
LFVCB
  0
XRECORD
  5
100007D0
102
{ACAD_REACTORS
330
100007CE
102
}
330
100007CE
100
AcDbXrecord
1000
LFXCB
  0
XRECORD
  5
100007D3
102
{ACAD_REACTORS
330
100007D2
102
}
330
100007D2
100
AcDbXrecord
1000
LFdCB
  0
XRECORD
  5
100007D4
102
{ACAD_REACTORS
330
100007D2
102
}
330
100007D2
100
AcDbXrecord
1000
LFfCB
  0
XRECORD
  5
100007D7
102
{ACAD_REACTORS
330
100007D6
102
}
330
100007D6
100
AcDbXrecord
1000
LFhCB
  0
XRECORD
  5
100007D8
102
{ACAD_REACTORS
330
100007D6
102
}
330
100007D6
100
AcDbXrecord
1000
LFjCB
  0
XRECORD
  5
100007DB
102
{ACAD_REACTORS
330
100007DA
102
}
330
100007DA
100
AcDbXrecord
1000
KF16
  0
XRECORD
  5
100007DC
102
{ACAD_REACTORS
330
100007DA
102
}
330
100007DA
100
AcDbXrecord
1000
KF36
  0
XRECORD
  5
100007DF
102
{ACAD_REACTORS
330
100007DE
102
}
330
100007DE
100
AcDbXrecord
1000
LF5BB
  0
XRECORD
  5
100007E0
102
{ACAD_REACTORS
330
100007DE
102
}
330
100007DE
100
AcDbXrecord
1000
LF7BB
  0
XRECORD
  5
100007E3
102
{ACAD_REACTORS
330
100007E2
102
}
330
100007E2
100
AcDbXrecord
1000
KFdm
  0
XRECORD
  5
100007E4
102
{ACAD_REACTORS
330
100007E2
102
}
330
100007E2
100
AcDbXrecord
1000
KFfm
  0
XRECORD
  5
100007E7
102
{ACAD_REACTORS
330
100007E6
102
}
330
100007E6
100
AcDbXrecord
1000
LFJFB
  0
XRECORD
  5
100007E8
102
{ACAD_REACTORS
330
100007E6
102
}
330
100007E6
100
AcDbXrecord
1000
LFTFB
  0
XRECORD
  5
100007EB
102
{ACAD_REACTORS
330
100007EA
102
}
330
100007EA
100
AcDbXrecord
1000
KFx+
  0
XRECORD
  5
100007EC
102
{ACAD_REACTORS
330
100007EA
102
}
330
100007EA
100
AcDbXrecord
1000
KFz+
  0
XRECORD
  5
100007EF
102
{ACAD_REACTORS
330
100007EE
102
}
330
100007EE
100
AcDbXrecord
1000
KFN0
  0
XRECORD
  5
100007F0
102
{ACAD_REACTORS
330
100007EE
102
}
330
100007EE
100
AcDbXrecord
1000
KFP0
  0
XRECORD
  5
100007F3
102
{ACAD_REACTORS
330
100007F2
102
}
330
100007F2
100
AcDbXrecord
1000
KF5H
  0
XRECORD
  5
100007F4
102
{ACAD_REACTORS
330
100007F2
102
}
330
100007F2
100
AcDbXrecord
1000
KF7H
  0
XRECORD
  5
100007F7
102
{ACAD_REACTORS
330
100007F6
102
}
330
100007F6
100
AcDbXrecord
1000
LFlAB
  0
XRECORD
  5
100007F8
102
{ACAD_REACTORS
330
100007F6
102
}
330
100007F6
100
AcDbXrecord
1000
LFnAB
  0
XRECORD
  5
100007FB
102
{ACAD_REACTORS
330
100007FA
102
}
330
100007FA
100
AcDbXrecord
1000
KFBM
  0
XRECORD
  5
100007FC
102
{ACAD_REACTORS
330
100007FA
102
}
330
100007FA
100
AcDbXrecord
1000
KFDM
  0
XRECORD
  5
100007FF
102
{ACAD_REACTORS
330
100007FE
102
}
330
100007FE
100
AcDbXrecord
1000
LFlFB
  0
XRECORD
  5
10000800
102
{ACAD_REACTORS
330
100007FE
102
}
330
100007FE
100
AcDbXrecord
1000
LFvFB
  0
XRECORD
  5
10000803
102
{ACAD_REACTORS
330
10000802
102
}
330
10000802
100
AcDbXrecord
1000
KFlt
  0
XRECORD
  5
10000804
102
{ACAD_REACTORS
330
10000802
102
}
330
10000802
100
AcDbXrecord
1000
KFnt
  0
XRECORD
  5
10000807
102
{ACAD_REACTORS
330
10000806
102
}
330
10000806
100
AcDbXrecord
1000
KFRB
  0
XRECORD
  5
10000808
102
{ACAD_REACTORS
330
10000806
102
}
330
10000806
100
AcDbXrecord
1000
KFTB
  0
XRECORD
  5
1000080B
102
{ACAD_REACTORS
330
1000080A
102
}
330
1000080A
100
AcDbXrecord
1000
KFV7
  0
XRECORD
  5
1000080C
102
{ACAD_REACTORS
330
1000080A
102
}
330
1000080A
100
AcDbXrecord
1000
KFX7
  0
XRECORD
  5
1000080F
102
{ACAD_REACTORS
330
1000080E
102
}
330
1000080E
100
AcDbXrecord
1000
LFZCB
  0
XRECORD
  5
10000810
102
{ACAD_REACTORS
330
1000080E
102
}
330
1000080E
100
AcDbXrecord
1000
LFbCB
  0
XRECORD
  5
10000813
102
{ACAD_REACTORS
330
10000812
102
}
330
10000812
100
AcDbXrecord
1000
KF9m
  0
XRECORD
  5
10000814
102
{ACAD_REACTORS
330
10000812
102
}
330
10000812
100
AcDbXrecord
1000
KF/m
  0
XRECORD
  5
10000817
102
{ACAD_REACTORS
330
10000816
102
}
330
10000816
100
AcDbXrecord
1000
LF9FB
  0
XRECORD
  5
10000818
102
{ACAD_REACTORS
330
10000816
102
}
330
10000816
100
AcDbXrecord
1000
LFHGB
  0
XRECORD
  5
1000081B
102
{ACAD_REACTORS
330
1000081A
102
}
330
1000081A
100
AcDbXrecord
1000
KFR/
  0
XRECORD
  5
1000081C
102
{ACAD_REACTORS
330
1000081A
102
}
330
1000081A
100
AcDbXrecord
1000
KFT/
  0
XRECORD
  5
1000081F
102
{ACAD_REACTORS
330
1000081E
102
}
330
1000081E
100
AcDbXrecord
1000
KFt0
  0
XRECORD
  5
10000820
102
{ACAD_REACTORS
330
1000081E
102
}
330
1000081E
100
AcDbXrecord
1000
KFv0
  0
XRECORD
  5
10000823
102
{ACAD_REACTORS
330
10000822
102
}
330
10000822
100
AcDbXrecord
1000
KFZI
  0
XRECORD
  5
10000824
102
{ACAD_REACTORS
330
10000822
102
}
330
10000822
100
AcDbXrecord
1000
KFbI
  0
XRECORD
  5
10000827
102
{ACAD_REACTORS
330
10000826
102
}
330
10000826
100
AcDbXrecord
1000
LFFBB
  0
XRECORD
  5
10000828
102
{ACAD_REACTORS
330
10000826
102
}
330
10000826
100
AcDbXrecord
1000
LFHBB
  0
XRECORD
  5
1000082B
102
{ACAD_REACTORS
330
1000082A
102
}
330
1000082A
100
AcDbXrecord
1000
KFhM
  0
XRECORD
  5
1000082C
102
{ACAD_REACTORS
330
1000082A
102
}
330
1000082A
100
AcDbXrecord
1000
KFjM
  0
XRECORD
  5
1000082F
102
{ACAD_REACTORS
330
1000082E
102
}
330
1000082E
100
AcDbXrecord
1000
LFdGB
  0
XRECORD
  5
10000830
102
{ACAD_REACTORS
330
1000082E
102
}
330
1000082E
100
AcDbXrecord
1000
LFjGB
  0
XRECORD
  5
10000833
102
{ACAD_REACTORS
330
10000832
102
}
330
10000832
100
AcDbXrecord
1000
KFFu
  0
XRECORD
  5
10000834
102
{ACAD_REACTORS
330
10000832
102
}
330
10000832
100
AcDbXrecord
1000
KFHu
  0
XRECORD
  5
10000837
102
{ACAD_REACTORS
330
10000836
102
}
330
10000836
100
AcDbXrecord
1000
KFxB
  0
XRECORD
  5
10000838
102
{ACAD_REACTORS
330
10000836
102
}
330
10000836
100
AcDbXrecord
1000
KFzB
  0
XRECORD
  5
1000083B
102
{ACAD_REACTORS
330
1000083A
102
}
330
1000083A
100
AcDbXrecord
1000
KF17
  0
XRECORD
  5
1000083C
102
{ACAD_REACTORS
330
1000083A
102
}
330
1000083A
100
AcDbXrecord
1000
KF37
  0
XRECORD
  5
1000083F
102
{ACAD_REACTORS
330
1000083E
102
}
330
1000083E
100
AcDbXrecord
1000
LF1GB
  0
XRECORD
  5
10000840
102
{ACAD_REACTORS
330
1000083E
102
}
330
1000083E
100
AcDbXrecord
1000
LF7GB
  0
XRECORD
  5
10000843
102
{ACAD_REACTORS
330
10000842
102
}
330
10000842
100
AcDbXrecord
1000
KFx/
  0
XRECORD
  5
10000844
102
{ACAD_REACTORS
330
10000842
102
}
330
10000842
100
AcDbXrecord
1000
KFz/
  0
XRECORD
  5
10000847
102
{ACAD_REACTORS
330
10000846
102
}
330
10000846
100
AcDbXrecord
1000
KFN1
  0
XRECORD
  5
10000848
102
{ACAD_REACTORS
330
10000846
102
}
330
10000846
100
AcDbXrecord
1000
KFP1
  0
XRECORD
  5
1000084B
102
{ACAD_REACTORS
330
1000084A
102
}
330
1000084A
100
AcDbXrecord
1000
KF5I
  0
XRECORD
  5
1000084C
102
{ACAD_REACTORS
330
1000084A
102
}
330
1000084A
100
AcDbXrecord
1000
KF7I
  0
XRECORD
  5
1000084F
102
{ACAD_REACTORS
330
1000084E
102
}
330
1000084E
100
AcDbXrecord
1000
LF9CB
  0
XRECORD
  5
10000850
102
{ACAD_REACTORS
330
1000084E
102
}
330
1000084E
100
AcDbXrecord
1000
LF/CB
  0
XRECORD
  5
10000853
102
{ACAD_REACTORS
330
10000852
102
}
330
10000852
100
AcDbXrecord
1000
LFlBB
  0
XRECORD
  5
10000854
102
{ACAD_REACTORS
330
10000852
102
}
330
10000852
100
AcDbXrecord
1000
LFnBB
  0
XRECORD
  5
10000857
102
{ACAD_REACTORS
330
10000856
102
}
330
10000856
100
AcDbXrecord
1000
KFBN
  0
XRECORD
  5
10000858
102
{ACAD_REACTORS
330
10000856
102
}
330
10000856
100
AcDbXrecord
1000
KFDN
  0
XRECORD
  5
1000085B
102
{ACAD_REACTORS
330
1000085A
102
}
330
1000085A
100
AcDbXrecord
1000
LFRHB
  0
XRECORD
  5
1000085C
102
{ACAD_REACTORS
330
1000085A
102
}
330
1000085A
100
AcDbXrecord
1000
LFXHB
  0
XRECORD
  5
1000085F
102
{ACAD_REACTORS
330
1000085E
102
}
330
1000085E
100
AcDbXrecord
1000
KFlu
  0
XRECORD
  5
10000860
102
{ACAD_REACTORS
330
1000085E
102
}
330
1000085E
100
AcDbXrecord
1000
KFnu
  0
XRECORD
  5
10000863
102
{ACAD_REACTORS
330
10000862
102
}
330
10000862
100
AcDbXrecord
1000
KFRC
  0
XRECORD
  5
10000864
102
{ACAD_REACTORS
330
10000862
102
}
330
10000862
100
AcDbXrecord
1000
KFTC
  0
XRECORD
  5
10000867
102
{ACAD_REACTORS
330
10000866
102
}
330
10000866
100
AcDbXrecord
1000
KFV8
  0
XRECORD
  5
10000868
102
{ACAD_REACTORS
330
10000866
102
}
330
10000866
100
AcDbXrecord
1000
KFX8
  0
XRECORD
  5
1000086B
102
{ACAD_REACTORS
330
1000086A
102
}
330
1000086A
100
AcDbXrecord
1000
LFlCB
  0
XRECORD
  5
1000086C
102
{ACAD_REACTORS
330
1000086A
102
}
330
1000086A
100
AcDbXrecord
1000
LFnCB
  0
XRECORD
  5
1000086F
102
{ACAD_REACTORS
330
1000086E
102
}
330
1000086E
100
AcDbXrecord
1000
KFht
  0
XRECORD
  5
10000870
102
{ACAD_REACTORS
330
1000086E
102
}
330
1000086E
100
AcDbXrecord
1000
KFjt
  0
XRECORD
  5
10000873
102
{ACAD_REACTORS
330
10000872
102
}
330
10000872
100
AcDbXrecord
1000
KFNB
  0
XRECORD
  5
10000874
102
{ACAD_REACTORS
330
10000872
102
}
330
10000872
100
AcDbXrecord
1000
KFPB
  0
XRECORD
  5
10000877
102
{ACAD_REACTORS
330
10000876
102
}
330
10000876
100
AcDbXrecord
1000
LFpCB
  0
XRECORD
  5
10000878
102
{ACAD_REACTORS
330
10000876
102
}
330
10000876
100
AcDbXrecord
1000
LFrCB
  0
XRECORD
  5
1000087B
102
{ACAD_REACTORS
330
1000087A
102
}
330
1000087A
100
AcDbXrecord
1000
LFtCB
  0
XRECORD
  5
1000087C
102
{ACAD_REACTORS
330
1000087A
102
}
330
1000087A
100
AcDbXrecord
1000
LFvCB
  0
XRECORD
  5
1000087F
102
{ACAD_REACTORS
330
1000087E
102
}
330
1000087E
100
AcDbXrecord
1000
KFpt
  0
XRECORD
  5
10000880
102
{ACAD_REACTORS
330
1000087E
102
}
330
1000087E
100
AcDbXrecord
1000
KFrt
  0
XRECORD
  5
10000883
102
{ACAD_REACTORS
330
10000882
102
}
330
10000882
100
AcDbXrecord
1000
KFVB
  0
XRECORD
  5
10000884
102
{ACAD_REACTORS
330
10000882
102
}
330
10000882
100
AcDbXrecord
1000
KFXB
  0
XRECORD
  5
10000887
102
{ACAD_REACTORS
330
10000886
102
}
330
10000886
100
AcDbXrecord
1000
LFxCB
  0
XRECORD
  5
10000888
102
{ACAD_REACTORS
330
10000886
102
}
330
10000886
100
AcDbXrecord
1000
LFzCB
  0
XRECORD
  5
1000088B
102
{ACAD_REACTORS
330
1000088A
102
}
330
1000088A
100
AcDbXrecord
1000
KFtt
  0
XRECORD
  5
1000088C
102
{ACAD_REACTORS
330
1000088A
102
}
330
1000088A
100
AcDbXrecord
1000
KFvt
  0
XRECORD
  5
1000088F
102
{ACAD_REACTORS
330
1000088E
102
}
330
1000088E
100
AcDbXrecord
1000
KFZB
  0
XRECORD
  5
10000890
102
{ACAD_REACTORS
330
1000088E
102
}
330
1000088E
100
AcDbXrecord
1000
KFbB
  0
XRECORD
  5
10000893
102
{ACAD_REACTORS
330
10000892
102
}
330
10000892
100
AcDbXrecord
1000
LF1CB
  0
XRECORD
  5
10000894
102
{ACAD_REACTORS
330
10000892
102
}
330
10000892
100
AcDbXrecord
1000
LF3CB
  0
XRECORD
  5
10000897
102
{ACAD_REACTORS
330
10000896
102
}
330
10000896
100
AcDbXrecord
1000
KFxt
  0
XRECORD
  5
10000898
102
{ACAD_REACTORS
330
10000896
102
}
330
10000896
100
AcDbXrecord
1000
KFzt
  0
XRECORD
  5
1000089B
102
{ACAD_REACTORS
330
1000089A
102
}
330
1000089A
100
AcDbXrecord
1000
KFdB
  0
XRECORD
  5
1000089C
102
{ACAD_REACTORS
330
1000089A
102
}
330
1000089A
100
AcDbXrecord
1000
KFfB
  0
XRECORD
  5
1000089F
102
{ACAD_REACTORS
330
1000089E
102
}
330
1000089E
100
AcDbXrecord
1000
LF5CB
  0
XRECORD
  5
100008A0
102
{ACAD_REACTORS
330
1000089E
102
}
330
1000089E
100
AcDbXrecord
1000
LF7CB
  0
XRECORD
  5
100008A3
102
{ACAD_REACTORS
330
100008A2
102
}
330
100008A2
100
AcDbXrecord
1000
KF9+
  0
XRECORD
  5
100008A4
102
{ACAD_REACTORS
330
100008A2
102
}
330
100008A2
100
AcDbXrecord
1000
KF/+
  0
XRECORD
  5
100008A7
102
{ACAD_REACTORS
330
100008A6
102
}
330
100008A6
100
AcDbXrecord
1000
LFxGB
  0
XRECORD
  5
100008A8
102
{ACAD_REACTORS
330
100008A6
102
}
330
100008A6
100
AcDbXrecord
1000
LF3GB
  0
XRECORD
  5
100008AB
102
{ACAD_REACTORS
330
100008AA
102
}
330
100008AA
100
AcDbXrecord
1000
KFdn
  0
XRECORD
  5
100008AC
102
{ACAD_REACTORS
330
100008AA
102
}
330
100008AA
100
AcDbXrecord
1000
KFfn
  0
XRECORD
  5
100008AF
102
{ACAD_REACTORS
330
100008AE
102
}
330
100008AE
100
AcDbXrecord
1000
KF1t
  0
XRECORD
  5
100008B0
102
{ACAD_REACTORS
330
100008AE
102
}
330
100008AE
100
AcDbXrecord
1000
KF3t
  0
XRECORD
  5
100008B3
102
{ACAD_REACTORS
330
100008B2
102
}
330
100008B2
100
AcDbXrecord
1000
KFhB
  0
XRECORD
  5
100008B4
102
{ACAD_REACTORS
330
100008B2
102
}
330
100008B2
100
AcDbXrecord
1000
KFjB
  0
XRECORD
  5
100008B7
102
{ACAD_REACTORS
330
100008B6
102
}
330
100008B6
100
AcDbXrecord
1000
KF5t
  0
XRECORD
  5
100008B8
102
{ACAD_REACTORS
330
100008B6
102
}
330
100008B6
100
AcDbXrecord
1000
KF7t
  0
XRECORD
  5
100008BB
102
{ACAD_REACTORS
330
100008BA
102
}
330
100008BA
100
AcDbXrecord
1000
KFlB
  0
XRECORD
  5
100008BC
102
{ACAD_REACTORS
330
100008BA
102
}
330
100008BA
100
AcDbXrecord
1000
KFnB
  0
XRECORD
  5
100008BF
102
{ACAD_REACTORS
330
100008BE
102
}
330
100008BE
100
AcDbXrecord
1000
LFBDB
  0
XRECORD
  5
100008C0
102
{ACAD_REACTORS
330
100008BE
102
}
330
100008BE
100
AcDbXrecord
1000
LFDDB
  0
XRECORD
  5
100008C3
102
{ACAD_REACTORS
330
100008C2
102
}
330
100008C2
100
AcDbXrecord
1000
KF9t
  0
XRECORD
  5
100008C4
102
{ACAD_REACTORS
330
100008C2
102
}
330
100008C2
100
AcDbXrecord
1000
KF/t
  0
XRECORD
  5
100008C7
102
{ACAD_REACTORS
330
100008C6
102
}
330
100008C6
100
AcDbXrecord
1000
KFpB
  0
XRECORD
  5
100008C8
102
{ACAD_REACTORS
330
100008C6
102
}
330
100008C6
100
AcDbXrecord
1000
KFrB
  0
XRECORD
  5
100008CB
102
{ACAD_REACTORS
330
100008CA
102
}
330
100008CA
100
AcDbXrecord
1000
LFFDB
  0
XRECORD
  5
100008CC
102
{ACAD_REACTORS
330
100008CA
102
}
330
100008CA
100
AcDbXrecord
1000
LFHDB
  0
XRECORD
  5
100008CF
102
{ACAD_REACTORS
330
100008CE
102
}
330
100008CE
100
AcDbXrecord
1000
KFBu
  0
XRECORD
  5
100008D0
102
{ACAD_REACTORS
330
100008CE
102
}
330
100008CE
100
AcDbXrecord
1000
KFDu
  0
XRECORD
  5
100008D3
102
{ACAD_REACTORS
330
100008D2
102
}
330
100008D2
100
AcDbXrecord
1000
KFtB
  0
XRECORD
  5
100008D4
102
{ACAD_REACTORS
330
100008D2
102
}
330
100008D2
100
AcDbXrecord
1000
KFvB
  0
XRECORD
  5
100008D7
102
{ACAD_REACTORS
330
100008D6
102
}
330
100008D6
100
AcDbXrecord
1000
LFJDB
  0
XRECORD
  5
100008D8
102
{ACAD_REACTORS
330
100008D6
102
}
330
100008D6
100
AcDbXrecord
1000
LFLDB
  0
XRECORD
  5
100008DB
102
{ACAD_REACTORS
330
100008DA
102
}
330
100008DA
100
AcDbXrecord
1000
LFNDB
  0
XRECORD
  5
100008DC
102
{ACAD_REACTORS
330
100008DA
102
}
330
100008DA
100
AcDbXrecord
1000
LFPDB
  0
XRECORD
  5
100008DF
102
{ACAD_REACTORS
330
100008DE
102
}
330
100008DE
100
AcDbXrecord
1000
KFJu
  0
XRECORD
  5
100008E0
102
{ACAD_REACTORS
330
100008DE
102
}
330
100008DE
100
AcDbXrecord
1000
KFLu
  0
XRECORD
  5
100008E3
102
{ACAD_REACTORS
330
100008E2
102
}
330
100008E2
100
AcDbXrecord
1000
KF1B
  0
XRECORD
  5
100008E4
102
{ACAD_REACTORS
330
100008E2
102
}
330
100008E2
100
AcDbXrecord
1000
KF3B
  0
XRECORD
  5
100008E7
102
{ACAD_REACTORS
330
100008E6
102
}
330
100008E6
100
AcDbXrecord
1000
LFRDB
  0
XRECORD
  5
100008E8
102
{ACAD_REACTORS
330
100008E6
102
}
330
100008E6
100
AcDbXrecord
1000
LFTDB
  0
XRECORD
  5
100008EB
102
{ACAD_REACTORS
330
100008EA
102
}
330
100008EA
100
AcDbXrecord
1000
KFNu
  0
XRECORD
  5
100008EC
102
{ACAD_REACTORS
330
100008EA
102
}
330
100008EA
100
AcDbXrecord
1000
KFPu
  0
XRECORD
  5
100008EF
102
{ACAD_REACTORS
330
100008EE
102
}
330
100008EE
100
AcDbXrecord
1000
KF5B
  0
XRECORD
  5
100008F0
102
{ACAD_REACTORS
330
100008EE
102
}
330
100008EE
100
AcDbXrecord
1000
KF7B
  0
XRECORD
  5
100008F3
102
{ACAD_REACTORS
330
100008F2
102
}
330
100008F2
100
AcDbXrecord
1000
LFVDB
  0
XRECORD
  5
100008F4
102
{ACAD_REACTORS
330
100008F2
102
}
330
100008F2
100
AcDbXrecord
1000
LFXDB
  0
XRECORD
  5
100008F7
102
{ACAD_REACTORS
330
100008F6
102
}
330
100008F6
100
AcDbXrecord
1000
KFRu
  0
XRECORD
  5
100008F8
102
{ACAD_REACTORS
330
100008F6
102
}
330
100008F6
100
AcDbXrecord
1000
KFTu
  0
XRECORD
  5
100008FB
102
{ACAD_REACTORS
330
100008FA
102
}
330
100008FA
100
AcDbXrecord
1000
KF9B
  0
XRECORD
  5
100008FC
102
{ACAD_REACTORS
330
100008FA
102
}
330
100008FA
100
AcDbXrecord
1000
KF/B
  0
XRECORD
  5
100008FF
102
{ACAD_REACTORS
330
100008FE
102
}
330
100008FE
100
AcDbXrecord
1000
LFZDB
  0
XRECORD
  5
10000900
102
{ACAD_REACTORS
330
100008FE
102
}
330
100008FE
100
AcDbXrecord
1000
LFbDB
  0
XRECORD
  5
10000903
102
{ACAD_REACTORS
330
10000902
102
}
330
10000902
100
AcDbXrecord
1000
KFVu
  0
XRECORD
  5
10000904
102
{ACAD_REACTORS
330
10000902
102
}
330
10000902
100
AcDbXrecord
1000
KFXu
  0
XRECORD
  5
10000907
102
{ACAD_REACTORS
330
10000906
102
}
330
10000906
100
AcDbXrecord
1000
KFBC
  0
XRECORD
  5
10000908
102
{ACAD_REACTORS
330
10000906
102
}
330
10000906
100
AcDbXrecord
1000
KFDC
  0
XRECORD
  5
1000090B
102
{ACAD_REACTORS
330
1000090A
102
}
330
1000090A
100
AcDbXrecord
1000
LFdDB
  0
XRECORD
  5
1000090C
102
{ACAD_REACTORS
330
1000090A
102
}
330
1000090A
100
AcDbXrecord
1000
LFfDB
  0
XRECORD
  5
1000090F
102
{ACAD_REACTORS
330
1000090E
102
}
330
1000090E
100
AcDbXrecord
1000
KFZu
  0
XRECORD
  5
10000910
102
{ACAD_REACTORS
330
1000090E
102
}
330
1000090E
100
AcDbXrecord
1000
KFbu
  0
XRECORD
  5
10000913
102
{ACAD_REACTORS
330
10000912
102
}
330
10000912
100
AcDbXrecord
1000
KFFC
  0
XRECORD
  5
10000914
102
{ACAD_REACTORS
330
10000912
102
}
330
10000912
100
AcDbXrecord
1000
KFHC
  0
XRECORD
  5
10000917
102
{ACAD_REACTORS
330
10000916
102
}
330
10000916
100
AcDbXrecord
1000
LFhDB
  0
XRECORD
  5
10000918
102
{ACAD_REACTORS
330
10000916
102
}
330
10000916
100
AcDbXrecord
1000
LFjDB
  0
XRECORD
  5
1000091B
102
{ACAD_REACTORS
330
1000091A
102
}
330
1000091A
100
AcDbXrecord
1000
KFdu
  0
XRECORD
  5
1000091C
102
{ACAD_REACTORS
330
1000091A
102
}
330
1000091A
100
AcDbXrecord
1000
KFfu
  0
XRECORD
  5
1000091F
102
{ACAD_REACTORS
330
1000091E
102
}
330
1000091E
100
AcDbXrecord
1000
KFJC
  0
XRECORD
  5
10000920
102
{ACAD_REACTORS
330
1000091E
102
}
330
1000091E
100
AcDbXrecord
1000
KFLC
  0
XRECORD
  5
10000923
102
{ACAD_REACTORS
330
10000922
102
}
330
10000922
100
AcDbXrecord
1000
LFlDB
  0
XRECORD
  5
10000924
102
{ACAD_REACTORS
330
10000922
102
}
330
10000922
100
AcDbXrecord
1000
LFnDB
  0
XRECORD
  5
10000927
102
{ACAD_REACTORS
330
10000926
102
}
330
10000926
100
AcDbXrecord
1000
KFhu
  0
XRECORD
  5
10000928
102
{ACAD_REACTORS
330
10000926
102
}
330
10000926
100
AcDbXrecord
1000
KFju
  0
XRECORD
  5
1000092B
102
{ACAD_REACTORS
330
1000092A
102
}
330
1000092A
100
AcDbXrecord
1000
KFNC
  0
XRECORD
  5
1000092C
102
{ACAD_REACTORS
330
1000092A
102
}
330
1000092A
100
AcDbXrecord
1000
KFPC
  0
XRECORD
  5
1000092F
102
{ACAD_REACTORS
330
1000092E
102
}
330
1000092E
100
AcDbXrecord
1000
LFpDB
  0
XRECORD
  5
10000930
102
{ACAD_REACTORS
330
1000092E
102
}
330
1000092E
100
AcDbXrecord
1000
LFrDB
  0
XRECORD
  5
10000933
102
{ACAD_REACTORS
330
10000932
102
}
330
10000932
100
AcDbXrecord
1000
LFtDB
  0
XRECORD
  5
10000934
102
{ACAD_REACTORS
330
10000932
102
}
330
10000932
100
AcDbXrecord
1000
LFvDB
  0
XRECORD
  5
10000937
102
{ACAD_REACTORS
330
10000936
102
}
330
10000936
100
AcDbXrecord
1000
KFFT
  0
XRECORD
  5
10000938
102
{ACAD_REACTORS
330
10000936
102
}
330
10000936
100
AcDbXrecord
1000
KFHT
  0
XRECORD
  5
1000093B
102
{ACAD_REACTORS
330
1000093A
102
}
330
1000093A
100
AcDbXrecord
1000
LFZFB
  0
XRECORD
  5
1000093C
102
{ACAD_REACTORS
330
1000093A
102
}
330
1000093A
100
AcDbXrecord
1000
LFjFB
  0
XRECORD
  5
1000093F
102
{ACAD_REACTORS
330
1000093E
102
}
330
1000093E
100
AcDbXrecord
1000
KFpu
  0
XRECORD
  5
10000940
102
{ACAD_REACTORS
330
1000093E
102
}
330
1000093E
100
AcDbXrecord
1000
KFru
  0
XRECORD
  5
10000943
102
{ACAD_REACTORS
330
10000942
102
}
330
10000942
100
AcDbXrecord
1000
KFVC
  0
XRECORD
  5
10000944
102
{ACAD_REACTORS
330
10000942
102
}
330
10000942
100
AcDbXrecord
1000
KFXC
  0
XRECORD
  5
10000947
102
{ACAD_REACTORS
330
10000946
102
}
330
10000946
100
AcDbXrecord
1000
LFxDB
  0
XRECORD
  5
10000948
102
{ACAD_REACTORS
330
10000946
102
}
330
10000946
100
AcDbXrecord
1000
LFzDB
  0
XRECORD
  5
1000094B
102
{ACAD_REACTORS
330
1000094A
102
}
330
1000094A
100
AcDbXrecord
1000
KFtu
  0
XRECORD
  5
1000094C
102
{ACAD_REACTORS
330
1000094A
102
}
330
1000094A
100
AcDbXrecord
1000
KFvu
  0
XRECORD
  5
1000094F
102
{ACAD_REACTORS
330
1000094E
102
}
330
1000094E
100
AcDbXrecord
1000
KFZC
  0
XRECORD
  5
10000950
102
{ACAD_REACTORS
330
1000094E
102
}
330
1000094E
100
AcDbXrecord
1000
KFbC
  0
XRECORD
  5
10000953
102
{ACAD_REACTORS
330
10000952
102
}
330
10000952
100
AcDbXrecord
1000
LF1DB
  0
XRECORD
  5
10000954
102
{ACAD_REACTORS
330
10000952
102
}
330
10000952
100
AcDbXrecord
1000
LF3DB
  0
XRECORD
  5
10000957
102
{ACAD_REACTORS
330
10000956
102
}
330
10000956
100
AcDbXrecord
1000
KFxu
  0
XRECORD
  5
10000958
102
{ACAD_REACTORS
330
10000956
102
}
330
10000956
100
AcDbXrecord
1000
KFzu
  0
XRECORD
  5
1000095B
102
{ACAD_REACTORS
330
1000095A
102
}
330
1000095A
100
AcDbXrecord
1000
KFdC
  0
XRECORD
  5
1000095C
102
{ACAD_REACTORS
330
1000095A
102
}
330
1000095A
100
AcDbXrecord
1000
KFfC
  0
XRECORD
  5
1000095F
102
{ACAD_REACTORS
330
1000095E
102
}
330
1000095E
100
AcDbXrecord
1000
LF5DB
  0
XRECORD
  5
10000960
102
{ACAD_REACTORS
330
1000095E
102
}
330
1000095E
100
AcDbXrecord
1000
LF7DB
  0
XRECORD
  5
10000963
102
{ACAD_REACTORS
330
10000962
102
}
330
10000962
100
AcDbXrecord
1000
KF1u
  0
XRECORD
  5
10000964
102
{ACAD_REACTORS
330
10000962
102
}
330
10000962
100
AcDbXrecord
1000
KF3u
  0
XRECORD
  5
10000967
102
{ACAD_REACTORS
330
10000966
102
}
330
10000966
100
AcDbXrecord
1000
KFhC
  0
XRECORD
  5
10000968
102
{ACAD_REACTORS
330
10000966
102
}
330
10000966
100
AcDbXrecord
1000
KFjC
  0
XRECORD
  5
1000096B
102
{ACAD_REACTORS
330
1000096A
102
}
330
1000096A
100
AcDbXrecord
1000
LF9DB
  0
XRECORD
  5
1000096C
102
{ACAD_REACTORS
330
1000096A
102
}
330
1000096A
100
AcDbXrecord
1000
LF/DB
  0
XRECORD
  5
1000096F
102
{ACAD_REACTORS
330
1000096E
102
}
330
1000096E
100
AcDbXrecord
1000
KF5u
  0
XRECORD
  5
10000970
102
{ACAD_REACTORS
330
1000096E
102
}
330
1000096E
100
AcDbXrecord
1000
KF7u
  0
XRECORD
  5
10000973
102
{ACAD_REACTORS
330
10000972
102
}
330
10000972
100
AcDbXrecord
1000
KFlC
  0
XRECORD
  5
10000974
102
{ACAD_REACTORS
330
10000972
102
}
330
10000972
100
AcDbXrecord
1000
KFnC
  0
XRECORD
  5
10000977
102
{ACAD_REACTORS
330
10000976
102
}
330
10000976
100
AcDbXrecord
1000
LFBEB
  0
XRECORD
  5
10000978
102
{ACAD_REACTORS
330
10000976
102
}
330
10000976
100
AcDbXrecord
1000
LFDEB
  0
XRECORD
  5
1000097B
102
{ACAD_REACTORS
330
1000097A
102
}
330
1000097A
100
AcDbXrecord
1000
KF9u
  0
XRECORD
  5
1000097C
102
{ACAD_REACTORS
330
1000097A
102
}
330
1000097A
100
AcDbXrecord
1000
KF/u
  0
XRECORD
  5
1000097F
102
{ACAD_REACTORS
330
1000097E
102
}
330
1000097E
100
AcDbXrecord
1000
KFpC
  0
XRECORD
  5
10000980
102
{ACAD_REACTORS
330
1000097E
102
}
330
1000097E
100
AcDbXrecord
1000
KFrC
  0
XRECORD
  5
10000983
102
{ACAD_REACTORS
330
10000982
102
}
330
10000982
100
AcDbXrecord
1000
LFFEB
  0
XRECORD
  5
10000984
102
{ACAD_REACTORS
330
10000982
102
}
330
10000982
100
AcDbXrecord
1000
LFHEB
  0
XRECORD
  5
10000987
102
{ACAD_REACTORS
330
10000986
102
}
330
10000986
100
AcDbXrecord
1000
KFBv
  0
XRECORD
  5
10000988
102
{ACAD_REACTORS
330
10000986
102
}
330
10000986
100
AcDbXrecord
1000
KFDv
  0
XRECORD
  5
1000098B
102
{ACAD_REACTORS
330
1000098A
102
}
330
1000098A
100
AcDbXrecord
1000
KFtC
  0
XRECORD
  5
1000098C
102
{ACAD_REACTORS
330
1000098A
102
}
330
1000098A
100
AcDbXrecord
1000
KFvC
  0
XRECORD
  5
1000098F
102
{ACAD_REACTORS
330
1000098E
102
}
330
1000098E
100
AcDbXrecord
1000
LFJEB
  0
XRECORD
  5
10000990
102
{ACAD_REACTORS
330
1000098E
102
}
330
1000098E
100
AcDbXrecord
1000
LFLEB
  0
XRECORD
  5
10000993
102
{ACAD_REACTORS
330
10000992
102
}
330
10000992
100
AcDbXrecord
1000
KFFv
  0
XRECORD
  5
10000994
102
{ACAD_REACTORS
330
10000992
102
}
330
10000992
100
AcDbXrecord
1000
KFHv
  0
XRECORD
  5
10000997
102
{ACAD_REACTORS
330
10000996
102
}
330
10000996
100
AcDbXrecord
1000
KFxC
  0
XRECORD
  5
10000998
102
{ACAD_REACTORS
330
10000996
102
}
330
10000996
100
AcDbXrecord
1000
KFzC
  0
XRECORD
  5
1000099B
102
{ACAD_REACTORS
330
1000099A
102
}
330
1000099A
100
AcDbXrecord
1000
LFNEB
  0
XRECORD
  5
1000099C
102
{ACAD_REACTORS
330
1000099A
102
}
330
1000099A
100
AcDbXrecord
1000
LFPEB
  0
XRECORD
  5
1000099F
102
{ACAD_REACTORS
330
1000099E
102
}
330
1000099E
100
AcDbXrecord
1000
KFlT
  0
XRECORD
  5
100009A0
102
{ACAD_REACTORS
330
1000099E
102
}
330
1000099E
100
AcDbXrecord
1000
KFnT
  0
XRECORD
  5
100009A3
102
{ACAD_REACTORS
330
100009A2
102
}
330
100009A2
100
AcDbXrecord
1000
LFRGB
  0
XRECORD
  5
100009A4
102
{ACAD_REACTORS
330
100009A2
102
}
330
100009A2
100
AcDbXrecord
1000
LFXGB
  0
XRECORD
  5
100009A7
102
{ACAD_REACTORS
330
100009A6
102
}
330
100009A6
100
AcDbXrecord
1000
KFJv
  0
XRECORD
  5
100009A8
102
{ACAD_REACTORS
330
100009A6
102
}
330
100009A6
100
AcDbXrecord
1000
KFLv
  0
XRECORD
  5
100009AB
102
{ACAD_REACTORS
330
100009AA
102
}
330
100009AA
100
AcDbXrecord
1000
KF1C
  0
XRECORD
  5
100009AC
102
{ACAD_REACTORS
330
100009AA
102
}
330
100009AA
100
AcDbXrecord
1000
KF3C
  0
XRECORD
  5
100009AF
102
{ACAD_REACTORS
330
100009AE
102
}
330
100009AE
100
AcDbXrecord
1000
LFREB
  0
XRECORD
  5
100009B0
102
{ACAD_REACTORS
330
100009AE
102
}
330
100009AE
100
AcDbXrecord
1000
LFTEB
  0
XRECORD
  5
100009B3
102
{ACAD_REACTORS
330
100009B2
102
}
330
100009B2
100
AcDbXrecord
1000
KFNv
  0
XRECORD
  5
100009B4
102
{ACAD_REACTORS
330
100009B2
102
}
330
100009B2
100
AcDbXrecord
1000
KFPv
  0
XRECORD
  5
100009B7
102
{ACAD_REACTORS
330
100009B6
102
}
330
100009B6
100
AcDbXrecord
1000
KF5C
  0
XRECORD
  5
100009B8
102
{ACAD_REACTORS
330
100009B6
102
}
330
100009B6
100
AcDbXrecord
1000
KF7C
  0
XRECORD
  5
100009BB
102
{ACAD_REACTORS
330
100009BA
102
}
330
100009BA
100
AcDbXrecord
1000
KFx0
  0
XRECORD
  5
100009BC
102
{ACAD_REACTORS
330
100009BA
102
}
330
100009BA
100
AcDbXrecord
1000
KFz0
  0
XRECORD
  5
100009BF
102
{ACAD_REACTORS
330
100009BE
102
}
330
100009BE
100
AcDbXrecord
1000
KFdI
  0
XRECORD
  5
100009C0
102
{ACAD_REACTORS
330
100009BE
102
}
330
100009BE
100
AcDbXrecord
1000
KFfI
  0
XRECORD
  5
100009C3
102
{ACAD_REACTORS
330
100009C2
102
}
330
100009C2
100
AcDbXrecord
1000
KF10
  0
XRECORD
  5
100009C4
102
{ACAD_REACTORS
330
100009C2
102
}
330
100009C2
100
AcDbXrecord
1000
KF30
  0
XRECORD
  5
100009C7
102
{ACAD_REACTORS
330
100009C6
102
}
330
100009C6
100
AcDbXrecord
1000
KFhI
  0
XRECORD
  5
100009C8
102
{ACAD_REACTORS
330
100009C6
102
}
330
100009C6
100
AcDbXrecord
1000
KFjI
  0
XRECORD
  5
100009CB
102
{ACAD_REACTORS
330
100009CA
102
}
330
100009CA
100
AcDbXrecord
1000
KFNh
  0
XRECORD
  5
100009CC
102
{ACAD_REACTORS
330
100009CA
102
}
330
100009CA
100
AcDbXrecord
1000
KFPh
  0
XRECORD
  5
100009CF
102
{ACAD_REACTORS
330
100009CE
102
}
330
100009CE
100
AcDbXrecord
1000
LFBFB
  0
XRECORD
  5
100009D0
102
{ACAD_REACTORS
330
100009CE
102
}
330
100009CE
100
AcDbXrecord
1000
LFLFB
  0
XRECORD
  5
100009D3
102
{ACAD_REACTORS
330
100009D2
102
}
330
100009D2
100
AcDbXrecord
1000
KFpw
  0
XRECORD
  5
100009D4
102
{ACAD_REACTORS
330
100009D2
102
}
330
100009D2
100
AcDbXrecord
1000
KFrw
  0
XRECORD
  5
100009D7
102
{ACAD_REACTORS
330
100009D6
102
}
330
100009D6
100
AcDbXrecord
1000
KFVE
  0
XRECORD
  5
100009D8
102
{ACAD_REACTORS
330
100009D6
102
}
330
100009D6
100
AcDbXrecord
1000
KFXE
  0
XRECORD
  5
100009DB
102
{ACAD_REACTORS
330
100009DA
102
}
330
100009DA
100
AcDbXrecord
1000
KF50
  0
XRECORD
  5
100009DC
102
{ACAD_REACTORS
330
100009DA
102
}
330
100009DA
100
AcDbXrecord
1000
KF70
  0
XRECORD
  5
100009DF
102
{ACAD_REACTORS
330
100009DE
102
}
330
100009DE
100
AcDbXrecord
1000
KFlI
  0
XRECORD
  5
100009E0
102
{ACAD_REACTORS
330
100009DE
102
}
330
100009DE
100
AcDbXrecord
1000
KFnI
  0
XRECORD
  5
100009E3
102
{ACAD_REACTORS
330
100009E2
102
}
330
100009E2
100
AcDbXrecord
1000
KF90
  0
XRECORD
  5
100009E4
102
{ACAD_REACTORS
330
100009E2
102
}
330
100009E2
100
AcDbXrecord
1000
KF/0
  0
XRECORD
  5
100009E7
102
{ACAD_REACTORS
330
100009E6
102
}
330
100009E6
100
AcDbXrecord
1000
KFpI
  0
XRECORD
  5
100009E8
102
{ACAD_REACTORS
330
100009E6
102
}
330
100009E6
100
AcDbXrecord
1000
KFrI
  0
XRECORD
  5
100009EB
102
{ACAD_REACTORS
330
100009EA
102
}
330
100009EA
100
AcDbXrecord
1000
KFB1
  0
XRECORD
  5
100009EC
102
{ACAD_REACTORS
330
100009EA
102
}
330
100009EA
100
AcDbXrecord
1000
KFD1
  0
XRECORD
  5
100009EF
102
{ACAD_REACTORS
330
100009EE
102
}
330
100009EE
100
AcDbXrecord
1000
KFtI
  0
XRECORD
  5
100009F0
102
{ACAD_REACTORS
330
100009EE
102
}
330
100009EE
100
AcDbXrecord
1000
KFvI
  0
XRECORD
  5
100009F3
102
{ACAD_REACTORS
330
100009F2
102
}
330
100009F2
100
AcDbXrecord
1000
KFF1
  0
XRECORD
  5
100009F4
102
{ACAD_REACTORS
330
100009F2
102
}
330
100009F2
100
AcDbXrecord
1000
KFH1
  0
XRECORD
  5
100009F7
102
{ACAD_REACTORS
330
100009F6
102
}
330
100009F6
100
AcDbXrecord
1000
KFxI
  0
XRECORD
  5
100009F8
102
{ACAD_REACTORS
330
100009F6
102
}
330
100009F6
100
AcDbXrecord
1000
KFzI
  0
XRECORD
  5
100009FB
102
{ACAD_REACTORS
330
100009FA
102
}
330
100009FA
100
AcDbXrecord
1000
KFJ1
  0
XRECORD
  5
100009FC
102
{ACAD_REACTORS
330
100009FA
102
}
330
100009FA
100
AcDbXrecord
1000
KFL1
  0
XRECORD
  5
100009FF
102
{ACAD_REACTORS
330
100009FE
102
}
330
100009FE
100
AcDbXrecord
1000
KF1I
  0
XRECORD
  5
10000A00
102
{ACAD_REACTORS
330
100009FE
102
}
330
100009FE
100
AcDbXrecord
1000
KF3I
  0
XRECORD
  5
10000A03
102
{ACAD_REACTORS
330
10000A02
102
}
330
10000A02
100
AcDbXrecord
1000
KFR1
  0
XRECORD
  5
10000A04
102
{ACAD_REACTORS
330
10000A02
102
}
330
10000A02
100
AcDbXrecord
1000
KFT1
  0
XRECORD
  5
10000A07
102
{ACAD_REACTORS
330
10000A06
102
}
330
10000A06
100
AcDbXrecord
1000
KF9I
  0
XRECORD
  5
10000A08
102
{ACAD_REACTORS
330
10000A06
102
}
330
10000A06
100
AcDbXrecord
1000
KF/I
  0
XRECORD
  5
10000A0B
102
{ACAD_REACTORS
330
10000A0A
102
}
330
10000A0A
100
AcDbXrecord
1000
KFV1
  0
XRECORD
  5
10000A0C
102
{ACAD_REACTORS
330
10000A0A
102
}
330
10000A0A
100
AcDbXrecord
1000
KFX1
  0
XRECORD
  5
10000A0F
102
{ACAD_REACTORS
330
10000A0E
102
}
330
10000A0E
100
AcDbXrecord
1000
KFBJ
  0
XRECORD
  5
10000A10
102
{ACAD_REACTORS
330
10000A0E
102
}
330
10000A0E
100
AcDbXrecord
1000
KFDJ
  0
XRECORD
  5
10000A13
102
{ACAD_REACTORS
330
10000A12
102
}
330
10000A12
100
AcDbXrecord
1000
KFth
  0
XRECORD
  5
10000A14
102
{ACAD_REACTORS
330
10000A12
102
}
330
10000A12
100
AcDbXrecord
1000
KFvh
  0
XRECORD
  5
10000A17
102
{ACAD_REACTORS
330
10000A16
102
}
330
10000A16
100
AcDbXrecord
1000
LF1FB
  0
XRECORD
  5
10000A18
102
{ACAD_REACTORS
330
10000A16
102
}
330
10000A16
100
AcDbXrecord
1000
LF/FB
  0
XRECORD
  5
10000A1B
102
{ACAD_REACTORS
330
10000A1A
102
}
330
10000A1A
100
AcDbXrecord
1000
KFJx
  0
XRECORD
  5
10000A1C
102
{ACAD_REACTORS
330
10000A1A
102
}
330
10000A1A
100
AcDbXrecord
1000
KFLx
  0
XRECORD
  5
10000A1F
102
{ACAD_REACTORS
330
10000A1E
102
}
330
10000A1E
100
AcDbXrecord
1000
KF1E
  0
XRECORD
  5
10000A20
102
{ACAD_REACTORS
330
10000A1E
102
}
330
10000A1E
100
AcDbXrecord
1000
KF3E
  0
XRECORD
  5
10000A23
102
{ACAD_REACTORS
330
10000A22
102
}
330
10000A22
100
AcDbXrecord
1000
KFZ1
  0
XRECORD
  5
10000A24
102
{ACAD_REACTORS
330
10000A22
102
}
330
10000A22
100
AcDbXrecord
1000
KFb1
  0
XRECORD
  5
10000A27
102
{ACAD_REACTORS
330
10000A26
102
}
330
10000A26
100
AcDbXrecord
1000
KFFJ
  0
XRECORD
  5
10000A28
102
{ACAD_REACTORS
330
10000A26
102
}
330
10000A26
100
AcDbXrecord
1000
KFHJ
  0
XRECORD
  5
10000A2B
102
{ACAD_REACTORS
330
10000A2A
102
}
330
10000A2A
100
AcDbXrecord
1000
KFd1
  0
XRECORD
  5
10000A2C
102
{ACAD_REACTORS
330
10000A2A
102
}
330
10000A2A
100
AcDbXrecord
1000
KFf1
  0
XRECORD
  5
10000A2F
102
{ACAD_REACTORS
330
10000A2E
102
}
330
10000A2E
100
AcDbXrecord
1000
KFJJ
  0
XRECORD
  5
10000A30
102
{ACAD_REACTORS
330
10000A2E
102
}
330
10000A2E
100
AcDbXrecord
1000
KFLJ
  0
XRECORD
  5
10000A33
102
{ACAD_REACTORS
330
10000A32
102
}
330
10000A32
100
AcDbXrecord
1000
KFh1
  0
XRECORD
  5
10000A34
102
{ACAD_REACTORS
330
10000A32
102
}
330
10000A32
100
AcDbXrecord
1000
KFj1
  0
XRECORD
  5
10000A37
102
{ACAD_REACTORS
330
10000A36
102
}
330
10000A36
100
AcDbXrecord
1000
KFNJ
  0
XRECORD
  5
10000A38
102
{ACAD_REACTORS
330
10000A36
102
}
330
10000A36
100
AcDbXrecord
1000
KFPJ
  0
XRECORD
  5
10000A3B
102
{ACAD_REACTORS
330
10000A3A
102
}
330
10000A3A
100
AcDbXrecord
1000
KFl1
  0
XRECORD
  5
10000A3C
102
{ACAD_REACTORS
330
10000A3A
102
}
330
10000A3A
100
AcDbXrecord
1000
KFn1
  0
XRECORD
  5
10000A3F
102
{ACAD_REACTORS
330
10000A3E
102
}
330
10000A3E
100
AcDbXrecord
1000
KFRJ
  0
XRECORD
  5
10000A40
102
{ACAD_REACTORS
330
10000A3E
102
}
330
10000A3E
100
AcDbXrecord
1000
KFTJ
  0
XRECORD
  5
10000A43
102
{ACAD_REACTORS
330
10000A42
102
}
330
10000A42
100
AcDbXrecord
1000
KFp1
  0
XRECORD
  5
10000A44
102
{ACAD_REACTORS
330
10000A42
102
}
330
10000A42
100
AcDbXrecord
1000
KFr1
  0
XRECORD
  5
10000A47
102
{ACAD_REACTORS
330
10000A46
102
}
330
10000A46
100
AcDbXrecord
1000
KFVJ
  0
XRECORD
  5
10000A48
102
{ACAD_REACTORS
330
10000A46
102
}
330
10000A46
100
AcDbXrecord
1000
KFXJ
  0
XRECORD
  5
10000A4B
102
{ACAD_REACTORS
330
10000A4A
102
}
330
10000A4A
100
AcDbXrecord
1000
KFt1
  0
XRECORD
  5
10000A4C
102
{ACAD_REACTORS
330
10000A4A
102
}
330
10000A4A
100
AcDbXrecord
1000
KFv1
  0
XRECORD
  5
10000A4F
102
{ACAD_REACTORS
330
10000A4E
102
}
330
10000A4E
100
AcDbXrecord
1000
KFZJ
  0
XRECORD
  5
10000A50
102
{ACAD_REACTORS
330
10000A4E
102
}
330
10000A4E
100
AcDbXrecord
1000
KFbJ
  0
XRECORD
  5
10000A53
102
{ACAD_REACTORS
330
10000A52
102
}
330
10000A52
100
AcDbXrecord
1000
KFx1
  0
XRECORD
  5
10000A54
102
{ACAD_REACTORS
330
10000A52
102
}
330
10000A52
100
AcDbXrecord
1000
KFz1
  0
XRECORD
  5
10000A57
102
{ACAD_REACTORS
330
10000A56
102
}
330
10000A56
100
AcDbXrecord
1000
KFdJ
  0
XRECORD
  5
10000A58
102
{ACAD_REACTORS
330
10000A56
102
}
330
10000A56
100
AcDbXrecord
1000
KFfJ
  0
XRECORD
  5
10000A5B
102
{ACAD_REACTORS
330
10000A5A
102
}
330
10000A5A
100
AcDbXrecord
1000
KF11
  0
XRECORD
  5
10000A5C
102
{ACAD_REACTORS
330
10000A5A
102
}
330
10000A5A
100
AcDbXrecord
1000
KF31
  0
XRECORD
  5
10000A5F
102
{ACAD_REACTORS
330
10000A5E
102
}
330
10000A5E
100
AcDbXrecord
1000
KFhJ
  0
XRECORD
  5
10000A60
102
{ACAD_REACTORS
330
10000A5E
102
}
330
10000A5E
100
AcDbXrecord
1000
KFjJ
  0
XRECORD
  5
10000A63
102
{ACAD_REACTORS
330
10000A62
102
}
330
10000A62
100
AcDbXrecord
1000
KFNi
  0
XRECORD
  5
10000A64
102
{ACAD_REACTORS
330
10000A62
102
}
330
10000A62
100
AcDbXrecord
1000
KFPi
  0
XRECORD
  5
10000A67
102
{ACAD_REACTORS
330
10000A66
102
}
330
10000A66
100
AcDbXrecord
1000
LFtGB
  0
XRECORD
  5
10000A68
102
{ACAD_REACTORS
330
10000A66
102
}
330
10000A66
100
AcDbXrecord
1000
LFzGB
  0
XRECORD
  5
10000A6B
102
{ACAD_REACTORS
330
10000A6A
102
}
330
10000A6A
100
AcDbXrecord
1000
KFpx
  0
XRECORD
  5
10000A6C
102
{ACAD_REACTORS
330
10000A6A
102
}
330
10000A6A
100
AcDbXrecord
1000
KFrx
  0
XRECORD
  5
10000A6F
102
{ACAD_REACTORS
330
10000A6E
102
}
330
10000A6E
100
AcDbXrecord
1000
KFVF
  0
XRECORD
  5
10000A70
102
{ACAD_REACTORS
330
10000A6E
102
}
330
10000A6E
100
AcDbXrecord
1000
KFXF
  0
XRECORD
  5
10000A73
102
{ACAD_REACTORS
330
10000A72
102
}
330
10000A72
100
AcDbXrecord
1000
KF51
  0
XRECORD
  5
10000A74
102
{ACAD_REACTORS
330
10000A72
102
}
330
10000A72
100
AcDbXrecord
1000
KF71
  0
XRECORD
  5
10000A77
102
{ACAD_REACTORS
330
10000A76
102
}
330
10000A76
100
AcDbXrecord
1000
KFlJ
  0
XRECORD
  5
10000A78
102
{ACAD_REACTORS
330
10000A76
102
}
330
10000A76
100
AcDbXrecord
1000
KFnJ
  0
XRECORD
  5
10000A7B
102
{ACAD_REACTORS
330
10000A7A
102
}
330
10000A7A
100
AcDbXrecord
1000
KF91
  0
XRECORD
  5
10000A7C
102
{ACAD_REACTORS
330
10000A7A
102
}
330
10000A7A
100
AcDbXrecord
1000
KF/1
  0
XRECORD
  5
10000A7F
102
{ACAD_REACTORS
330
10000A7E
102
}
330
10000A7E
100
AcDbXrecord
1000
KFpJ
  0
XRECORD
  5
10000A80
102
{ACAD_REACTORS
330
10000A7E
102
}
330
10000A7E
100
AcDbXrecord
1000
KFrJ
  0
XRECORD
  5
10000A83
102
{ACAD_REACTORS
330
10000A82
102
}
330
10000A82
100
AcDbXrecord
1000
KFB2
  0
XRECORD
  5
10000A84
102
{ACAD_REACTORS
330
10000A82
102
}
330
10000A82
100
AcDbXrecord
1000
KFD2
  0
XRECORD
  5
10000A87
102
{ACAD_REACTORS
330
10000A86
102
}
330
10000A86
100
AcDbXrecord
1000
KFtJ
  0
XRECORD
  5
10000A88
102
{ACAD_REACTORS
330
10000A86
102
}
330
10000A86
100
AcDbXrecord
1000
KFvJ
  0
XRECORD
  5
10000A8B
102
{ACAD_REACTORS
330
10000A8A
102
}
330
10000A8A
100
AcDbXrecord
1000
KFF2
  0
XRECORD
  5
10000A8C
102
{ACAD_REACTORS
330
10000A8A
102
}
330
10000A8A
100
AcDbXrecord
1000
KFH2
  0
XRECORD
  5
10000A8F
102
{ACAD_REACTORS
330
10000A8E
102
}
330
10000A8E
100
AcDbXrecord
1000
KFxJ
  0
XRECORD
  5
10000A90
102
{ACAD_REACTORS
330
10000A8E
102
}
330
10000A8E
100
AcDbXrecord
1000
KFzJ
  0
XRECORD
  5
10000A93
102
{ACAD_REACTORS
330
10000A92
102
}
330
10000A92
100
AcDbXrecord
1000
KFJ2
  0
XRECORD
  5
10000A94
102
{ACAD_REACTORS
330
10000A92
102
}
330
10000A92
100
AcDbXrecord
1000
KFL2
  0
XRECORD
  5
10000A97
102
{ACAD_REACTORS
330
10000A96
102
}
330
10000A96
100
AcDbXrecord
1000
KF1J
  0
XRECORD
  5
10000A98
102
{ACAD_REACTORS
330
10000A96
102
}
330
10000A96
100
AcDbXrecord
1000
KF3J
  0
XRECORD
  5
10000A9B
102
{ACAD_REACTORS
330
10000A9A
102
}
330
10000A9A
100
AcDbXrecord
1000
KFN2
  0
XRECORD
  5
10000A9C
102
{ACAD_REACTORS
330
10000A9A
102
}
330
10000A9A
100
AcDbXrecord
1000
KFP2
  0
XRECORD
  5
10000A9F
102
{ACAD_REACTORS
330
10000A9E
102
}
330
10000A9E
100
AcDbXrecord
1000
KF5J
  0
XRECORD
  5
10000AA0
102
{ACAD_REACTORS
330
10000A9E
102
}
330
10000A9E
100
AcDbXrecord
1000
KF7J
  0
XRECORD
  5
10000AA3
102
{ACAD_REACTORS
330
10000AA2
102
}
330
10000AA2
100
AcDbXrecord
1000
KFR2
  0
XRECORD
  5
10000AA4
102
{ACAD_REACTORS
330
10000AA2
102
}
330
10000AA2
100
AcDbXrecord
1000
KFT2
  0
XRECORD
  5
10000AA7
102
{ACAD_REACTORS
330
10000AA6
102
}
330
10000AA6
100
AcDbXrecord
1000
KF9J
  0
XRECORD
  5
10000AA8
102
{ACAD_REACTORS
330
10000AA6
102
}
330
10000AA6
100
AcDbXrecord
1000
KF/J
  0
XRECORD
  5
10000AAB
102
{ACAD_REACTORS
330
10000AAA
102
}
330
10000AAA
100
AcDbXrecord
1000
KFV2
  0
XRECORD
  5
10000AAC
102
{ACAD_REACTORS
330
10000AAA
102
}
330
10000AAA
100
AcDbXrecord
1000
KFX2
  0
XRECORD
  5
10000AAF
102
{ACAD_REACTORS
330
10000AAE
102
}
330
10000AAE
100
AcDbXrecord
1000
KFBK
  0
XRECORD
  5
10000AB0
102
{ACAD_REACTORS
330
10000AAE
102
}
330
10000AAE
100
AcDbXrecord
1000
KFDK
  0
XRECORD
  5
10000AB3
102
{ACAD_REACTORS
330
10000AB2
102
}
330
10000AB2
100
AcDbXrecord
1000
KFti
  0
XRECORD
  5
10000AB4
102
{ACAD_REACTORS
330
10000AB2
102
}
330
10000AB2
100
AcDbXrecord
1000
KFvi
  0
XRECORD
  5
10000AB7
102
{ACAD_REACTORS
330
10000AB6
102
}
330
10000AB6
100
AcDbXrecord
1000
LFlHB
  0
XRECORD
  5
10000AB8
102
{ACAD_REACTORS
330
10000AB6
102
}
330
10000AB6
100
AcDbXrecord
1000
LFnHB
  0
XRECORD
  5
10000ABB
102
{ACAD_REACTORS
330
10000ABA
102
}
330
10000ABA
100
AcDbXrecord
1000
KFJy
  0
XRECORD
  5
10000ABC
102
{ACAD_REACTORS
330
10000ABA
102
}
330
10000ABA
100
AcDbXrecord
1000
KFLy
  0
XRECORD
  5
10000ABF
102
{ACAD_REACTORS
330
10000ABE
102
}
330
10000ABE
100
AcDbXrecord
1000
KF1F
  0
XRECORD
  5
10000AC0
102
{ACAD_REACTORS
330
10000ABE
102
}
330
10000ABE
100
AcDbXrecord
1000
KF3F
  0
XRECORD
  5
10000AC3
102
{ACAD_REACTORS
330
10000AC2
102
}
330
10000AC2
100
AcDbXrecord
1000
KFZ2
  0
XRECORD
  5
10000AC4
102
{ACAD_REACTORS
330
10000AC2
102
}
330
10000AC2
100
AcDbXrecord
1000
KFb2
  0
XRECORD
  5
10000AC7
102
{ACAD_REACTORS
330
10000AC6
102
}
330
10000AC6
100
AcDbXrecord
1000
KFFK
  0
XRECORD
  5
10000AC8
102
{ACAD_REACTORS
330
10000AC6
102
}
330
10000AC6
100
AcDbXrecord
1000
KFHK
  0
XRECORD
  5
10000ACB
102
{ACAD_REACTORS
330
10000ACA
102
}
330
10000ACA
100
AcDbXrecord
1000
KFd2
  0
XRECORD
  5
10000ACC
102
{ACAD_REACTORS
330
10000ACA
102
}
330
10000ACA
100
AcDbXrecord
1000
KFf2
  0
XRECORD
  5
10000ACF
102
{ACAD_REACTORS
330
10000ACE
102
}
330
10000ACE
100
AcDbXrecord
1000
KFh2
  0
XRECORD
  5
10000AD0
102
{ACAD_REACTORS
330
10000ACE
102
}
330
10000ACE
100
AcDbXrecord
1000
KFj2
  0
XRECORD
  5
10000AD3
102
{ACAD_REACTORS
330
10000AD2
102
}
330
10000AD2
100
AcDbXrecord
1000
KFl2
  0
XRECORD
  5
10000AD4
102
{ACAD_REACTORS
330
10000AD2
102
}
330
10000AD2
100
AcDbXrecord
1000
KFn2
  0
XRECORD
  5
10000AD7
102
{ACAD_REACTORS
330
10000AD6
102
}
330
10000AD6
100
AcDbXrecord
1000
KFp2
  0
XRECORD
  5
10000AD8
102
{ACAD_REACTORS
330
10000AD6
102
}
330
10000AD6
100
AcDbXrecord
1000
KFr2
  0
XRECORD
  5
10000ADB
102
{ACAD_REACTORS
330
10000ADA
102
}
330
10000ADA
100
AcDbXrecord
1000
LFVFB
  0
XRECORD
  5
10000ADC
102
{ACAD_REACTORS
330
10000ADA
102
}
330
10000ADA
100
AcDbXrecord
1000
LFfFB
  0
XRECORD
  5
10000ADF
102
{ACAD_REACTORS
330
10000ADE
102
}
330
10000ADE
100
AcDbXrecord
1000
KFBq
  0
XRECORD
  5
10000AE0
102
{ACAD_REACTORS
330
10000ADE
102
}
330
10000ADE
100
AcDbXrecord
1000
KFDq
  0
XRECORD
  5
10000AE3
102
{ACAD_REACTORS
330
10000AE2
102
}
330
10000AE2
100
AcDbXrecord
1000
KFt2
  0
XRECORD
  5
10000AE4
102
{ACAD_REACTORS
330
10000AE2
102
}
330
10000AE2
100
AcDbXrecord
1000
KFv2
  0
XRECORD
  5
10000AE7
102
{ACAD_REACTORS
330
10000AE6
102
}
330
10000AE6
100
AcDbXrecord
1000
KFx2
  0
XRECORD
  5
10000AE8
102
{ACAD_REACTORS
330
10000AE6
102
}
330
10000AE6
100
AcDbXrecord
1000
KFz2
  0
XRECORD
  5
10000AEB
102
{ACAD_REACTORS
330
10000AEA
102
}
330
10000AEA
100
AcDbXrecord
1000
KF12
  0
XRECORD
  5
10000AEC
102
{ACAD_REACTORS
330
10000AEA
102
}
330
10000AEA
100
AcDbXrecord
1000
KF32
  0
XRECORD
  5
10000AEF
102
{ACAD_REACTORS
330
10000AEE
102
}
330
10000AEE
100
AcDbXrecord
1000
LFRFB
  0
XRECORD
  5
10000AF0
102
{ACAD_REACTORS
330
10000AEE
102
}
330
10000AEE
100
AcDbXrecord
1000
LFbFB
  0
XRECORD
  5
10000AF3
102
{ACAD_REACTORS
330
10000AF2
102
}
330
10000AF2
100
AcDbXrecord
1000
KF52
  0
XRECORD
  5
10000AF4
102
{ACAD_REACTORS
330
10000AF2
102
}
330
10000AF2
100
AcDbXrecord
1000
KF72
  0
XRECORD
  5
10000AF7
102
{ACAD_REACTORS
330
10000AF6
102
}
330
10000AF6
100
AcDbXrecord
1000
KF92
  0
XRECORD
  5
10000AF8
102
{ACAD_REACTORS
330
10000AF6
102
}
330
10000AF6
100
AcDbXrecord
1000
KF/2
  0
XRECORD
  5
10000AFB
102
{ACAD_REACTORS
330
10000AFA
102
}
330
10000AFA
100
AcDbXrecord
1000
KFB3
  0
XRECORD
  5
10000AFC
102
{ACAD_REACTORS
330
10000AFA
102
}
330
10000AFA
100
AcDbXrecord
1000
KFD3
  0
XRECORD
  5
10000AFF
102
{ACAD_REACTORS
330
10000AFE
102
}
330
10000AFE
100
AcDbXrecord
1000
KFF3
  0
XRECORD
  5
10000B00
102
{ACAD_REACTORS
330
10000AFE
102
}
330
10000AFE
100
AcDbXrecord
1000
KFH3
  0
XRECORD
  5
10000B03
102
{ACAD_REACTORS
330
10000B02
102
}
330
10000B02
100
AcDbXrecord
1000
KFJ3
  0
XRECORD
  5
10000B04
102
{ACAD_REACTORS
330
10000B02
102
}
330
10000B02
100
AcDbXrecord
1000
KFL3
  0
XRECORD
  5
10000B07
102
{ACAD_REACTORS
330
10000B06
102
}
330
10000B06
100
AcDbXrecord
1000
LFNGB
  0
XRECORD
  5
10000B08
102
{ACAD_REACTORS
330
10000B06
102
}
330
10000B06
100
AcDbXrecord
1000
LFTGB
  0
XRECORD
  5
10000B0B
102
{ACAD_REACTORS
330
10000B0A
102
}
330
10000B0A
100
AcDbXrecord
1000
KFhq
  0
XRECORD
  5
10000B0C
102
{ACAD_REACTORS
330
10000B0A
102
}
330
10000B0A
100
AcDbXrecord
1000
KFjq
  0
XRECORD
  5
10000B0F
102
{ACAD_REACTORS
330
10000B0E
102
}
330
10000B0E
100
AcDbXrecord
1000
KFN3
  0
XRECORD
  5
10000B10
102
{ACAD_REACTORS
330
10000B0E
102
}
330
10000B0E
100
AcDbXrecord
1000
KFP3
  0
XRECORD
  5
10000B13
102
{ACAD_REACTORS
330
10000B12
102
}
330
10000B12
100
AcDbXrecord
1000
KFR3
  0
XRECORD
  5
10000B14
102
{ACAD_REACTORS
330
10000B12
102
}
330
10000B12
100
AcDbXrecord
1000
KFT3
  0
XRECORD
  5
10000B17
102
{ACAD_REACTORS
330
10000B16
102
}
330
10000B16
100
AcDbXrecord
1000
KFV3
  0
XRECORD
  5
10000B18
102
{ACAD_REACTORS
330
10000B16
102
}
330
10000B16
100
AcDbXrecord
1000
KFX3
  0
XRECORD
  5
10000B1B
102
{ACAD_REACTORS
330
10000B1A
102
}
330
10000B1A
100
AcDbXrecord
1000
KFp4
  0
XRECORD
  5
10000B1C
102
{ACAD_REACTORS
330
10000B1A
102
}
330
10000B1A
100
AcDbXrecord
1000
KFr4
  0
XRECORD
  5
10000B1F
102
{ACAD_REACTORS
330
10000B1E
102
}
330
10000B1E
100
AcDbXrecord
1000
KFt4
  0
XRECORD
  5
10000B20
102
{ACAD_REACTORS
330
10000B1E
102
}
330
10000B1E
100
AcDbXrecord
1000
KFv4
  0
XRECORD
  5
10000B23
102
{ACAD_REACTORS
330
10000B22
102
}
330
10000B22
100
AcDbXrecord
1000
KFx4
  0
XRECORD
  5
10000B24
102
{ACAD_REACTORS
330
10000B22
102
}
330
10000B22
100
AcDbXrecord
1000
KFz4
  0
XRECORD
  5
10000B27
102
{ACAD_REACTORS
330
10000B26
102
}
330
10000B26
100
AcDbXrecord
1000
LFNHB
  0
XRECORD
  5
10000B28
102
{ACAD_REACTORS
330
10000B26
102
}
330
10000B26
100
AcDbXrecord
1000
LFTHB
  0
XRECORD
  5
10000B2B
102
{ACAD_REACTORS
330
10000B2A
102
}
330
10000B2A
100
AcDbXrecord
1000
KF14
  0
XRECORD
  5
10000B2C
102
{ACAD_REACTORS
330
10000B2A
102
}
330
10000B2A
100
AcDbXrecord
1000
KF34
  0
XRECORD
  5
10000B2F
102
{ACAD_REACTORS
330
10000B2E
102
}
330
10000B2E
100
AcDbXrecord
1000
KF54
  0
XRECORD
  5
10000B30
102
{ACAD_REACTORS
330
10000B2E
102
}
330
10000B2E
100
AcDbXrecord
1000
KF74
  0
XRECORD
  5
10000B33
102
{ACAD_REACTORS
330
10000B32
102
}
330
10000B32
100
AcDbXrecord
1000
KF94
  0
XRECORD
  5
10000B34
102
{ACAD_REACTORS
330
10000B32
102
}
330
10000B32
100
AcDbXrecord
1000
KF/4
  0
XRECORD
  5
10000B37
102
{ACAD_REACTORS
330
10000B36
102
}
330
10000B36
100
AcDbXrecord
1000
KFB5
  0
XRECORD
  5
10000B38
102
{ACAD_REACTORS
330
10000B36
102
}
330
10000B36
100
AcDbXrecord
1000
KFD5
  0
XRECORD
  5
10000B3B
102
{ACAD_REACTORS
330
10000B3A
102
}
330
10000B3A
100
AcDbXrecord
1000
KFF5
  0
XRECORD
  5
10000B3C
102
{ACAD_REACTORS
330
10000B3A
102
}
330
10000B3A
100
AcDbXrecord
1000
KFH5
  0
XRECORD
  5
10000B3F
102
{ACAD_REACTORS
330
10000B3E
102
}
330
10000B3E
100
AcDbXrecord
1000
KFJ5
  0
XRECORD
  5
10000B40
102
{ACAD_REACTORS
330
10000B3E
102
}
330
10000B3E
100
AcDbXrecord
1000
KFL5
  0
XRECORD
  5
10000B43
102
{ACAD_REACTORS
330
10000B42
102
}
330
10000B42
100
AcDbXrecord
1000
KFN5
  0
XRECORD
  5
10000B44
102
{ACAD_REACTORS
330
10000B42
102
}
330
10000B42
100
AcDbXrecord
1000
KFP5
  0
XRECORD
  5
10000B47
102
{ACAD_REACTORS
330
10000B46
102
}
330
10000B46
100
AcDbXrecord
1000
KFh5
  0
XRECORD
  5
10000B48
102
{ACAD_REACTORS
330
10000B46
102
}
330
10000B46
100
AcDbXrecord
1000
KFj5
  0
XRECORD
  5
10000B4B
102
{ACAD_REACTORS
330
10000B4A
102
}
330
10000B4A
100
AcDbXrecord
1000
KFl5
  0
XRECORD
  5
10000B4C
102
{ACAD_REACTORS
330
10000B4A
102
}
330
10000B4A
100
AcDbXrecord
1000
KFn5
  0
XRECORD
  5
10000B4F
102
{ACAD_REACTORS
330
10000B4E
102
}
330
10000B4E
100
AcDbXrecord
1000
KFd5
  0
XRECORD
  5
10000B50
102
{ACAD_REACTORS
330
10000B4E
102
}
330
10000B4E
100
AcDbXrecord
1000
KFf5
  0
XRECORD
  5
10000B53
102
{ACAD_REACTORS
330
10000B52
102
}
330
10000B52
100
AcDbXrecord
1000
KFZ5
  0
XRECORD
  5
10000B54
102
{ACAD_REACTORS
330
10000B52
102
}
330
10000B52
100
AcDbXrecord
1000
KFb5
  0
XRECORD
  5
10000B57
102
{ACAD_REACTORS
330
10000B56
102
}
330
10000B56
100
AcDbXrecord
1000
KFV5
  0
XRECORD
  5
10000B58
102
{ACAD_REACTORS
330
10000B56
102
}
330
10000B56
100
AcDbXrecord
1000
KFX5
  0
XRECORD
  5
10000B5B
102
{ACAD_REACTORS
330
10000B5A
102
}
330
10000B5A
100
AcDbXrecord
1000
KFR5
  0
XRECORD
  5
10000B5C
102
{ACAD_REACTORS
330
10000B5A
102
}
330
10000B5A
100
AcDbXrecord
1000
KFT5
  0
XRECORD
  5
10000B5F
102
{ACAD_REACTORS
330
10000B5E
102
}
330
10000B5E
100
AcDbXrecord
1000
KFl4
  0
XRECORD
  5
10000B60
102
{ACAD_REACTORS
330
10000B5E
102
}
330
10000B5E
100
AcDbXrecord
1000
KFn4
  0
XRECORD
  5
10000B63
102
{ACAD_REACTORS
330
10000B62
102
}
330
10000B62
100
AcDbXrecord
1000
KFh4
  0
XRECORD
  5
10000B64
102
{ACAD_REACTORS
330
10000B62
102
}
330
10000B62
100
AcDbXrecord
1000
KFj4
  0
XRECORD
  5
10000B67
102
{ACAD_REACTORS
330
10000B66
102
}
330
10000B66
100
AcDbXrecord
1000
KFd4
  0
XRECORD
  5
10000B68
102
{ACAD_REACTORS
330
10000B66
102
}
330
10000B66
100
AcDbXrecord
1000
KFf4
  0
XRECORD
  5
10000B6B
102
{ACAD_REACTORS
330
10000B6A
102
}
330
10000B6A
100
AcDbXrecord
1000
KFZ4
  0
XRECORD
  5
10000B6C
102
{ACAD_REACTORS
330
10000B6A
102
}
330
10000B6A
100
AcDbXrecord
1000
KFb4
  0
XRECORD
  5
10000B6F
102
{ACAD_REACTORS
330
10000B6E
102
}
330
10000B6E
100
AcDbXrecord
1000
KFV4
  0
XRECORD
  5
10000B70
102
{ACAD_REACTORS
330
10000B6E
102
}
330
10000B6E
100
AcDbXrecord
1000
KFX4
  0
XRECORD
  5
10000B73
102
{ACAD_REACTORS
330
10000B72
102
}
330
10000B72
100
AcDbXrecord
1000
KFR4
  0
XRECORD
  5
10000B74
102
{ACAD_REACTORS
330
10000B72
102
}
330
10000B72
100
AcDbXrecord
1000
KFT4
  0
XRECORD
  5
10000B77
102
{ACAD_REACTORS
330
10000B76
102
}
330
10000B76
100
AcDbXrecord
1000
LFZGB
  0
XRECORD
  5
10000B78
102
{ACAD_REACTORS
330
10000B76
102
}
330
10000B76
100
AcDbXrecord
1000
LFfGB
  0
XRECORD
  5
10000B7B
102
{ACAD_REACTORS
330
10000B7A
102
}
330
10000B7A
100
AcDbXrecord
1000
KFN4
  0
XRECORD
  5
10000B7C
102
{ACAD_REACTORS
330
10000B7A
102
}
330
10000B7A
100
AcDbXrecord
1000
KFP4
  0
XRECORD
  5
10000B7F
102
{ACAD_REACTORS
330
10000B7E
102
}
330
10000B7E
100
AcDbXrecord
1000
KFJ4
  0
XRECORD
  5
10000B80
102
{ACAD_REACTORS
330
10000B7E
102
}
330
10000B7E
100
AcDbXrecord
1000
KFL4
  0
XRECORD
  5
10000B83
102
{ACAD_REACTORS
330
10000B82
102
}
330
10000B82
100
AcDbXrecord
1000
KFF4
  0
XRECORD
  5
10000B84
102
{ACAD_REACTORS
330
10000B82
102
}
330
10000B82
100
AcDbXrecord
1000
KFH4
  0
XRECORD
  5
10000B87
102
{ACAD_REACTORS
330
10000B86
102
}
330
10000B86
100
AcDbXrecord
1000
KFB4
  0
XRECORD
  5
10000B88
102
{ACAD_REACTORS
330
10000B86
102
}
330
10000B86
100
AcDbXrecord
1000
KFD4
  0
XRECORD
  5
10000B8B
102
{ACAD_REACTORS
330
10000B8A
102
}
330
10000B8A
100
AcDbXrecord
1000
KF93
  0
XRECORD
  5
10000B8C
102
{ACAD_REACTORS
330
10000B8A
102
}
330
10000B8A
100
AcDbXrecord
1000
KF/3
  0
XRECORD
  5
10000B8F
102
{ACAD_REACTORS
330
10000B8E
102
}
330
10000B8E
100
AcDbXrecord
1000
LF9GB
  0
XRECORD
  5
10000B90
102
{ACAD_REACTORS
330
10000B8E
102
}
330
10000B8E
100
AcDbXrecord
1000
LFDHB
  0
XRECORD
  5
10000B93
102
{ACAD_REACTORS
330
10000B92
102
}
330
10000B92
100
AcDbXrecord
1000
KF53
  0
XRECORD
  5
10000B94
102
{ACAD_REACTORS
330
10000B92
102
}
330
10000B92
100
AcDbXrecord
1000
KF73
  0
XRECORD
  5
10000B97
102
{ACAD_REACTORS
330
10000B96
102
}
330
10000B96
100
AcDbXrecord
1000
KF13
  0
XRECORD
  5
10000B98
102
{ACAD_REACTORS
330
10000B96
102
}
330
10000B96
100
AcDbXrecord
1000
KF33
  0
XRECORD
  5
10000B9B
102
{ACAD_REACTORS
330
10000B9A
102
}
330
10000B9A
100
AcDbXrecord
1000
KFx3
  0
XRECORD
  5
10000B9C
102
{ACAD_REACTORS
330
10000B9A
102
}
330
10000B9A
100
AcDbXrecord
1000
KFz3
  0
XRECORD
  5
10000B9F
102
{ACAD_REACTORS
330
10000B9E
102
}
330
10000B9E
100
AcDbXrecord
1000
LFhFB
  0
XRECORD
  5
10000BA0
102
{ACAD_REACTORS
330
10000B9E
102
}
330
10000B9E
100
AcDbXrecord
1000
LFrFB
  0
XRECORD
  5
10000BA3
102
{ACAD_REACTORS
330
10000BA2
102
}
330
10000BA2
100
AcDbXrecord
1000
LFBHB
  0
XRECORD
  5
10000BA4
102
{ACAD_REACTORS
330
10000BA2
102
}
330
10000BA2
100
AcDbXrecord
1000
LFHHB
  0
XRECORD
  5
10000BA7
102
{ACAD_REACTORS
330
10000BA6
102
}
330
10000BA6
100
AcDbXrecord
1000
KFBr
  0
XRECORD
  5
10000BA8
102
{ACAD_REACTORS
330
10000BA6
102
}
330
10000BA6
100
AcDbXrecord
1000
KFDr
  0
XRECORD
  5
10000BAB
102
{ACAD_REACTORS
330
10000BAA
102
}
330
10000BAA
100
AcDbXrecord
1000
KFt3
  0
XRECORD
  5
10000BAC
102
{ACAD_REACTORS
330
10000BAA
102
}
330
10000BAA
100
AcDbXrecord
1000
KFv3
  0
XRECORD
  5
10000BAF
102
{ACAD_REACTORS
330
10000BAE
102
}
330
10000BAE
100
AcDbXrecord
1000
KFp3
  0
XRECORD
  5
10000BB0
102
{ACAD_REACTORS
330
10000BAE
102
}
330
10000BAE
100
AcDbXrecord
1000
KFr3
  0
XRECORD
  5
10000BB3
102
{ACAD_REACTORS
330
10000BB2
102
}
330
10000BB2
100
AcDbXrecord
1000
KFl3
  0
XRECORD
  5
10000BB4
102
{ACAD_REACTORS
330
10000BB2
102
}
330
10000BB2
100
AcDbXrecord
1000
KFn3
  0
XRECORD
  5
10000BB7
102
{ACAD_REACTORS
330
10000BB6
102
}
330
10000BB6
100
AcDbXrecord
1000
KFh3
  0
XRECORD
  5
10000BB8
102
{ACAD_REACTORS
330
10000BB6
102
}
330
10000BB6
100
AcDbXrecord
1000
KFj3
  0
XRECORD
  5
10000BBB
102
{ACAD_REACTORS
330
10000BBA
102
}
330
10000BBA
100
AcDbXrecord
1000
KFd3
  0
XRECORD
  5
10000BBC
102
{ACAD_REACTORS
330
10000BBA
102
}
330
10000BBA
100
AcDbXrecord
1000
KFf3
  0
XRECORD
  5
10000BBF
102
{ACAD_REACTORS
330
10000BBE
102
}
330
10000BBE
100
AcDbXrecord
1000
LFJGB
  0
XRECORD
  5
10000BC0
102
{ACAD_REACTORS
330
10000BBE
102
}
330
10000BBE
100
AcDbXrecord
1000
LFPGB
  0
XRECORD
  5
10000BC3
102
{ACAD_REACTORS
330
10000BC2
102
}
330
10000BC2
100
AcDbXrecord
1000
KFZ3
  0
XRECORD
  5
10000BC4
102
{ACAD_REACTORS
330
10000BC2
102
}
330
10000BC2
100
AcDbXrecord
1000
KFb3
  0
XRECORD
  5
10000BC7
102
{ACAD_REACTORS
330
10000BC6
102
}
330
10000BC6
100
AcDbXrecord
1000
KFp0
  0
XRECORD
  5
10000BC8
102
{ACAD_REACTORS
330
10000BC6
102
}
330
10000BC6
100
AcDbXrecord
1000
KFr0
  0
XRECORD
  5
10000BCB
102
{ACAD_REACTORS
330
10000BCA
102
}
330
10000BCA
100
AcDbXrecord
1000
KFVI
  0
XRECORD
  5
10000BCC
102
{ACAD_REACTORS
330
10000BCA
102
}
330
10000BCA
100
AcDbXrecord
1000
KFXI
  0
XRECORD
  5
10000BCF
102
{ACAD_REACTORS
330
10000BCE
102
}
330
10000BCE
100
AcDbXrecord
1000
KFl0
  0
XRECORD
  5
10000BD0
102
{ACAD_REACTORS
330
10000BCE
102
}
330
10000BCE
100
AcDbXrecord
1000
KFn0
  0
XRECORD
  5
10000BD3
102
{ACAD_REACTORS
330
10000BD2
102
}
330
10000BD2
100
AcDbXrecord
1000
KFRI
  0
XRECORD
  5
10000BD4
102
{ACAD_REACTORS
330
10000BD2
102
}
330
10000BD2
100
AcDbXrecord
1000
KFTI
  0
XRECORD
  5
10000BD7
102
{ACAD_REACTORS
330
10000BD6
102
}
330
10000BD6
100
AcDbXrecord
1000
KFh0
  0
XRECORD
  5
10000BD8
102
{ACAD_REACTORS
330
10000BD6
102
}
330
10000BD6
100
AcDbXrecord
1000
KFj0
  0
XRECORD
  5
10000BDB
102
{ACAD_REACTORS
330
10000BDA
102
}
330
10000BDA
100
AcDbXrecord
1000
KFNI
  0
XRECORD
  5
10000BDC
102
{ACAD_REACTORS
330
10000BDA
102
}
330
10000BDA
100
AcDbXrecord
1000
KFPI
  0
XRECORD
  5
10000BDF
102
{ACAD_REACTORS
330
10000BDE
102
}
330
10000BDE
100
AcDbXrecord
1000
KFd0
  0
XRECORD
  5
10000BE0
102
{ACAD_REACTORS
330
10000BDE
102
}
330
10000BDE
100
AcDbXrecord
1000
KFf0
  0
XRECORD
  5
10000BE3
102
{ACAD_REACTORS
330
10000BE2
102
}
330
10000BE2
100
AcDbXrecord
1000
KFJI
  0
XRECORD
  5
10000BE4
102
{ACAD_REACTORS
330
10000BE2
102
}
330
10000BE2
100
AcDbXrecord
1000
KFLI
  0
XRECORD
  5
10000BE7
102
{ACAD_REACTORS
330
10000BE6
102
}
330
10000BE6
100
AcDbXrecord
1000
KFZ0
  0
XRECORD
  5
10000BE8
102
{ACAD_REACTORS
330
10000BE6
102
}
330
10000BE6
100
AcDbXrecord
1000
KFb0
  0
XRECORD
  5
10000BEB
102
{ACAD_REACTORS
330
10000BEA
102
}
330
10000BEA
100
AcDbXrecord
1000
KFFI
  0
XRECORD
  5
10000BEC
102
{ACAD_REACTORS
330
10000BEA
102
}
330
10000BEA
100
AcDbXrecord
1000
KFHI
  0
XRECORD
  5
10000BEF
102
{ACAD_REACTORS
330
10000BEE
102
}
330
10000BEE
100
AcDbXrecord
1000
KFV0
  0
XRECORD
  5
10000BF0
102
{ACAD_REACTORS
330
10000BEE
102
}
330
10000BEE
100
AcDbXrecord
1000
KFX0
  0
XRECORD
  5
10000BF3
102
{ACAD_REACTORS
330
10000BF2
102
}
330
10000BF2
100
AcDbXrecord
1000
KFBI
  0
XRECORD
  5
10000BF4
102
{ACAD_REACTORS
330
10000BF2
102
}
330
10000BF2
100
AcDbXrecord
1000
KFDI
  0
XRECORD
  5
10000BF7
102
{ACAD_REACTORS
330
10000BF6
102
}
330
10000BF6
100
AcDbXrecord
1000
KFR0
  0
XRECORD
  5
10000BF8
102
{ACAD_REACTORS
330
10000BF6
102
}
330
10000BF6
100
AcDbXrecord
1000
KFT0
  0
XRECORD
  5
10000BFB
102
{ACAD_REACTORS
330
10000BFA
102
}
330
10000BFA
100
AcDbXrecord
1000
KF9H
  0
XRECORD
  5
10000BFC
102
{ACAD_REACTORS
330
10000BFA
102
}
330
10000BFA
100
AcDbXrecord
1000
KF/H
  0
XRECORD
  5
10000BFF
102
{ACAD_REACTORS
330
10000BFE
102
}
330
10000BFE
100
AcDbXrecord
1000
KFJ0
  0
XRECORD
  5
10000C00
102
{ACAD_REACTORS
330
10000BFE
102
}
330
10000BFE
100
AcDbXrecord
1000
KFL0
  0
XRECORD
  5
10000C03
102
{ACAD_REACTORS
330
10000C02
102
}
330
10000C02
100
AcDbXrecord
1000
KF1H
  0
XRECORD
  5
10000C04
102
{ACAD_REACTORS
330
10000C02
102
}
330
10000C02
100
AcDbXrecord
1000
KF3H
  0
XRECORD
  5
10000C07
102
{ACAD_REACTORS
330
10000C06
102
}
330
10000C06
100
AcDbXrecord
1000
KFF0
  0
XRECORD
  5
10000C08
102
{ACAD_REACTORS
330
10000C06
102
}
330
10000C06
100
AcDbXrecord
1000
KFH0
  0
XRECORD
  5
10000C0B
102
{ACAD_REACTORS
330
10000C0A
102
}
330
10000C0A
100
AcDbXrecord
1000
KFxH
  0
XRECORD
  5
10000C0C
102
{ACAD_REACTORS
330
10000C0A
102
}
330
10000C0A
100
AcDbXrecord
1000
KFzH
  0
XRECORD
  5
10000C0F
102
{ACAD_REACTORS
330
10000C0E
102
}
330
10000C0E
100
AcDbXrecord
1000
KFB0
  0
XRECORD
  5
10000C10
102
{ACAD_REACTORS
330
10000C0E
102
}
330
10000C0E
100
AcDbXrecord
1000
KFD0
  0
XRECORD
  5
10000C13
102
{ACAD_REACTORS
330
10000C12
102
}
330
10000C12
100
AcDbXrecord
1000
KFtH
  0
XRECORD
  5
10000C14
102
{ACAD_REACTORS
330
10000C12
102
}
330
10000C12
100
AcDbXrecord
1000
KFvH
  0
XRECORD
  5
10000C17
102
{ACAD_REACTORS
330
10000C16
102
}
330
10000C16
100
AcDbXrecord
1000
KF9z
  0
XRECORD
  5
10000C18
102
{ACAD_REACTORS
330
10000C16
102
}
330
10000C16
100
AcDbXrecord
1000
KF/z
  0
XRECORD
  5
10000C1B
102
{ACAD_REACTORS
330
10000C1A
102
}
330
10000C1A
100
AcDbXrecord
1000
KFpH
  0
XRECORD
  5
10000C1C
102
{ACAD_REACTORS
330
10000C1A
102
}
330
10000C1A
100
AcDbXrecord
1000
KFrH
  0
XRECORD
  5
10000C1F
102
{ACAD_REACTORS
330
10000C1E
102
}
330
10000C1E
100
AcDbXrecord
1000
KF5z
  0
XRECORD
  5
10000C20
102
{ACAD_REACTORS
330
10000C1E
102
}
330
10000C1E
100
AcDbXrecord
1000
KF7z
  0
XRECORD
  5
10000C23
102
{ACAD_REACTORS
330
10000C22
102
}
330
10000C22
100
AcDbXrecord
1000
KFlH
  0
XRECORD
  5
10000C24
102
{ACAD_REACTORS
330
10000C22
102
}
330
10000C22
100
AcDbXrecord
1000
KFnH
  0
XRECORD
  5
10000C27
102
{ACAD_REACTORS
330
10000C26
102
}
330
10000C26
100
AcDbXrecord
1000
KF1z
  0
XRECORD
  5
10000C28
102
{ACAD_REACTORS
330
10000C26
102
}
330
10000C26
100
AcDbXrecord
1000
KF3z
  0
XRECORD
  5
10000C2B
102
{ACAD_REACTORS
330
10000C2A
102
}
330
10000C2A
100
AcDbXrecord
1000
KFhH
  0
XRECORD
  5
10000C2C
102
{ACAD_REACTORS
330
10000C2A
102
}
330
10000C2A
100
AcDbXrecord
1000
KFjH
  0
XRECORD
  5
10000C2F
102
{ACAD_REACTORS
330
10000C2E
102
}
330
10000C2E
100
AcDbXrecord
1000
KFxz
  0
XRECORD
  5
10000C30
102
{ACAD_REACTORS
330
10000C2E
102
}
330
10000C2E
100
AcDbXrecord
1000
KFzz
  0
XRECORD
  5
10000C33
102
{ACAD_REACTORS
330
10000C32
102
}
330
10000C32
100
AcDbXrecord
1000
KFdH
  0
XRECORD
  5
10000C34
102
{ACAD_REACTORS
330
10000C32
102
}
330
10000C32
100
AcDbXrecord
1000
KFfH
  0
XRECORD
  5
10000C37
102
{ACAD_REACTORS
330
10000C36
102
}
330
10000C36
100
AcDbXrecord
1000
KFtz
  0
XRECORD
  5
10000C38
102
{ACAD_REACTORS
330
10000C36
102
}
330
10000C36
100
AcDbXrecord
1000
KFvz
  0
XRECORD
  5
10000C3B
102
{ACAD_REACTORS
330
10000C3A
102
}
330
10000C3A
100
AcDbXrecord
1000
KFZH
  0
XRECORD
  5
10000C3C
102
{ACAD_REACTORS
330
10000C3A
102
}
330
10000C3A
100
AcDbXrecord
1000
KFbH
  0
XRECORD
  5
10000C3F
102
{ACAD_REACTORS
330
10000C3E
102
}
330
10000C3E
100
AcDbXrecord
1000
KFpz
  0
XRECORD
  5
10000C40
102
{ACAD_REACTORS
330
10000C3E
102
}
330
10000C3E
100
AcDbXrecord
1000
KFrz
  0
XRECORD
  5
10000C43
102
{ACAD_REACTORS
330
10000C42
102
}
330
10000C42
100
AcDbXrecord
1000
KFVH
  0
XRECORD
  5
10000C44
102
{ACAD_REACTORS
330
10000C42
102
}
330
10000C42
100
AcDbXrecord
1000
KFXH
  0
XRECORD
  5
10000C47
102
{ACAD_REACTORS
330
10000C46
102
}
330
10000C46
100
AcDbXrecord
1000
KFlz
  0
XRECORD
  5
10000C48
102
{ACAD_REACTORS
330
10000C46
102
}
330
10000C46
100
AcDbXrecord
1000
KFnz
  0
XRECORD
  5
10000C4B
102
{ACAD_REACTORS
330
10000C4A
102
}
330
10000C4A
100
AcDbXrecord
1000
KFRH
  0
XRECORD
  5
10000C4C
102
{ACAD_REACTORS
330
10000C4A
102
}
330
10000C4A
100
AcDbXrecord
1000
KFTH
  0
XRECORD
  5
10000C4F
102
{ACAD_REACTORS
330
10000C4E
102
}
330
10000C4E
100
AcDbXrecord
1000
KFhz
  0
XRECORD
  5
10000C50
102
{ACAD_REACTORS
330
10000C4E
102
}
330
10000C4E
100
AcDbXrecord
1000
KFjz
  0
XRECORD
  5
10000C53
102
{ACAD_REACTORS
330
10000C52
102
}
330
10000C52
100
AcDbXrecord
1000
KFNH
  0
XRECORD
  5
10000C54
102
{ACAD_REACTORS
330
10000C52
102
}
330
10000C52
100
AcDbXrecord
1000
KFPH
  0
XRECORD
  5
10000C57
102
{ACAD_REACTORS
330
10000C56
102
}
330
10000C56
100
AcDbXrecord
1000
KFdz
  0
XRECORD
  5
10000C58
102
{ACAD_REACTORS
330
10000C56
102
}
330
10000C56
100
AcDbXrecord
1000
KFfz
  0
XRECORD
  5
10000C5B
102
{ACAD_REACTORS
330
10000C5A
102
}
330
10000C5A
100
AcDbXrecord
1000
KFJH
  0
XRECORD
  5
10000C5C
102
{ACAD_REACTORS
330
10000C5A
102
}
330
10000C5A
100
AcDbXrecord
1000
KFLH
  0
XRECORD
  5
10000C5F
102
{ACAD_REACTORS
330
10000C5E
102
}
330
10000C5E
100
AcDbXrecord
1000
KFZz
  0
XRECORD
  5
10000C60
102
{ACAD_REACTORS
330
10000C5E
102
}
330
10000C5E
100
AcDbXrecord
1000
KFbz
  0
XRECORD
  5
10000C63
102
{ACAD_REACTORS
330
10000C62
102
}
330
10000C62
100
AcDbXrecord
1000
KFFH
  0
XRECORD
  5
10000C64
102
{ACAD_REACTORS
330
10000C62
102
}
330
10000C62
100
AcDbXrecord
1000
KFHH
  0
XRECORD
  5
10000C67
102
{ACAD_REACTORS
330
10000C66
102
}
330
10000C66
100
AcDbXrecord
1000
KFVz
  0
XRECORD
  5
10000C68
102
{ACAD_REACTORS
330
10000C66
102
}
330
10000C66
100
AcDbXrecord
1000
KFXz
  0
XRECORD
  5
10000C6B
102
{ACAD_REACTORS
330
10000C6A
102
}
330
10000C6A
100
AcDbXrecord
1000
KFBH
  0
XRECORD
  5
10000C6C
102
{ACAD_REACTORS
330
10000C6A
102
}
330
10000C6A
100
AcDbXrecord
1000
KFDH
  0
XRECORD
  5
10000C6F
102
{ACAD_REACTORS
330
10000C6E
102
}
330
10000C6E
100
AcDbXrecord
1000
KFRz
  0
XRECORD
  5
10000C70
102
{ACAD_REACTORS
330
10000C6E
102
}
330
10000C6E
100
AcDbXrecord
1000
KFTz
  0
XRECORD
  5
10000C73
102
{ACAD_REACTORS
330
10000C72
102
}
330
10000C72
100
AcDbXrecord
1000
KF9G
  0
XRECORD
  5
10000C74
102
{ACAD_REACTORS
330
10000C72
102
}
330
10000C72
100
AcDbXrecord
1000
KF/G
  0
XRECORD
  5
10000C77
102
{ACAD_REACTORS
330
10000C76
102
}
330
10000C76
100
AcDbXrecord
1000
KFNz
  0
XRECORD
  5
10000C78
102
{ACAD_REACTORS
330
10000C76
102
}
330
10000C76
100
AcDbXrecord
1000
KFPz
  0
XRECORD
  5
10000C7B
102
{ACAD_REACTORS
330
10000C7A
102
}
330
10000C7A
100
AcDbXrecord
1000
KF5G
  0
XRECORD
  5
10000C7C
102
{ACAD_REACTORS
330
10000C7A
102
}
330
10000C7A
100
AcDbXrecord
1000
KF7G
  0
XRECORD
  5
10000C7F
102
{ACAD_REACTORS
330
10000C7E
102
}
330
10000C7E
100
AcDbXrecord
1000
KFJz
  0
XRECORD
  5
10000C80
102
{ACAD_REACTORS
330
10000C7E
102
}
330
10000C7E
100
AcDbXrecord
1000
KFLz
  0
XRECORD
  5
10000C83
102
{ACAD_REACTORS
330
10000C82
102
}
330
10000C82
100
AcDbXrecord
1000
KF1G
  0
XRECORD
  5
10000C84
102
{ACAD_REACTORS
330
10000C82
102
}
330
10000C82
100
AcDbXrecord
1000
KF3G
  0
XRECORD
  5
10000C87
102
{ACAD_REACTORS
330
10000C86
102
}
330
10000C86
100
AcDbXrecord
1000
KFFz
  0
XRECORD
  5
10000C88
102
{ACAD_REACTORS
330
10000C86
102
}
330
10000C86
100
AcDbXrecord
1000
KFHz
  0
XRECORD
  5
10000C8B
102
{ACAD_REACTORS
330
10000C8A
102
}
330
10000C8A
100
AcDbXrecord
1000
KFxG
  0
XRECORD
  5
10000C8C
102
{ACAD_REACTORS
330
10000C8A
102
}
330
10000C8A
100
AcDbXrecord
1000
KFzG
  0
XRECORD
  5
10000C8F
102
{ACAD_REACTORS
330
10000C8E
102
}
330
10000C8E
100
AcDbXrecord
1000
KFBz
  0
XRECORD
  5
10000C90
102
{ACAD_REACTORS
330
10000C8E
102
}
330
10000C8E
100
AcDbXrecord
1000
KFDz
  0
XRECORD
  5
10000C93
102
{ACAD_REACTORS
330
10000C92
102
}
330
10000C92
100
AcDbXrecord
1000
KFtG
  0
XRECORD
  5
10000C94
102
{ACAD_REACTORS
330
10000C92
102
}
330
10000C92
100
AcDbXrecord
1000
KFvG
  0
XRECORD
  5
10000C97
102
{ACAD_REACTORS
330
10000C96
102
}
330
10000C96
100
AcDbXrecord
1000
KF9y
  0
XRECORD
  5
10000C98
102
{ACAD_REACTORS
330
10000C96
102
}
330
10000C96
100
AcDbXrecord
1000
KF/y
  0
XRECORD
  5
10000C9B
102
{ACAD_REACTORS
330
10000C9A
102
}
330
10000C9A
100
AcDbXrecord
1000
KFpG
  0
XRECORD
  5
10000C9C
102
{ACAD_REACTORS
330
10000C9A
102
}
330
10000C9A
100
AcDbXrecord
1000
KFrG
  0
XRECORD
  5
10000C9F
102
{ACAD_REACTORS
330
10000C9E
102
}
330
10000C9E
100
AcDbXrecord
1000
KF5y
  0
XRECORD
  5
10000CA0
102
{ACAD_REACTORS
330
10000C9E
102
}
330
10000C9E
100
AcDbXrecord
1000
KF7y
  0
XRECORD
  5
10000CA3
102
{ACAD_REACTORS
330
10000CA2
102
}
330
10000CA2
100
AcDbXrecord
1000
KFlG
  0
XRECORD
  5
10000CA4
102
{ACAD_REACTORS
330
10000CA2
102
}
330
10000CA2
100
AcDbXrecord
1000
KFnG
  0
XRECORD
  5
10000CA7
102
{ACAD_REACTORS
330
10000CA6
102
}
330
10000CA6
100
AcDbXrecord
1000
KF1y
  0
XRECORD
  5
10000CA8
102
{ACAD_REACTORS
330
10000CA6
102
}
330
10000CA6
100
AcDbXrecord
1000
KF3y
  0
XRECORD
  5
10000CAB
102
{ACAD_REACTORS
330
10000CAA
102
}
330
10000CAA
100
AcDbXrecord
1000
KFhG
  0
XRECORD
  5
10000CAC
102
{ACAD_REACTORS
330
10000CAA
102
}
330
10000CAA
100
AcDbXrecord
1000
KFjG
  0
XRECORD
  5
10000CAF
102
{ACAD_REACTORS
330
10000CAE
102
}
330
10000CAE
100
AcDbXrecord
1000
KFxy
  0
XRECORD
  5
10000CB0
102
{ACAD_REACTORS
330
10000CAE
102
}
330
10000CAE
100
AcDbXrecord
1000
KFzy
  0
XRECORD
  5
10000CB3
102
{ACAD_REACTORS
330
10000CB2
102
}
330
10000CB2
100
AcDbXrecord
1000
KFdG
  0
XRECORD
  5
10000CB4
102
{ACAD_REACTORS
330
10000CB2
102
}
330
10000CB2
100
AcDbXrecord
1000
KFfG
  0
XRECORD
  5
10000CB7
102
{ACAD_REACTORS
330
10000CB6
102
}
330
10000CB6
100
AcDbXrecord
1000
KFty
  0
XRECORD
  5
10000CB8
102
{ACAD_REACTORS
330
10000CB6
102
}
330
10000CB6
100
AcDbXrecord
1000
KFvy
  0
XRECORD
  5
10000CBB
102
{ACAD_REACTORS
330
10000CBA
102
}
330
10000CBA
100
AcDbXrecord
1000
KFZG
  0
XRECORD
  5
10000CBC
102
{ACAD_REACTORS
330
10000CBA
102
}
330
10000CBA
100
AcDbXrecord
1000
KFbG
  0
XRECORD
  5
10000CBF
102
{ACAD_REACTORS
330
10000CBE
102
}
330
10000CBE
100
AcDbXrecord
1000
KFpy
  0
XRECORD
  5
10000CC0
102
{ACAD_REACTORS
330
10000CBE
102
}
330
10000CBE
100
AcDbXrecord
1000
KFry
  0
XRECORD
  5
10000CC3
102
{ACAD_REACTORS
330
10000CC2
102
}
330
10000CC2
100
AcDbXrecord
1000
KFVG
  0
XRECORD
  5
10000CC4
102
{ACAD_REACTORS
330
10000CC2
102
}
330
10000CC2
100
AcDbXrecord
1000
KFXG
  0
XRECORD
  5
10000CC7
102
{ACAD_REACTORS
330
10000CC6
102
}
330
10000CC6
100
AcDbXrecord
1000
KFly
  0
XRECORD
  5
10000CC8
102
{ACAD_REACTORS
330
10000CC6
102
}
330
10000CC6
100
AcDbXrecord
1000
KFny
  0
XRECORD
  5
10000CCB
102
{ACAD_REACTORS
330
10000CCA
102
}
330
10000CCA
100
AcDbXrecord
1000
KFRG
  0
XRECORD
  5
10000CCC
102
{ACAD_REACTORS
330
10000CCA
102
}
330
10000CCA
100
AcDbXrecord
1000
KFTG
  0
XRECORD
  5
10000CCF
102
{ACAD_REACTORS
330
10000CCE
102
}
330
10000CCE
100
AcDbXrecord
1000
KFhy
  0
XRECORD
  5
10000CD0
102
{ACAD_REACTORS
330
10000CCE
102
}
330
10000CCE
100
AcDbXrecord
1000
KFjy
  0
XRECORD
  5
10000CD3
102
{ACAD_REACTORS
330
10000CD2
102
}
330
10000CD2
100
AcDbXrecord
1000
KFNG
  0
XRECORD
  5
10000CD4
102
{ACAD_REACTORS
330
10000CD2
102
}
330
10000CD2
100
AcDbXrecord
1000
KFPG
  0
XRECORD
  5
10000CD7
102
{ACAD_REACTORS
330
10000CD6
102
}
330
10000CD6
100
AcDbXrecord
1000
KFdy
  0
XRECORD
  5
10000CD8
102
{ACAD_REACTORS
330
10000CD6
102
}
330
10000CD6
100
AcDbXrecord
1000
KFfy
  0
XRECORD
  5
10000CDB
102
{ACAD_REACTORS
330
10000CDA
102
}
330
10000CDA
100
AcDbXrecord
1000
KFJG
  0
XRECORD
  5
10000CDC
102
{ACAD_REACTORS
330
10000CDA
102
}
330
10000CDA
100
AcDbXrecord
1000
KFLG
  0
XRECORD
  5
10000CDF
102
{ACAD_REACTORS
330
10000CDE
102
}
330
10000CDE
100
AcDbXrecord
1000
KFZy
  0
XRECORD
  5
10000CE0
102
{ACAD_REACTORS
330
10000CDE
102
}
330
10000CDE
100
AcDbXrecord
1000
KFby
  0
XRECORD
  5
10000CE3
102
{ACAD_REACTORS
330
10000CE2
102
}
330
10000CE2
100
AcDbXrecord
1000
KFFG
  0
XRECORD
  5
10000CE4
102
{ACAD_REACTORS
330
10000CE2
102
}
330
10000CE2
100
AcDbXrecord
1000
KFHG
  0
XRECORD
  5
10000CE7
102
{ACAD_REACTORS
330
10000CE6
102
}
330
10000CE6
100
AcDbXrecord
1000
KFVy
  0
XRECORD
  5
10000CE8
102
{ACAD_REACTORS
330
10000CE6
102
}
330
10000CE6
100
AcDbXrecord
1000
KFXy
  0
XRECORD
  5
10000CEB
102
{ACAD_REACTORS
330
10000CEA
102
}
330
10000CEA
100
AcDbXrecord
1000
KFBG
  0
XRECORD
  5
10000CEC
102
{ACAD_REACTORS
330
10000CEA
102
}
330
10000CEA
100
AcDbXrecord
1000
KFDG
  0
XRECORD
  5
10000CEF
102
{ACAD_REACTORS
330
10000CEE
102
}
330
10000CEE
100
AcDbXrecord
1000
KFRy
  0
XRECORD
  5
10000CF0
102
{ACAD_REACTORS
330
10000CEE
102
}
330
10000CEE
100
AcDbXrecord
1000
KFTy
  0
XRECORD
  5
10000CF3
102
{ACAD_REACTORS
330
10000CF2
102
}
330
10000CF2
100
AcDbXrecord
1000
LFhHB
  0
XRECORD
  5
10000CF4
102
{ACAD_REACTORS
330
10000CF2
102
}
330
10000CF2
100
AcDbXrecord
1000
LFjHB
  0
XRECORD
  5
10000CF7
102
{ACAD_REACTORS
330
10000CF6
102
}
330
10000CF6
100
AcDbXrecord
1000
KF9F
  0
XRECORD
  5
10000CF8
102
{ACAD_REACTORS
330
10000CF6
102
}
330
10000CF6
100
AcDbXrecord
1000
KF/F
  0
XRECORD
  5
10000CFB
102
{ACAD_REACTORS
330
10000CFA
102
}
330
10000CFA
100
AcDbXrecord
1000
KFNy
  0
XRECORD
  5
10000CFC
102
{ACAD_REACTORS
330
10000CFA
102
}
330
10000CFA
100
AcDbXrecord
1000
KFPy
  0
XRECORD
  5
10000CFF
102
{ACAD_REACTORS
330
10000CFE
102
}
330
10000CFE
100
AcDbXrecord
1000
KF5F
  0
XRECORD
  5
10000D00
102
{ACAD_REACTORS
330
10000CFE
102
}
330
10000CFE
100
AcDbXrecord
1000
KF7F
  0
XRECORD
  5
10000D03
102
{ACAD_REACTORS
330
10000D02
102
}
330
10000D02
100
AcDbXrecord
1000
KFFy
  0
XRECORD
  5
10000D04
102
{ACAD_REACTORS
330
10000D02
102
}
330
10000D02
100
AcDbXrecord
1000
KFHy
  0
XRECORD
  5
10000D07
102
{ACAD_REACTORS
330
10000D06
102
}
330
10000D06
100
AcDbXrecord
1000
KFxF
  0
XRECORD
  5
10000D08
102
{ACAD_REACTORS
330
10000D06
102
}
330
10000D06
100
AcDbXrecord
1000
KFzF
  0
XRECORD
  5
10000D0B
102
{ACAD_REACTORS
330
10000D0A
102
}
330
10000D0A
100
AcDbXrecord
1000
KFBy
  0
XRECORD
  5
10000D0C
102
{ACAD_REACTORS
330
10000D0A
102
}
330
10000D0A
100
AcDbXrecord
1000
KFDy
  0
XRECORD
  5
10000D0F
102
{ACAD_REACTORS
330
10000D0E
102
}
330
10000D0E
100
AcDbXrecord
1000
KFtF
  0
XRECORD
  5
10000D10
102
{ACAD_REACTORS
330
10000D0E
102
}
330
10000D0E
100
AcDbXrecord
1000
KFvF
  0
XRECORD
  5
10000D13
102
{ACAD_REACTORS
330
10000D12
102
}
330
10000D12
100
AcDbXrecord
1000
KF9x
  0
XRECORD
  5
10000D14
102
{ACAD_REACTORS
330
10000D12
102
}
330
10000D12
100
AcDbXrecord
1000
KF/x
  0
XRECORD
  5
10000D17
102
{ACAD_REACTORS
330
10000D16
102
}
330
10000D16
100
AcDbXrecord
1000
KFpF
  0
XRECORD
  5
10000D18
102
{ACAD_REACTORS
330
10000D16
102
}
330
10000D16
100
AcDbXrecord
1000
KFrF
  0
XRECORD
  5
10000D1B
102
{ACAD_REACTORS
330
10000D1A
102
}
330
10000D1A
100
AcDbXrecord
1000
KF5x
  0
XRECORD
  5
10000D1C
102
{ACAD_REACTORS
330
10000D1A
102
}
330
10000D1A
100
AcDbXrecord
1000
KF7x
  0
XRECORD
  5
10000D1F
102
{ACAD_REACTORS
330
10000D1E
102
}
330
10000D1E
100
AcDbXrecord
1000
KFlF
  0
XRECORD
  5
10000D20
102
{ACAD_REACTORS
330
10000D1E
102
}
330
10000D1E
100
AcDbXrecord
1000
KFnF
  0
XRECORD
  5
10000D23
102
{ACAD_REACTORS
330
10000D22
102
}
330
10000D22
100
AcDbXrecord
1000
KF1x
  0
XRECORD
  5
10000D24
102
{ACAD_REACTORS
330
10000D22
102
}
330
10000D22
100
AcDbXrecord
1000
KF3x
  0
XRECORD
  5
10000D27
102
{ACAD_REACTORS
330
10000D26
102
}
330
10000D26
100
AcDbXrecord
1000
KFhF
  0
XRECORD
  5
10000D28
102
{ACAD_REACTORS
330
10000D26
102
}
330
10000D26
100
AcDbXrecord
1000
KFjF
  0
XRECORD
  5
10000D2B
102
{ACAD_REACTORS
330
10000D2A
102
}
330
10000D2A
100
AcDbXrecord
1000
KFJa
  0
XRECORD
  5
10000D2C
102
{ACAD_REACTORS
330
10000D2A
102
}
330
10000D2A
100
AcDbXrecord
1000
KFLa
  0
XRECORD
  5
10000D2F
102
{ACAD_REACTORS
330
10000D2E
102
}
330
10000D2E
100
AcDbXrecord
1000
LFNFB
  0
XRECORD
  5
10000D30
102
{ACAD_REACTORS
330
10000D2E
102
}
330
10000D2E
100
AcDbXrecord
1000
LFXFB
  0
XRECORD
  5
10000D33
102
{ACAD_REACTORS
330
10000D32
102
}
330
10000D32
100
AcDbXrecord
1000
KFZ+
  0
XRECORD
  5
10000D34
102
{ACAD_REACTORS
330
10000D32
102
}
330
10000D32
100
AcDbXrecord
1000
KFb+
  0
XRECORD
  5
10000D37
102
{ACAD_REACTORS
330
10000D36
102
}
330
10000D36
100
AcDbXrecord
1000
KFxx
  0
XRECORD
  5
10000D38
102
{ACAD_REACTORS
330
10000D36
102
}
330
10000D36
100
AcDbXrecord
1000
KFzx
  0
XRECORD
  5
10000D3B
102
{ACAD_REACTORS
330
10000D3A
102
}
330
10000D3A
100
AcDbXrecord
1000
LFpGB
  0
XRECORD
  5
10000D3C
102
{ACAD_REACTORS
330
10000D3A
102
}
330
10000D3A
100
AcDbXrecord
1000
LFvGB
  0
XRECORD
  5
10000D3F
102
{ACAD_REACTORS
330
10000D3E
102
}
330
10000D3E
100
AcDbXrecord
1000
KFdF
  0
XRECORD
  5
10000D40
102
{ACAD_REACTORS
330
10000D3E
102
}
330
10000D3E
100
AcDbXrecord
1000
KFfF
  0
XRECORD
  5
10000D43
102
{ACAD_REACTORS
330
10000D42
102
}
330
10000D42
100
AcDbXrecord
1000
KFtx
  0
XRECORD
  5
10000D44
102
{ACAD_REACTORS
330
10000D42
102
}
330
10000D42
100
AcDbXrecord
1000
KFvx
  0
XRECORD
  5
10000D47
102
{ACAD_REACTORS
330
10000D46
102
}
330
10000D46
100
AcDbXrecord
1000
KFZF
  0
XRECORD
  5
10000D48
102
{ACAD_REACTORS
330
10000D46
102
}
330
10000D46
100
AcDbXrecord
1000
KFbF
  0
XRECORD
  5
10000D4B
102
{ACAD_REACTORS
330
10000D4A
102
}
330
10000D4A
100
AcDbXrecord
1000
KFlx
  0
XRECORD
  5
10000D4C
102
{ACAD_REACTORS
330
10000D4A
102
}
330
10000D4A
100
AcDbXrecord
1000
KFnx
  0
XRECORD
  5
10000D4F
102
{ACAD_REACTORS
330
10000D4E
102
}
330
10000D4E
100
AcDbXrecord
1000
KFRF
  0
XRECORD
  5
10000D50
102
{ACAD_REACTORS
330
10000D4E
102
}
330
10000D4E
100
AcDbXrecord
1000
KFTF
  0
XRECORD
  5
10000D53
102
{ACAD_REACTORS
330
10000D52
102
}
330
10000D52
100
AcDbXrecord
1000
KFhx
  0
XRECORD
  5
10000D54
102
{ACAD_REACTORS
330
10000D52
102
}
330
10000D52
100
AcDbXrecord
1000
KFjx
  0
XRECORD
  5
10000D57
102
{ACAD_REACTORS
330
10000D56
102
}
330
10000D56
100
AcDbXrecord
1000
KFNF
  0
XRECORD
  5
10000D58
102
{ACAD_REACTORS
330
10000D56
102
}
330
10000D56
100
AcDbXrecord
1000
KFPF
  0
XRECORD
  5
10000D5B
102
{ACAD_REACTORS
330
10000D5A
102
}
330
10000D5A
100
AcDbXrecord
1000
LFdHB
  0
XRECORD
  5
10000D5C
102
{ACAD_REACTORS
330
10000D5A
102
}
330
10000D5A
100
AcDbXrecord
1000
LFfHB
  0
XRECORD
  5
10000D5F
102
{ACAD_REACTORS
330
10000D5E
102
}
330
10000D5E
100
AcDbXrecord
1000
KFdx
  0
XRECORD
  5
10000D60
102
{ACAD_REACTORS
330
10000D5E
102
}
330
10000D5E
100
AcDbXrecord
1000
KFfx
  0
XRECORD
  5
10000D63
102
{ACAD_REACTORS
330
10000D62
102
}
330
10000D62
100
AcDbXrecord
1000
KFJF
  0
XRECORD
  5
10000D64
102
{ACAD_REACTORS
330
10000D62
102
}
330
10000D62
100
AcDbXrecord
1000
KFLF
  0
XRECORD
  5
10000D67
102
{ACAD_REACTORS
330
10000D66
102
}
330
10000D66
100
AcDbXrecord
1000
KFZx
  0
XRECORD
  5
10000D68
102
{ACAD_REACTORS
330
10000D66
102
}
330
10000D66
100
AcDbXrecord
1000
KFbx
  0
XRECORD
  5
10000D6B
102
{ACAD_REACTORS
330
10000D6A
102
}
330
10000D6A
100
AcDbXrecord
1000
KFFF
  0
XRECORD
  5
10000D6C
102
{ACAD_REACTORS
330
10000D6A
102
}
330
10000D6A
100
AcDbXrecord
1000
KFHF
  0
XRECORD
  5
10000D6F
102
{ACAD_REACTORS
330
10000D6E
102
}
330
10000D6E
100
AcDbXrecord
1000
KFVx
  0
XRECORD
  5
10000D70
102
{ACAD_REACTORS
330
10000D6E
102
}
330
10000D6E
100
AcDbXrecord
1000
KFXx
  0
XRECORD
  5
10000D73
102
{ACAD_REACTORS
330
10000D72
102
}
330
10000D72
100
AcDbXrecord
1000
KFBF
  0
XRECORD
  5
10000D74
102
{ACAD_REACTORS
330
10000D72
102
}
330
10000D72
100
AcDbXrecord
1000
KFDF
  0
XRECORD
  5
10000D77
102
{ACAD_REACTORS
330
10000D76
102
}
330
10000D76
100
AcDbXrecord
1000
KFRx
  0
XRECORD
  5
10000D78
102
{ACAD_REACTORS
330
10000D76
102
}
330
10000D76
100
AcDbXrecord
1000
KFTx
  0
XRECORD
  5
10000D7B
102
{ACAD_REACTORS
330
10000D7A
102
}
330
10000D7A
100
AcDbXrecord
1000
LFxFB
  0
XRECORD
  5
10000D7C
102
{ACAD_REACTORS
330
10000D7A
102
}
330
10000D7A
100
AcDbXrecord
1000
LF7FB
  0
XRECORD
  5
10000D7F
102
{ACAD_REACTORS
330
10000D7E
102
}
330
10000D7E
100
AcDbXrecord
1000
KF9E
  0
XRECORD
  5
10000D80
102
{ACAD_REACTORS
330
10000D7E
102
}
330
10000D7E
100
AcDbXrecord
1000
KF/E
  0
XRECORD
  5
10000D83
102
{ACAD_REACTORS
330
10000D82
102
}
330
10000D82
100
AcDbXrecord
1000
KFNx
  0
XRECORD
  5
10000D84
102
{ACAD_REACTORS
330
10000D82
102
}
330
10000D82
100
AcDbXrecord
1000
KFPx
  0
XRECORD
  5
10000D87
102
{ACAD_REACTORS
330
10000D86
102
}
330
10000D86
100
AcDbXrecord
1000
KF5E
  0
XRECORD
  5
10000D88
102
{ACAD_REACTORS
330
10000D86
102
}
330
10000D86
100
AcDbXrecord
1000
KF7E
  0
XRECORD
  5
10000D8B
102
{ACAD_REACTORS
330
10000D8A
102
}
330
10000D8A
100
AcDbXrecord
1000
KFFx
  0
XRECORD
  5
10000D8C
102
{ACAD_REACTORS
330
10000D8A
102
}
330
10000D8A
100
AcDbXrecord
1000
KFHx
  0
XRECORD
  5
10000D8F
102
{ACAD_REACTORS
330
10000D8E
102
}
330
10000D8E
100
AcDbXrecord
1000
KFxE
  0
XRECORD
  5
10000D90
102
{ACAD_REACTORS
330
10000D8E
102
}
330
10000D8E
100
AcDbXrecord
1000
KFzE
  0
XRECORD
  5
10000D93
102
{ACAD_REACTORS
330
10000D92
102
}
330
10000D92
100
AcDbXrecord
1000
KFBx
  0
XRECORD
  5
10000D94
102
{ACAD_REACTORS
330
10000D92
102
}
330
10000D92
100
AcDbXrecord
1000
KFDx
  0
XRECORD
  5
10000D97
102
{ACAD_REACTORS
330
10000D96
102
}
330
10000D96
100
AcDbXrecord
1000
KFtE
  0
XRECORD
  5
10000D98
102
{ACAD_REACTORS
330
10000D96
102
}
330
10000D96
100
AcDbXrecord
1000
KFvE
  0
XRECORD
  5
10000D9B
102
{ACAD_REACTORS
330
10000D9A
102
}
330
10000D9A
100
AcDbXrecord
1000
LFlGB
  0
XRECORD
  5
10000D9C
102
{ACAD_REACTORS
330
10000D9A
102
}
330
10000D9A
100
AcDbXrecord
1000
LFrGB
  0
XRECORD
  5
10000D9F
102
{ACAD_REACTORS
330
10000D9E
102
}
330
10000D9E
100
AcDbXrecord
1000
KF9w
  0
XRECORD
  5
10000DA0
102
{ACAD_REACTORS
330
10000D9E
102
}
330
10000D9E
100
AcDbXrecord
1000
KF/w
  0
XRECORD
  5
10000DA3
102
{ACAD_REACTORS
330
10000DA2
102
}
330
10000DA2
100
AcDbXrecord
1000
KFpE
  0
XRECORD
  5
10000DA4
102
{ACAD_REACTORS
330
10000DA2
102
}
330
10000DA2
100
AcDbXrecord
1000
KFrE
  0
XRECORD
  5
10000DA7
102
{ACAD_REACTORS
330
10000DA6
102
}
330
10000DA6
100
AcDbXrecord
1000
KF5w
  0
XRECORD
  5
10000DA8
102
{ACAD_REACTORS
330
10000DA6
102
}
330
10000DA6
100
AcDbXrecord
1000
KF7w
  0
XRECORD
  5
10000DAB
102
{ACAD_REACTORS
330
10000DAA
102
}
330
10000DAA
100
AcDbXrecord
1000
KFlE
  0
XRECORD
  5
10000DAC
102
{ACAD_REACTORS
330
10000DAA
102
}
330
10000DAA
100
AcDbXrecord
1000
KFnE
  0
XRECORD
  5
10000DAF
102
{ACAD_REACTORS
330
10000DAE
102
}
330
10000DAE
100
AcDbXrecord
1000
LFJHB
  0
XRECORD
  5
10000DB0
102
{ACAD_REACTORS
330
10000DAE
102
}
330
10000DAE
100
AcDbXrecord
1000
LFPHB
  0
XRECORD
  5
10000DB3
102
{ACAD_REACTORS
330
10000DB2
102
}
330
10000DB2
100
AcDbXrecord
1000
KF1w
  0
XRECORD
  5
10000DB4
102
{ACAD_REACTORS
330
10000DB2
102
}
330
10000DB2
100
AcDbXrecord
1000
KF3w
  0
XRECORD
  5
10000DB7
102
{ACAD_REACTORS
330
10000DB6
102
}
330
10000DB6
100
AcDbXrecord
1000
KFhE
  0
XRECORD
  5
10000DB8
102
{ACAD_REACTORS
330
10000DB6
102
}
330
10000DB6
100
AcDbXrecord
1000
KFjE
  0
XRECORD
  5
10000DBB
102
{ACAD_REACTORS
330
10000DBA
102
}
330
10000DBA
100
AcDbXrecord
1000
KFxw
  0
XRECORD
  5
10000DBC
102
{ACAD_REACTORS
330
10000DBA
102
}
330
10000DBA
100
AcDbXrecord
1000
KFzw
  0
XRECORD
  5
10000DBF
102
{ACAD_REACTORS
330
10000DBE
102
}
330
10000DBE
100
AcDbXrecord
1000
LF9EB
  0
XRECORD
  5
10000DC0
102
{ACAD_REACTORS
330
10000DBE
102
}
330
10000DBE
100
AcDbXrecord
1000
LFHFB
  0
XRECORD
  5
10000DC3
102
{ACAD_REACTORS
330
10000DC2
102
}
330
10000DC2
100
AcDbXrecord
1000
KFdE
  0
XRECORD
  5
10000DC4
102
{ACAD_REACTORS
330
10000DC2
102
}
330
10000DC2
100
AcDbXrecord
1000
KFfE
  0
XRECORD
  5
10000DC7
102
{ACAD_REACTORS
330
10000DC6
102
}
330
10000DC6
100
AcDbXrecord
1000
KFtw
  0
XRECORD
  5
10000DC8
102
{ACAD_REACTORS
330
10000DC6
102
}
330
10000DC6
100
AcDbXrecord
1000
KFvw
  0
XRECORD
  5
10000DCB
102
{ACAD_REACTORS
330
10000DCA
102
}
330
10000DCA
100
AcDbXrecord
1000
KFZE
  0
XRECORD
  5
10000DCC
102
{ACAD_REACTORS
330
10000DCA
102
}
330
10000DCA
100
AcDbXrecord
1000
KFbE
  0
XRECORD
  5
10000DCF
102
{ACAD_REACTORS
330
10000DCE
102
}
330
10000DCE
100
AcDbXrecord
1000
KFlw
  0
XRECORD
  5
10000DD0
102
{ACAD_REACTORS
330
10000DCE
102
}
330
10000DCE
100
AcDbXrecord
1000
KFnw
  0
XRECORD
  5
10000DD3
102
{ACAD_REACTORS
330
10000DD2
102
}
330
10000DD2
100
AcDbXrecord
1000
KFRE
  0
XRECORD
  5
10000DD4
102
{ACAD_REACTORS
330
10000DD2
102
}
330
10000DD2
100
AcDbXrecord
1000
KFTE
  0
XRECORD
  5
10000DD7
102
{ACAD_REACTORS
330
10000DD6
102
}
330
10000DD6
100
AcDbXrecord
1000
KFhw
  0
XRECORD
  5
10000DD8
102
{ACAD_REACTORS
330
10000DD6
102
}
330
10000DD6
100
AcDbXrecord
1000
KFjw
  0
XRECORD
  5
10000DDB
102
{ACAD_REACTORS
330
10000DDA
102
}
330
10000DDA
100
AcDbXrecord
1000
KFNE
  0
XRECORD
  5
10000DDC
102
{ACAD_REACTORS
330
10000DDA
102
}
330
10000DDA
100
AcDbXrecord
1000
KFPE
  0
XRECORD
  5
10000DDF
102
{ACAD_REACTORS
330
10000DDE
102
}
330
10000DDE
100
AcDbXrecord
1000
LFtFB
  0
XRECORD
  5
10000DE0
102
{ACAD_REACTORS
330
10000DDE
102
}
330
10000DDE
100
AcDbXrecord
1000
LF3FB
  0
XRECORD
  5
10000DE3
102
{ACAD_REACTORS
330
10000DE2
102
}
330
10000DE2
100
AcDbXrecord
1000
KFdw
  0
XRECORD
  5
10000DE4
102
{ACAD_REACTORS
330
10000DE2
102
}
330
10000DE2
100
AcDbXrecord
1000
KFfw
  0
XRECORD
  5
10000DE7
102
{ACAD_REACTORS
330
10000DE6
102
}
330
10000DE6
100
AcDbXrecord
1000
KFJE
  0
XRECORD
  5
10000DE8
102
{ACAD_REACTORS
330
10000DE6
102
}
330
10000DE6
100
AcDbXrecord
1000
KFLE
  0
XRECORD
  5
10000DEB
102
{ACAD_REACTORS
330
10000DEA
102
}
330
10000DEA
100
AcDbXrecord
1000
KFZw
  0
XRECORD
  5
10000DEC
102
{ACAD_REACTORS
330
10000DEA
102
}
330
10000DEA
100
AcDbXrecord
1000
KFbw
  0
XRECORD
  5
10000DEF
102
{ACAD_REACTORS
330
10000DEE
102
}
330
10000DEE
100
AcDbXrecord
1000
KFFE
  0
XRECORD
  5
10000DF0
102
{ACAD_REACTORS
330
10000DEE
102
}
330
10000DEE
100
AcDbXrecord
1000
KFHE
  0
XRECORD
  5
10000DF3
102
{ACAD_REACTORS
330
10000DF2
102
}
330
10000DF2
100
AcDbXrecord
1000
LFVGB
  0
XRECORD
  5
10000DF4
102
{ACAD_REACTORS
330
10000DF2
102
}
330
10000DF2
100
AcDbXrecord
1000
LFbGB
  0
XRECORD
  5
10000DF7
102
{ACAD_REACTORS
330
10000DF6
102
}
330
10000DF6
100
AcDbXrecord
1000
KFVw
  0
XRECORD
  5
10000DF8
102
{ACAD_REACTORS
330
10000DF6
102
}
330
10000DF6
100
AcDbXrecord
1000
KFXw
  0
XRECORD
  5
10000DFB
102
{ACAD_REACTORS
330
10000DFA
102
}
330
10000DFA
100
AcDbXrecord
1000
KFBE
  0
XRECORD
  5
10000DFC
102
{ACAD_REACTORS
330
10000DFA
102
}
330
10000DFA
100
AcDbXrecord
1000
KFDE
  0
XRECORD
  5
10000DFF
102
{ACAD_REACTORS
330
10000DFE
102
}
330
10000DFE
100
AcDbXrecord
1000
KFRw
  0
XRECORD
  5
10000E00
102
{ACAD_REACTORS
330
10000DFE
102
}
330
10000DFE
100
AcDbXrecord
1000
KFTw
  0
XRECORD
  5
10000E03
102
{ACAD_REACTORS
330
10000E02
102
}
330
10000E02
100
AcDbXrecord
1000
KF9D
  0
XRECORD
  5
10000E04
102
{ACAD_REACTORS
330
10000E02
102
}
330
10000E02
100
AcDbXrecord
1000
KF/D
  0
XRECORD
  5
10000E07
102
{ACAD_REACTORS
330
10000E06
102
}
330
10000E06
100
AcDbXrecord
1000
KFNw
  0
XRECORD
  5
10000E08
102
{ACAD_REACTORS
330
10000E06
102
}
330
10000E06
100
AcDbXrecord
1000
KFPw
  0
XRECORD
  5
10000E0B
102
{ACAD_REACTORS
330
10000E0A
102
}
330
10000E0A
100
AcDbXrecord
1000
KF5D
  0
XRECORD
  5
10000E0C
102
{ACAD_REACTORS
330
10000E0A
102
}
330
10000E0A
100
AcDbXrecord
1000
KF7D
  0
XRECORD
  5
10000E0F
102
{ACAD_REACTORS
330
10000E0E
102
}
330
10000E0E
100
AcDbXrecord
1000
KFJw
  0
XRECORD
  5
10000E10
102
{ACAD_REACTORS
330
10000E0E
102
}
330
10000E0E
100
AcDbXrecord
1000
KFLw
  0
XRECORD
  5
10000E13
102
{ACAD_REACTORS
330
10000E12
102
}
330
10000E12
100
AcDbXrecord
1000
KF1D
  0
XRECORD
  5
10000E14
102
{ACAD_REACTORS
330
10000E12
102
}
330
10000E12
100
AcDbXrecord
1000
KF3D
  0
XRECORD
  5
10000E17
102
{ACAD_REACTORS
330
10000E16
102
}
330
10000E16
100
AcDbXrecord
1000
KFFw
  0
XRECORD
  5
10000E18
102
{ACAD_REACTORS
330
10000E16
102
}
330
10000E16
100
AcDbXrecord
1000
KFHw
  0
XRECORD
  5
10000E1B
102
{ACAD_REACTORS
330
10000E1A
102
}
330
10000E1A
100
AcDbXrecord
1000
KFxD
  0
XRECORD
  5
10000E1C
102
{ACAD_REACTORS
330
10000E1A
102
}
330
10000E1A
100
AcDbXrecord
1000
KFzD
  0
XRECORD
  5
10000E1F
102
{ACAD_REACTORS
330
10000E1E
102
}
330
10000E1E
100
AcDbXrecord
1000
KFBw
  0
XRECORD
  5
10000E20
102
{ACAD_REACTORS
330
10000E1E
102
}
330
10000E1E
100
AcDbXrecord
1000
KFDw
  0
XRECORD
  5
10000E23
102
{ACAD_REACTORS
330
10000E22
102
}
330
10000E22
100
AcDbXrecord
1000
KFtD
  0
XRECORD
  5
10000E24
102
{ACAD_REACTORS
330
10000E22
102
}
330
10000E22
100
AcDbXrecord
1000
KFvD
  0
XRECORD
  5
10000E27
102
{ACAD_REACTORS
330
10000E26
102
}
330
10000E26
100
AcDbXrecord
1000
LF5EB
  0
XRECORD
  5
10000E28
102
{ACAD_REACTORS
330
10000E26
102
}
330
10000E26
100
AcDbXrecord
1000
LFDFB
  0
XRECORD
  5
10000E2B
102
{ACAD_REACTORS
330
10000E2A
102
}
330
10000E2A
100
AcDbXrecord
1000
KF9v
  0
XRECORD
  5
10000E2C
102
{ACAD_REACTORS
330
10000E2A
102
}
330
10000E2A
100
AcDbXrecord
1000
KF/v
  0
XRECORD
  5
10000E2F
102
{ACAD_REACTORS
330
10000E2E
102
}
330
10000E2E
100
AcDbXrecord
1000
KFpD
  0
XRECORD
  5
10000E30
102
{ACAD_REACTORS
330
10000E2E
102
}
330
10000E2E
100
AcDbXrecord
1000
KFrD
  0
XRECORD
  5
10000E33
102
{ACAD_REACTORS
330
10000E32
102
}
330
10000E32
100
AcDbXrecord
1000
KF5v
  0
XRECORD
  5
10000E34
102
{ACAD_REACTORS
330
10000E32
102
}
330
10000E32
100
AcDbXrecord
1000
KF7v
  0
XRECORD
  5
10000E37
102
{ACAD_REACTORS
330
10000E36
102
}
330
10000E36
100
AcDbXrecord
1000
KFlD
  0
XRECORD
  5
10000E38
102
{ACAD_REACTORS
330
10000E36
102
}
330
10000E36
100
AcDbXrecord
1000
KFnD
  0
XRECORD
  5
10000E3B
102
{ACAD_REACTORS
330
10000E3A
102
}
330
10000E3A
100
AcDbXrecord
1000
LFdFB
  0
XRECORD
  5
10000E3C
102
{ACAD_REACTORS
330
10000E3A
102
}
330
10000E3A
100
AcDbXrecord
1000
LFnFB
  0
XRECORD
  5
10000E3F
102
{ACAD_REACTORS
330
10000E3E
102
}
330
10000E3E
100
AcDbXrecord
1000
KF1v
  0
XRECORD
  5
10000E40
102
{ACAD_REACTORS
330
10000E3E
102
}
330
10000E3E
100
AcDbXrecord
1000
KF3v
  0
XRECORD
  5
10000E43
102
{ACAD_REACTORS
330
10000E42
102
}
330
10000E42
100
AcDbXrecord
1000
KFhD
  0
XRECORD
  5
10000E44
102
{ACAD_REACTORS
330
10000E42
102
}
330
10000E42
100
AcDbXrecord
1000
KFjD
  0
XRECORD
  5
10000E47
102
{ACAD_REACTORS
330
10000E46
102
}
330
10000E46
100
AcDbXrecord
1000
LF1EB
  0
XRECORD
  5
10000E48
102
{ACAD_REACTORS
330
10000E46
102
}
330
10000E46
100
AcDbXrecord
1000
LF3EB
  0
XRECORD
  5
10000E4B
102
{ACAD_REACTORS
330
10000E4A
102
}
330
10000E4A
100
AcDbXrecord
1000
KFxv
  0
XRECORD
  5
10000E4C
102
{ACAD_REACTORS
330
10000E4A
102
}
330
10000E4A
100
AcDbXrecord
1000
KFzv
  0
XRECORD
  5
10000E4F
102
{ACAD_REACTORS
330
10000E4E
102
}
330
10000E4E
100
AcDbXrecord
1000
KFdD
  0
XRECORD
  5
10000E50
102
{ACAD_REACTORS
330
10000E4E
102
}
330
10000E4E
100
AcDbXrecord
1000
KFfD
  0
XRECORD
  5
10000E53
102
{ACAD_REACTORS
330
10000E52
102
}
330
10000E52
100
AcDbXrecord
1000
LFxEB
  0
XRECORD
  5
10000E54
102
{ACAD_REACTORS
330
10000E52
102
}
330
10000E52
100
AcDbXrecord
1000
LFzEB
  0
XRECORD
  5
10000E57
102
{ACAD_REACTORS
330
10000E56
102
}
330
10000E56
100
AcDbXrecord
1000
KFtv
  0
XRECORD
  5
10000E58
102
{ACAD_REACTORS
330
10000E56
102
}
330
10000E56
100
AcDbXrecord
1000
KFvv
  0
XRECORD
  5
10000E5B
102
{ACAD_REACTORS
330
10000E5A
102
}
330
10000E5A
100
AcDbXrecord
1000
KFZD
  0
XRECORD
  5
10000E5C
102
{ACAD_REACTORS
330
10000E5A
102
}
330
10000E5A
100
AcDbXrecord
1000
KFbD
  0
XRECORD
  5
10000E5F
102
{ACAD_REACTORS
330
10000E5E
102
}
330
10000E5E
100
AcDbXrecord
1000
LFtEB
  0
XRECORD
  5
10000E60
102
{ACAD_REACTORS
330
10000E5E
102
}
330
10000E5E
100
AcDbXrecord
1000
LFvEB
  0
XRECORD
  5
10000E63
102
{ACAD_REACTORS
330
10000E62
102
}
330
10000E62
100
AcDbXrecord
1000
KFFU
  0
XRECORD
  5
10000E64
102
{ACAD_REACTORS
330
10000E62
102
}
330
10000E62
100
AcDbXrecord
1000
KFHU
  0
XRECORD
  5
10000E67
102
{ACAD_REACTORS
330
10000E66
102
}
330
10000E66
100
AcDbXrecord
1000
LFFHB
  0
XRECORD
  5
10000E68
102
{ACAD_REACTORS
330
10000E66
102
}
330
10000E66
100
AcDbXrecord
1000
LFLHB
  0
XRECORD
  5
10000E6B
102
{ACAD_REACTORS
330
10000E6A
102
}
330
10000E6A
100
AcDbXrecord
1000
KFpv
  0
XRECORD
  5
10000E6C
102
{ACAD_REACTORS
330
10000E6A
102
}
330
10000E6A
100
AcDbXrecord
1000
KFrv
  0
XRECORD
  5
10000E6F
102
{ACAD_REACTORS
330
10000E6E
102
}
330
10000E6E
100
AcDbXrecord
1000
KFVD
  0
XRECORD
  5
10000E70
102
{ACAD_REACTORS
330
10000E6E
102
}
330
10000E6E
100
AcDbXrecord
1000
KFXD
  0
XRECORD
  5
10000E73
102
{ACAD_REACTORS
330
10000E72
102
}
330
10000E72
100
AcDbXrecord
1000
LFpEB
  0
XRECORD
  5
10000E74
102
{ACAD_REACTORS
330
10000E72
102
}
330
10000E72
100
AcDbXrecord
1000
LFrEB
  0
XRECORD
  5
10000E77
102
{ACAD_REACTORS
330
10000E76
102
}
330
10000E76
100
AcDbXrecord
1000
KFlv
  0
XRECORD
  5
10000E78
102
{ACAD_REACTORS
330
10000E76
102
}
330
10000E76
100
AcDbXrecord
1000
KFnv
  0
XRECORD
  5
10000E7B
102
{ACAD_REACTORS
330
10000E7A
102
}
330
10000E7A
100
AcDbXrecord
1000
KFRD
  0
XRECORD
  5
10000E7C
102
{ACAD_REACTORS
330
10000E7A
102
}
330
10000E7A
100
AcDbXrecord
1000
KFTD
  0
XRECORD
  5
10000E7F
102
{ACAD_REACTORS
330
10000E7E
102
}
330
10000E7E
100
AcDbXrecord
1000
LFlEB
  0
XRECORD
  5
10000E80
102
{ACAD_REACTORS
330
10000E7E
102
}
330
10000E7E
100
AcDbXrecord
1000
LFnEB
  0
XRECORD
  5
10000E83
102
{ACAD_REACTORS
330
10000E82
102
}
330
10000E82
100
AcDbXrecord
1000
KFhv
  0
XRECORD
  5
10000E84
102
{ACAD_REACTORS
330
10000E82
102
}
330
10000E82
100
AcDbXrecord
1000
KFjv
  0
XRECORD
  5
10000E87
102
{ACAD_REACTORS
330
10000E86
102
}
330
10000E86
100
AcDbXrecord
1000
KFND
  0
XRECORD
  5
10000E88
102
{ACAD_REACTORS
330
10000E86
102
}
330
10000E86
100
AcDbXrecord
1000
KFPD
  0
XRECORD
  5
10000E8B
102
{ACAD_REACTORS
330
10000E8A
102
}
330
10000E8A
100
AcDbXrecord
1000
LFhEB
  0
XRECORD
  5
10000E8C
102
{ACAD_REACTORS
330
10000E8A
102
}
330
10000E8A
100
AcDbXrecord
1000
LFjEB
  0
XRECORD
  5
10000E8F
102
{ACAD_REACTORS
330
10000E8E
102
}
330
10000E8E
100
AcDbXrecord
1000
KFdv
  0
XRECORD
  5
10000E90
102
{ACAD_REACTORS
330
10000E8E
102
}
330
10000E8E
100
AcDbXrecord
1000
KFfv
  0
XRECORD
  5
10000E93
102
{ACAD_REACTORS
330
10000E92
102
}
330
10000E92
100
AcDbXrecord
1000
KFJD
  0
XRECORD
  5
10000E94
102
{ACAD_REACTORS
330
10000E92
102
}
330
10000E92
100
AcDbXrecord
1000
KFLD
  0
XRECORD
  5
10000E97
102
{ACAD_REACTORS
330
10000E96
102
}
330
10000E96
100
AcDbXrecord
1000
LFdEB
  0
XRECORD
  5
10000E98
102
{ACAD_REACTORS
330
10000E96
102
}
330
10000E96
100
AcDbXrecord
1000
LFfEB
  0
XRECORD
  5
10000E9B
102
{ACAD_REACTORS
330
10000E9A
102
}
330
10000E9A
100
AcDbXrecord
1000
KFZv
  0
XRECORD
  5
10000E9C
102
{ACAD_REACTORS
330
10000E9A
102
}
330
10000E9A
100
AcDbXrecord
1000
KFbv
  0
XRECORD
  5
10000E9F
102
{ACAD_REACTORS
330
10000E9E
102
}
330
10000E9E
100
AcDbXrecord
1000
KFFD
  0
XRECORD
  5
10000EA0
102
{ACAD_REACTORS
330
10000E9E
102
}
330
10000E9E
100
AcDbXrecord
1000
KFHD
  0
XRECORD
  5
10000EA3
102
{ACAD_REACTORS
330
10000EA2
102
}
330
10000EA2
100
AcDbXrecord
1000
LFZEB
  0
XRECORD
  5
10000EA4
102
{ACAD_REACTORS
330
10000EA2
102
}
330
10000EA2
100
AcDbXrecord
1000
LFbEB
  0
XRECORD
  5
10000EA7
102
{ACAD_REACTORS
330
10000EA6
102
}
330
10000EA6
100
AcDbXrecord
1000
KFVv
  0
XRECORD
  5
10000EA8
102
{ACAD_REACTORS
330
10000EA6
102
}
330
10000EA6
100
AcDbXrecord
1000
KFXv
  0
XRECORD
  5
10000EAB
102
{ACAD_REACTORS
330
10000EAA
102
}
330
10000EAA
100
AcDbXrecord
1000
KFBD
  0
XRECORD
  5
10000EAC
102
{ACAD_REACTORS
330
10000EAA
102
}
330
10000EAA
100
AcDbXrecord
1000
KFDD
  0
XRECORD
  5
10000EAF
102
{ACAD_REACTORS
330
10000EAE
102
}
330
10000EAE
100
AcDbXrecord
1000
LFVEB
  0
XRECORD
  5
10000EB0
102
{ACAD_REACTORS
330
10000EAE
102
}
330
10000EAE
100
AcDbXrecord
1000
LFXEB
  0
XRECORD
  5
10000EB3
102
{ACAD_REACTORS
330
10000EB2
102
}
330
10000EB2
100
AcDbXrecord
1000
KFRv
  0
XRECORD
  5
10000EB4
102
{ACAD_REACTORS
330
10000EB2
102
}
330
10000EB2
100
AcDbXrecord
1000
KFTv
  0
XRECORD
  5
10000EB7
102
{ACAD_REACTORS
330
10000EB6
102
}
330
10000EB6
100
AcDbXrecord
1000
KF9C
  0
XRECORD
  5
10000EB8
102
{ACAD_REACTORS
330
10000EB6
102
}
330
10000EB6
100
AcDbXrecord
1000
KF/C
  0
XRECORD
  5
10000EBB
102
{ACAD_REACTORS
330
10000EBA
102
}
330
10000EBA
100
AcDbXrecord
1000
KFl+
  0
XRECORD
  5
10000EBC
102
{ACAD_REACTORS
330
10000EBA
102
}
330
10000EBA
100
AcDbXrecord
1000
KFn+
  0
XRECORD
  5
10000EBF
102
{ACAD_REACTORS
330
10000EBE
102
}
330
10000EBE
100
AcDbXrecord
1000
KFh+
  0
XRECORD
  5
10000EC0
102
{ACAD_REACTORS
330
10000EBE
102
}
330
10000EBE
100
AcDbXrecord
1000
KFj+
  0
XRECORD
  5
10000EC3
102
{ACAD_REACTORS
330
10000EC2
102
}
330
10000EC2
100
AcDbXrecord
1000
LF5FB
  0
XRECORD
  5
10000EC4
102
{ACAD_REACTORS
330
10000EC2
102
}
330
10000EC2
100
AcDbXrecord
1000
LFDGB
  0
XRECORD
  5
10000EC7
102
{ACAD_REACTORS
330
10000EC6
102
}
330
10000EC6
100
AcDbXrecord
1000
KFd+
  0
XRECORD
  5
10000EC8
102
{ACAD_REACTORS
330
10000EC6
102
}
330
10000EC6
100
AcDbXrecord
1000
KFf+
  0
XRECORD
  5
10000ECB
102
{ACAD_REACTORS
330
10000ECA
102
}
330
10000ECA
100
AcDbXrecord
1000
KFV+
  0
XRECORD
  5
10000ECC
102
{ACAD_REACTORS
330
10000ECA
102
}
330
10000ECA
100
AcDbXrecord
1000
KFX+
  0
XRECORD
  5
10000ECF
102
{ACAD_REACTORS
330
10000ECE
102
}
330
10000ECE
100
AcDbXrecord
1000
KFR+
  0
XRECORD
  5
10000ED0
102
{ACAD_REACTORS
330
10000ECE
102
}
330
10000ECE
100
AcDbXrecord
1000
KFT+
  0
XRECORD
  5
10000ED3
102
{ACAD_REACTORS
330
10000ED2
102
}
330
10000ED2
100
AcDbXrecord
1000
KFN+
  0
XRECORD
  5
10000ED4
102
{ACAD_REACTORS
330
10000ED2
102
}
330
10000ED2
100
AcDbXrecord
1000
KFP+
  0
XRECORD
  5
10000ED7
102
{ACAD_REACTORS
330
10000ED6
102
}
330
10000ED6
100
AcDbXrecord
1000
KFJ+
  0
XRECORD
  5
10000ED8
102
{ACAD_REACTORS
330
10000ED6
102
}
330
10000ED6
100
AcDbXrecord
1000
KFL+
  0
XRECORD
  5
10000EDB
102
{ACAD_REACTORS
330
10000EDA
102
}
330
10000EDA
100
AcDbXrecord
1000
KFF+
  0
XRECORD
  5
10000EDC
102
{ACAD_REACTORS
330
10000EDA
102
}
330
10000EDA
100
AcDbXrecord
1000
KFH+
  0
XRECORD
  5
10000EDF
102
{ACAD_REACTORS
330
10000EDE
102
}
330
10000EDE
100
AcDbXrecord
1000
KFB+
  0
XRECORD
  5
10000EE0
102
{ACAD_REACTORS
330
10000EDE
102
}
330
10000EDE
100
AcDbXrecord
1000
KFD+
  0
XRECORD
  5
10000EE3
102
{ACAD_REACTORS
330
10000EE2
102
}
330
10000EE2
100
AcDbXrecord
1000
LFFFB
  0
XRECORD
  5
10000EE4
102
{ACAD_REACTORS
330
10000EE2
102
}
330
10000EE2
100
AcDbXrecord
1000
LFPFB
  0
XRECORD
  5
10000EE7
102
{ACAD_REACTORS
330
10000EE6
102
}
330
10000EE6
100
AcDbXrecord
1000
KF99
  0
XRECORD
  5
10000EE8
102
{ACAD_REACTORS
330
10000EE6
102
}
330
10000EE6
100
AcDbXrecord
1000
KF/9
  0
XRECORD
  5
10000EEB
102
{ACAD_REACTORS
330
10000EEA
102
}
330
10000EEA
100
AcDbXrecord
1000
KF59
  0
XRECORD
  5
10000EEC
102
{ACAD_REACTORS
330
10000EEA
102
}
330
10000EEA
100
AcDbXrecord
1000
KF79
  0
XRECORD
  5
10000EEF
102
{ACAD_REACTORS
330
10000EEE
102
}
330
10000EEE
100
AcDbXrecord
1000
KF19
  0
XRECORD
  5
10000EF0
102
{ACAD_REACTORS
330
10000EEE
102
}
330
10000EEE
100
AcDbXrecord
1000
KF39
  0
XRECORD
  5
10000EF3
102
{ACAD_REACTORS
330
10000EF2
102
}
330
10000EF2
100
AcDbXrecord
1000
KFx9
  0
XRECORD
  5
10000EF4
102
{ACAD_REACTORS
330
10000EF2
102
}
330
10000EF2
100
AcDbXrecord
1000
KFz9
  0
XRECORD
  5
10000EF7
102
{ACAD_REACTORS
330
10000EF6
102
}
330
10000EF6
100
AcDbXrecord
1000
KFt9
  0
XRECORD
  5
10000EF8
102
{ACAD_REACTORS
330
10000EF6
102
}
330
10000EF6
100
AcDbXrecord
1000
KFv9
  0
XRECORD
  5
10000EFB
102
{ACAD_REACTORS
330
10000EFA
102
}
330
10000EFA
100
AcDbXrecord
1000
KFp9
  0
XRECORD
  5
10000EFC
102
{ACAD_REACTORS
330
10000EFA
102
}
330
10000EFA
100
AcDbXrecord
1000
KFr9
  0
XRECORD
  5
10000EFF
102
{ACAD_REACTORS
330
10000EFE
102
}
330
10000EFE
100
AcDbXrecord
1000
KFl9
  0
XRECORD
  5
10000F00
102
{ACAD_REACTORS
330
10000EFE
102
}
330
10000EFE
100
AcDbXrecord
1000
KFn9
  0
XRECORD
  5
10000F03
102
{ACAD_REACTORS
330
10000F02
102
}
330
10000F02
100
AcDbXrecord
1000
KFh9
  0
XRECORD
  5
10000F04
102
{ACAD_REACTORS
330
10000F02
102
}
330
10000F02
100
AcDbXrecord
1000
KFj9
  0
XRECORD
  5
10000F07
102
{ACAD_REACTORS
330
10000F06
102
}
330
10000F06
100
AcDbXrecord
1000
KFZ9
  0
XRECORD
  5
10000F08
102
{ACAD_REACTORS
330
10000F06
102
}
330
10000F06
100
AcDbXrecord
1000
KFb9
  0
XRECORD
  5
10000F0B
102
{ACAD_REACTORS
330
10000F0A
102
}
330
10000F0A
100
AcDbXrecord
1000
KFV9
  0
XRECORD
  5
10000F0C
102
{ACAD_REACTORS
330
10000F0A
102
}
330
10000F0A
100
AcDbXrecord
1000
KFX9
  0
XRECORD
  5
10000F0F
102
{ACAD_REACTORS
330
10000F0E
102
}
330
10000F0E
100
AcDbXrecord
1000
KFR9
  0
XRECORD
  5
10000F10
102
{ACAD_REACTORS
330
10000F0E
102
}
330
10000F0E
100
AcDbXrecord
1000
KFT9
  0
XRECORD
  5
10000F13
102
{ACAD_REACTORS
330
10000F12
102
}
330
10000F12
100
AcDbXrecord
1000
KFN9
  0
XRECORD
  5
10000F14
102
{ACAD_REACTORS
330
10000F12
102
}
330
10000F12
100
AcDbXrecord
1000
KFP9
  0
XRECORD
  5
10000F17
102
{ACAD_REACTORS
330
10000F16
102
}
330
10000F16
100
AcDbXrecord
1000
KFJ9
  0
XRECORD
  5
10000F18
102
{ACAD_REACTORS
330
10000F16
102
}
330
10000F16
100
AcDbXrecord
1000
KFL9
  0
XRECORD
  5
10000F1B
102
{ACAD_REACTORS
330
10000F1A
102
}
330
10000F1A
100
AcDbXrecord
1000
KFF9
  0
XRECORD
  5
10000F1C
102
{ACAD_REACTORS
330
10000F1A
102
}
330
10000F1A
100
AcDbXrecord
1000
KFH9
  0
XRECORD
  5
10000F1F
102
{ACAD_REACTORS
330
10000F1E
102
}
330
10000F1E
100
AcDbXrecord
1000
KFB9
  0
XRECORD
  5
10000F20
102
{ACAD_REACTORS
330
10000F1E
102
}
330
10000F1E
100
AcDbXrecord
1000
KFD9
  0
XRECORD
  5
10000F23
102
{ACAD_REACTORS
330
10000F22
102
}
330
10000F22
100
AcDbXrecord
1000
KF98
  0
XRECORD
  5
10000F24
102
{ACAD_REACTORS
330
10000F22
102
}
330
10000F22
100
AcDbXrecord
1000
KF/8
  0
XRECORD
  5
10000F27
102
{ACAD_REACTORS
330
10000F26
102
}
330
10000F26
100
AcDbXrecord
1000
KF58
  0
XRECORD
  5
10000F28
102
{ACAD_REACTORS
330
10000F26
102
}
330
10000F26
100
AcDbXrecord
1000
KF78
  0
XRECORD
  5
10000F2B
102
{ACAD_REACTORS
330
10000F2A
102
}
330
10000F2A
100
AcDbXrecord
1000
KF18
  0
XRECORD
  5
10000F2C
102
{ACAD_REACTORS
330
10000F2A
102
}
330
10000F2A
100
AcDbXrecord
1000
KF38
  0
XRECORD
  5
10000F2F
102
{ACAD_REACTORS
330
10000F2E
102
}
330
10000F2E
100
AcDbXrecord
1000
KFx8
  0
XRECORD
  5
10000F30
102
{ACAD_REACTORS
330
10000F2E
102
}
330
10000F2E
100
AcDbXrecord
1000
KFz8
  0
XRECORD
  5
10000F33
102
{ACAD_REACTORS
330
10000F32
102
}
330
10000F32
100
AcDbXrecord
1000
KFt8
  0
XRECORD
  5
10000F34
102
{ACAD_REACTORS
330
10000F32
102
}
330
10000F32
100
AcDbXrecord
1000
KFv8
  0
XRECORD
  5
10000F37
102
{ACAD_REACTORS
330
10000F36
102
}
330
10000F36
100
AcDbXrecord
1000
KFp8
  0
XRECORD
  5
10000F38
102
{ACAD_REACTORS
330
10000F36
102
}
330
10000F36
100
AcDbXrecord
1000
KFr8
  0
XRECORD
  5
10000F3B
102
{ACAD_REACTORS
330
10000F3A
102
}
330
10000F3A
100
AcDbXrecord
1000
KFl8
  0
XRECORD
  5
10000F3C
102
{ACAD_REACTORS
330
10000F3A
102
}
330
10000F3A
100
AcDbXrecord
1000
KFn8
  0
XRECORD
  5
10000F3F
102
{ACAD_REACTORS
330
10000F3E
102
}
330
10000F3E
100
AcDbXrecord
1000
KFh8
  0
XRECORD
  5
10000F40
102
{ACAD_REACTORS
330
10000F3E
102
}
330
10000F3E
100
AcDbXrecord
1000
KFj8
  0
XRECORD
  5
10000F43
102
{ACAD_REACTORS
330
10000F42
102
}
330
10000F42
100
AcDbXrecord
1000
KFd8
  0
XRECORD
  5
10000F44
102
{ACAD_REACTORS
330
10000F42
102
}
330
10000F42
100
AcDbXrecord
1000
KFf8
  0
XRECORD
  5
10000F47
102
{ACAD_REACTORS
330
10000F46
102
}
330
10000F46
100
AcDbXrecord
1000
KFZ8
  0
XRECORD
  5
10000F48
102
{ACAD_REACTORS
330
10000F46
102
}
330
10000F46
100
AcDbXrecord
1000
KFb8
  0
XRECORD
  5
10000F4B
102
{ACAD_REACTORS
330
10000F4A
102
}
330
10000F4A
100
AcDbXrecord
1000
KFR8
  0
XRECORD
  5
10000F4C
102
{ACAD_REACTORS
330
10000F4A
102
}
330
10000F4A
100
AcDbXrecord
1000
KFT8
  0
XRECORD
  5
10000F4F
102
{ACAD_REACTORS
330
10000F4E
102
}
330
10000F4E
100
AcDbXrecord
1000
KFN8
  0
XRECORD
  5
10000F50
102
{ACAD_REACTORS
330
10000F4E
102
}
330
10000F4E
100
AcDbXrecord
1000
KFP8
  0
XRECORD
  5
10000F53
102
{ACAD_REACTORS
330
10000F52
102
}
330
10000F52
100
AcDbXrecord
1000
KFJ8
  0
XRECORD
  5
10000F54
102
{ACAD_REACTORS
330
10000F52
102
}
330
10000F52
100
AcDbXrecord
1000
KFL8
  0
XRECORD
  5
10000F57
102
{ACAD_REACTORS
330
10000F56
102
}
330
10000F56
100
AcDbXrecord
1000
KFF8
  0
XRECORD
  5
10000F58
102
{ACAD_REACTORS
330
10000F56
102
}
330
10000F56
100
AcDbXrecord
1000
KFH8
  0
XRECORD
  5
10000F5B
102
{ACAD_REACTORS
330
10000F5A
102
}
330
10000F5A
100
AcDbXrecord
1000
KFB8
  0
XRECORD
  5
10000F5C
102
{ACAD_REACTORS
330
10000F5A
102
}
330
10000F5A
100
AcDbXrecord
1000
KFD8
  0
XRECORD
  5
10000F5F
102
{ACAD_REACTORS
330
10000F5E
102
}
330
10000F5E
100
AcDbXrecord
1000
KF97
  0
XRECORD
  5
10000F60
102
{ACAD_REACTORS
330
10000F5E
102
}
330
10000F5E
100
AcDbXrecord
1000
KF/7
  0
XRECORD
  5
10000F63
102
{ACAD_REACTORS
330
10000F62
102
}
330
10000F62
100
AcDbXrecord
1000
KF57
  0
XRECORD
  5
10000F64
102
{ACAD_REACTORS
330
10000F62
102
}
330
10000F62
100
AcDbXrecord
1000
KF77
  0
XRECORD
  5
10000F67
102
{ACAD_REACTORS
330
10000F66
102
}
330
10000F66
100
AcDbXrecord
1000
KFx7
  0
XRECORD
  5
10000F68
102
{ACAD_REACTORS
330
10000F66
102
}
330
10000F66
100
AcDbXrecord
1000
KFz7
  0
XRECORD
  5
10000F6B
102
{ACAD_REACTORS
330
10000F6A
102
}
330
10000F6A
100
AcDbXrecord
1000
KFt7
  0
XRECORD
  5
10000F6C
102
{ACAD_REACTORS
330
10000F6A
102
}
330
10000F6A
100
AcDbXrecord
1000
KFv7
  0
XRECORD
  5
10000F6F
102
{ACAD_REACTORS
330
10000F6E
102
}
330
10000F6E
100
AcDbXrecord
1000
KFp7
  0
XRECORD
  5
10000F70
102
{ACAD_REACTORS
330
10000F6E
102
}
330
10000F6E
100
AcDbXrecord
1000
KFr7
  0
XRECORD
  5
10000F73
102
{ACAD_REACTORS
330
10000F72
102
}
330
10000F72
100
AcDbXrecord
1000
KFl7
  0
XRECORD
  5
10000F74
102
{ACAD_REACTORS
330
10000F72
102
}
330
10000F72
100
AcDbXrecord
1000
KFn7
  0
XRECORD
  5
10000F77
102
{ACAD_REACTORS
330
10000F76
102
}
330
10000F76
100
AcDbXrecord
1000
KFh7
  0
XRECORD
  5
10000F78
102
{ACAD_REACTORS
330
10000F76
102
}
330
10000F76
100
AcDbXrecord
1000
KFj7
  0
XRECORD
  5
10000F7B
102
{ACAD_REACTORS
330
10000F7A
102
}
330
10000F7A
100
AcDbXrecord
1000
KFd7
  0
XRECORD
  5
10000F7C
102
{ACAD_REACTORS
330
10000F7A
102
}
330
10000F7A
100
AcDbXrecord
1000
KFf7
  0
XRECORD
  5
10000F7F
102
{ACAD_REACTORS
330
10000F7E
102
}
330
10000F7E
100
AcDbXrecord
1000
KFZ7
  0
XRECORD
  5
10000F80
102
{ACAD_REACTORS
330
10000F7E
102
}
330
10000F7E
100
AcDbXrecord
1000
KFb7
  0
XRECORD
  5
10000F83
102
{ACAD_REACTORS
330
10000F82
102
}
330
10000F82
100
AcDbXrecord
1000
KFR7
  0
XRECORD
  5
10000F84
102
{ACAD_REACTORS
330
10000F82
102
}
330
10000F82
100
AcDbXrecord
1000
KFT7
  0
XRECORD
  5
10000F87
102
{ACAD_REACTORS
330
10000F86
102
}
330
10000F86
100
AcDbXrecord
1000
KFN7
  0
XRECORD
  5
10000F88
102
{ACAD_REACTORS
330
10000F86
102
}
330
10000F86
100
AcDbXrecord
1000
KFP7
  0
XRECORD
  5
10000F8B
102
{ACAD_REACTORS
330
10000F8A
102
}
330
10000F8A
100
AcDbXrecord
1000
KFJ7
  0
XRECORD
  5
10000F8C
102
{ACAD_REACTORS
330
10000F8A
102
}
330
10000F8A
100
AcDbXrecord
1000
KFL7
  0
XRECORD
  5
10000F8F
102
{ACAD_REACTORS
330
10000F8E
102
}
330
10000F8E
100
AcDbXrecord
1000
KFF7
  0
XRECORD
  5
10000F90
102
{ACAD_REACTORS
330
10000F8E
102
}
330
10000F8E
100
AcDbXrecord
1000
KFH7
  0
XRECORD
  5
10000F93
102
{ACAD_REACTORS
330
10000F92
102
}
330
10000F92
100
AcDbXrecord
1000
KFB7
  0
XRECORD
  5
10000F94
102
{ACAD_REACTORS
330
10000F92
102
}
330
10000F92
100
AcDbXrecord
1000
KFD7
  0
XRECORD
  5
10000F97
102
{ACAD_REACTORS
330
10000F96
102
}
330
10000F96
100
AcDbXrecord
1000
KF96
  0
XRECORD
  5
10000F98
102
{ACAD_REACTORS
330
10000F96
102
}
330
10000F96
100
AcDbXrecord
1000
KF/6
  0
XRECORD
  5
10000F9B
102
{ACAD_REACTORS
330
10000F9A
102
}
330
10000F9A
100
AcDbXrecord
1000
KF56
  0
XRECORD
  5
10000F9C
102
{ACAD_REACTORS
330
10000F9A
102
}
330
10000F9A
100
AcDbXrecord
1000
KF76
  0
XRECORD
  5
10000F9F
102
{ACAD_REACTORS
330
10000F9E
102
}
330
10000F9E
100
AcDbXrecord
1000
KFx6
  0
XRECORD
  5
10000FA0
102
{ACAD_REACTORS
330
10000F9E
102
}
330
10000F9E
100
AcDbXrecord
1000
KFz6
  0
XRECORD
  5
10000FA3
102
{ACAD_REACTORS
330
10000FA2
102
}
330
10000FA2
100
AcDbXrecord
1000
KFt6
  0
XRECORD
  5
10000FA4
102
{ACAD_REACTORS
330
10000FA2
102
}
330
10000FA2
100
AcDbXrecord
1000
KFv6
  0
XRECORD
  5
10000FA7
102
{ACAD_REACTORS
330
10000FA6
102
}
330
10000FA6
100
AcDbXrecord
1000
KFp6
  0
XRECORD
  5
10000FA8
102
{ACAD_REACTORS
330
10000FA6
102
}
330
10000FA6
100
AcDbXrecord
1000
KFr6
  0
XRECORD
  5
10000FAB
102
{ACAD_REACTORS
330
10000FAA
102
}
330
10000FAA
100
AcDbXrecord
1000
KFl6
  0
XRECORD
  5
10000FAC
102
{ACAD_REACTORS
330
10000FAA
102
}
330
10000FAA
100
AcDbXrecord
1000
KFn6
  0
XRECORD
  5
10000FAF
102
{ACAD_REACTORS
330
10000FAE
102
}
330
10000FAE
100
AcDbXrecord
1000
KFh6
  0
XRECORD
  5
10000FB0
102
{ACAD_REACTORS
330
10000FAE
102
}
330
10000FAE
100
AcDbXrecord
1000
KFj6
  0
XRECORD
  5
10000FB3
102
{ACAD_REACTORS
330
10000FB2
102
}
330
10000FB2
100
AcDbXrecord
1000
KFd6
  0
XRECORD
  5
10000FB4
102
{ACAD_REACTORS
330
10000FB2
102
}
330
10000FB2
100
AcDbXrecord
1000
KFf6
  0
XRECORD
  5
10000FB7
102
{ACAD_REACTORS
330
10000FB6
102
}
330
10000FB6
100
AcDbXrecord
1000
KFZ6
  0
XRECORD
  5
10000FB8
102
{ACAD_REACTORS
330
10000FB6
102
}
330
10000FB6
100
AcDbXrecord
1000
KFb6
  0
XRECORD
  5
10000FBB
102
{ACAD_REACTORS
330
10000FBA
102
}
330
10000FBA
100
AcDbXrecord
1000
KFV6
  0
XRECORD
  5
10000FBC
102
{ACAD_REACTORS
330
10000FBA
102
}
330
10000FBA
100
AcDbXrecord
1000
KFX6
  0
XRECORD
  5
10000FBF
102
{ACAD_REACTORS
330
10000FBE
102
}
330
10000FBE
100
AcDbXrecord
1000
KFdt
  0
XRECORD
  5
10000FC0
102
{ACAD_REACTORS
330
10000FBE
102
}
330
10000FBE
100
AcDbXrecord
1000
KFft
  0
XRECORD
  5
10000FC3
102
{ACAD_REACTORS
330
10000FC2
102
}
330
10000FC2
100
AcDbXrecord
1000
KFJB
  0
XRECORD
  5
10000FC4
102
{ACAD_REACTORS
330
10000FC2
102
}
330
10000FC2
100
AcDbXrecord
1000
KFLB
  0
XRECORD
  5
10000FC7
102
{ACAD_REACTORS
330
10000FC6
102
}
330
10000FC6
100
AcDbXrecord
1000
KFZt
  0
XRECORD
  5
10000FC8
102
{ACAD_REACTORS
330
10000FC6
102
}
330
10000FC6
100
AcDbXrecord
1000
KFbt
  0
XRECORD
  5
10000FCB
102
{ACAD_REACTORS
330
10000FCA
102
}
330
10000FCA
100
AcDbXrecord
1000
KFFB
  0
XRECORD
  5
10000FCC
102
{ACAD_REACTORS
330
10000FCA
102
}
330
10000FCA
100
AcDbXrecord
1000
KFHB
  0
XRECORD
  5
10000FCF
102
{ACAD_REACTORS
330
10000FCE
102
}
330
10000FCE
100
AcDbXrecord
1000
KFVt
  0
XRECORD
  5
10000FD0
102
{ACAD_REACTORS
330
10000FCE
102
}
330
10000FCE
100
AcDbXrecord
1000
KFXt
  0
XRECORD
  5
10000FD3
102
{ACAD_REACTORS
330
10000FD2
102
}
330
10000FD2
100
AcDbXrecord
1000
KFBB
  0
XRECORD
  5
10000FD4
102
{ACAD_REACTORS
330
10000FD2
102
}
330
10000FD2
100
AcDbXrecord
1000
KFDB
  0
XRECORD
  5
10000FD7
102
{ACAD_REACTORS
330
10000FD6
102
}
330
10000FD6
100
AcDbXrecord
1000
KFRt
  0
XRECORD
  5
10000FD8
102
{ACAD_REACTORS
330
10000FD6
102
}
330
10000FD6
100
AcDbXrecord
1000
KFTt
  0
XRECORD
  5
10000FDB
102
{ACAD_REACTORS
330
10000FDA
102
}
330
10000FDA
100
AcDbXrecord
1000
JF9
  0
XRECORD
  5
10000FDC
102
{ACAD_REACTORS
330
10000FDA
102
}
330
10000FDA
100
AcDbXrecord
1000
JF/
  0
XRECORD
  5
10000FDF
102
{ACAD_REACTORS
330
10000FDE
102
}
330
10000FDE
100
AcDbXrecord
1000
KFNt
  0
XRECORD
  5
10000FE0
102
{ACAD_REACTORS
330
10000FDE
102
}
330
10000FDE
100
AcDbXrecord
1000
KFPt
  0
XRECORD
  5
10000FE3
102
{ACAD_REACTORS
330
10000FE2
102
}
330
10000FE2
100
AcDbXrecord
1000
JF5
  0
XRECORD
  5
10000FE4
102
{ACAD_REACTORS
330
10000FE2
102
}
330
10000FE2
100
AcDbXrecord
1000
JF7
  0
XRECORD
  5
10000FE7
102
{ACAD_REACTORS
330
10000FE6
102
}
330
10000FE6
100
AcDbXrecord
1000
KFJt
  0
XRECORD
  5
10000FE8
102
{ACAD_REACTORS
330
10000FE6
102
}
330
10000FE6
100
AcDbXrecord
1000
KFLt
  0
XRECORD
  5
10000FEB
102
{ACAD_REACTORS
330
10000FEA
102
}
330
10000FEA
100
AcDbXrecord
1000
JF1
  0
XRECORD
  5
10000FEC
102
{ACAD_REACTORS
330
10000FEA
102
}
330
10000FEA
100
AcDbXrecord
1000
JF3
  0
XRECORD
  5
10000FEF
102
{ACAD_REACTORS
330
10000FEE
102
}
330
10000FEE
100
AcDbXrecord
1000
KFFt
  0
XRECORD
  5
10000FF0
102
{ACAD_REACTORS
330
10000FEE
102
}
330
10000FEE
100
AcDbXrecord
1000
KFHt
  0
XRECORD
  5
10000FF3
102
{ACAD_REACTORS
330
10000FF2
102
}
330
10000FF2
100
AcDbXrecord
1000
JFx
  0
XRECORD
  5
10000FF4
102
{ACAD_REACTORS
330
10000FF2
102
}
330
10000FF2
100
AcDbXrecord
1000
JFz
  0
XRECORD
  5
10000FF7
102
{ACAD_REACTORS
330
10000FF6
102
}
330
10000FF6
100
AcDbXrecord
1000
KFBt
  0
XRECORD
  5
10000FF8
102
{ACAD_REACTORS
330
10000FF6
102
}
330
10000FF6
100
AcDbXrecord
1000
KFDt
  0
XRECORD
  5
10000FFB
102
{ACAD_REACTORS
330
10000FFA
102
}
330
10000FFA
100
AcDbXrecord
1000
JFt
  0
XRECORD
  5
10000FFC
102
{ACAD_REACTORS
330
10000FFA
102
}
330
10000FFA
100
AcDbXrecord
1000
JFv
  0
XRECORD
  5
10000FFF
102
{ACAD_REACTORS
330
10000FFE
102
}
330
10000FFE
100
AcDbXrecord
1000
KF9s
  0
XRECORD
  5
10001000
102
{ACAD_REACTORS
330
10000FFE
102
}
330
10000FFE
100
AcDbXrecord
1000
KF/s
  0
XRECORD
  5
10001003
102
{ACAD_REACTORS
330
10001002
102
}
330
10001002
100
AcDbXrecord
1000
JFp
  0
XRECORD
  5
10001004
102
{ACAD_REACTORS
330
10001002
102
}
330
10001002
100
AcDbXrecord
1000
JFr
  0
XRECORD
  5
10001007
102
{ACAD_REACTORS
330
10001006
102
}
330
10001006
100
AcDbXrecord
1000
KF5s
  0
XRECORD
  5
10001008
102
{ACAD_REACTORS
330
10001006
102
}
330
10001006
100
AcDbXrecord
1000
KF7s
  0
XRECORD
  5
1000100B
102
{ACAD_REACTORS
330
1000100A
102
}
330
1000100A
100
AcDbXrecord
1000
JFl
  0
XRECORD
  5
1000100C
102
{ACAD_REACTORS
330
1000100A
102
}
330
1000100A
100
AcDbXrecord
1000
JFn
  0
XRECORD
  5
1000100F
102
{ACAD_REACTORS
330
1000100E
102
}
330
1000100E
100
AcDbXrecord
1000
KF1s
  0
XRECORD
  5
10001010
102
{ACAD_REACTORS
330
1000100E
102
}
330
1000100E
100
AcDbXrecord
1000
KF3s
  0
XRECORD
  5
10001013
102
{ACAD_REACTORS
330
10001012
102
}
330
10001012
100
AcDbXrecord
1000
JFh
  0
XRECORD
  5
10001014
102
{ACAD_REACTORS
330
10001012
102
}
330
10001012
100
AcDbXrecord
1000
JFj
  0
XRECORD
  5
10001017
102
{ACAD_REACTORS
330
10001016
102
}
330
10001016
100
AcDbXrecord
1000
KFxs
  0
XRECORD
  5
10001018
102
{ACAD_REACTORS
330
10001016
102
}
330
10001016
100
AcDbXrecord
1000
KFzs
  0
XRECORD
  5
1000101B
102
{ACAD_REACTORS
330
1000101A
102
}
330
1000101A
100
AcDbXrecord
1000
JFd
  0
XRECORD
  5
1000101C
102
{ACAD_REACTORS
330
1000101A
102
}
330
1000101A
100
AcDbXrecord
1000
JFf
  0
XRECORD
  5
1000101F
102
{ACAD_REACTORS
330
1000101E
102
}
330
1000101E
100
AcDbXrecord
1000
KFts
  0
XRECORD
  5
10001020
102
{ACAD_REACTORS
330
1000101E
102
}
330
1000101E
100
AcDbXrecord
1000
KFvs
  0
XRECORD
  5
10001023
102
{ACAD_REACTORS
330
10001022
102
}
330
10001022
100
AcDbXrecord
1000
JFZ
  0
XRECORD
  5
10001024
102
{ACAD_REACTORS
330
10001022
102
}
330
10001022
100
AcDbXrecord
1000
JFb
  0
XRECORD
  5
10001027
102
{ACAD_REACTORS
330
10001026
102
}
330
10001026
100
AcDbXrecord
1000
KFps
  0
XRECORD
  5
10001028
102
{ACAD_REACTORS
330
10001026
102
}
330
10001026
100
AcDbXrecord
1000
KFrs
  0
XRECORD
  5
1000102B
102
{ACAD_REACTORS
330
1000102A
102
}
330
1000102A
100
AcDbXrecord
1000
JFV
  0
XRECORD
  5
1000102C
102
{ACAD_REACTORS
330
1000102A
102
}
330
1000102A
100
AcDbXrecord
1000
JFX
  0
XRECORD
  5
1000102F
102
{ACAD_REACTORS
330
1000102E
102
}
330
1000102E
100
AcDbXrecord
1000
KFls
  0
XRECORD
  5
10001030
102
{ACAD_REACTORS
330
1000102E
102
}
330
1000102E
100
AcDbXrecord
1000
KFns
  0
XRECORD
  5
10001033
102
{ACAD_REACTORS
330
10001032
102
}
330
10001032
100
AcDbXrecord
1000
JFR
  0
XRECORD
  5
10001034
102
{ACAD_REACTORS
330
10001032
102
}
330
10001032
100
AcDbXrecord
1000
JFT
  0
XRECORD
  5
10001037
102
{ACAD_REACTORS
330
10001036
102
}
330
10001036
100
AcDbXrecord
1000
KFhs
  0
XRECORD
  5
10001038
102
{ACAD_REACTORS
330
10001036
102
}
330
10001036
100
AcDbXrecord
1000
KFjs
  0
XRECORD
  5
1000103B
102
{ACAD_REACTORS
330
1000103A
102
}
330
1000103A
100
AcDbXrecord
1000
JFN
  0
XRECORD
  5
1000103C
102
{ACAD_REACTORS
330
1000103A
102
}
330
1000103A
100
AcDbXrecord
1000
JFP
  0
XRECORD
  5
1000103F
102
{ACAD_REACTORS
330
1000103E
102
}
330
1000103E
100
AcDbXrecord
1000
KFds
  0
XRECORD
  5
10001040
102
{ACAD_REACTORS
330
1000103E
102
}
330
1000103E
100
AcDbXrecord
1000
KFfs
  0
XRECORD
  5
10001043
102
{ACAD_REACTORS
330
10001042
102
}
330
10001042
100
AcDbXrecord
1000
JFJ
  0
XRECORD
  5
10001044
102
{ACAD_REACTORS
330
10001042
102
}
330
10001042
100
AcDbXrecord
1000
JFL
  0
XRECORD
  5
10001047
102
{ACAD_REACTORS
330
10001046
102
}
330
10001046
100
AcDbXrecord
1000
KFZs
  0
XRECORD
  5
10001048
102
{ACAD_REACTORS
330
10001046
102
}
330
10001046
100
AcDbXrecord
1000
KFbs
  0
XRECORD
  5
1000104B
102
{ACAD_REACTORS
330
1000104A
102
}
330
1000104A
100
AcDbXrecord
1000
JFF
  0
XRECORD
  5
1000104C
102
{ACAD_REACTORS
330
1000104A
102
}
330
1000104A
100
AcDbXrecord
1000
JFH
  0
XRECORD
  5
1000104F
102
{ACAD_REACTORS
330
1000104E
102
}
330
1000104E
100
AcDbXrecord
1000
KFVs
  0
XRECORD
  5
10001050
102
{ACAD_REACTORS
330
1000104E
102
}
330
1000104E
100
AcDbXrecord
1000
KFXs
  0
XRECORD
  5
10001053
102
{ACAD_REACTORS
330
10001052
102
}
330
10001052
100
AcDbXrecord
1000
JFB
  0
XRECORD
  5
10001054
102
{ACAD_REACTORS
330
10001052
102
}
330
10001052
100
AcDbXrecord
1000
JFD
  0
XRECORD
  5
10001057
102
{ACAD_REACTORS
330
10001056
102
}
330
10001056
100
AcDbXrecord
1000
KFRs
  0
XRECORD
  5
10001058
102
{ACAD_REACTORS
330
10001056
102
}
330
10001056
100
AcDbXrecord
1000
KFTs
  0
XRECORD
  5
1000105B
102
{ACAD_REACTORS
330
1000105A
102
}
330
1000105A
100
AcDbXrecord
1000
KFNs
  0
XRECORD
  5
1000105C
102
{ACAD_REACTORS
330
1000105A
102
}
330
1000105A
100
AcDbXrecord
1000
KFPs
  0
XRECORD
  5
1000105F
102
{ACAD_REACTORS
330
1000105E
102
}
330
1000105E
100
AcDbXrecord
1000
KFJs
  0
XRECORD
  5
10001060
102
{ACAD_REACTORS
330
1000105E
102
}
330
1000105E
100
AcDbXrecord
1000
KFLs
  0
XRECORD
  5
10001063
102
{ACAD_REACTORS
330
10001062
102
}
330
10001062
100
AcDbXrecord
1000
KFFs
  0
XRECORD
  5
10001064
102
{ACAD_REACTORS
330
10001062
102
}
330
10001062
100
AcDbXrecord
1000
KFHs
  0
XRECORD
  5
10001067
102
{ACAD_REACTORS
330
10001066
102
}
330
10001066
100
AcDbXrecord
1000
KFBs
  0
XRECORD
  5
10001068
102
{ACAD_REACTORS
330
10001066
102
}
330
10001066
100
AcDbXrecord
1000
KFDs
  0
XRECORD
  5
1000106B
102
{ACAD_REACTORS
330
1000106A
102
}
330
1000106A
100
AcDbXrecord
1000
KF9r
  0
XRECORD
  5
1000106C
102
{ACAD_REACTORS
330
1000106A
102
}
330
1000106A
100
AcDbXrecord
1000
KF/r
  0
XRECORD
  5
1000106F
102
{ACAD_REACTORS
330
1000106E
102
}
330
1000106E
100
AcDbXrecord
1000
KF5r
  0
XRECORD
  5
10001070
102
{ACAD_REACTORS
330
1000106E
102
}
330
1000106E
100
AcDbXrecord
1000
KF7r
  0
XRECORD
  5
10001073
102
{ACAD_REACTORS
330
10001072
102
}
330
10001072
100
AcDbXrecord
1000
KF1r
  0
XRECORD
  5
10001074
102
{ACAD_REACTORS
330
10001072
102
}
330
10001072
100
AcDbXrecord
1000
KF3r
  0
XRECORD
  5
10001077
102
{ACAD_REACTORS
330
10001076
102
}
330
10001076
100
AcDbXrecord
1000
KFxr
  0
XRECORD
  5
10001078
102
{ACAD_REACTORS
330
10001076
102
}
330
10001076
100
AcDbXrecord
1000
KFzr
  0
XRECORD
  5
1000107B
102
{ACAD_REACTORS
330
1000107A
102
}
330
1000107A
100
AcDbXrecord
1000
KFtr
  0
XRECORD
  5
1000107C
102
{ACAD_REACTORS
330
1000107A
102
}
330
1000107A
100
AcDbXrecord
1000
KFvr
  0
XRECORD
  5
1000107F
102
{ACAD_REACTORS
330
1000107E
102
}
330
1000107E
100
AcDbXrecord
1000
KFpr
  0
XRECORD
  5
10001080
102
{ACAD_REACTORS
330
1000107E
102
}
330
1000107E
100
AcDbXrecord
1000
KFrr
  0
XRECORD
  5
10001083
102
{ACAD_REACTORS
330
10001082
102
}
330
10001082
100
AcDbXrecord
1000
KFlr
  0
XRECORD
  5
10001084
102
{ACAD_REACTORS
330
10001082
102
}
330
10001082
100
AcDbXrecord
1000
KFnr
  0
XRECORD
  5
10001087
102
{ACAD_REACTORS
330
10001086
102
}
330
10001086
100
AcDbXrecord
1000
KFhr
  0
XRECORD
  5
10001088
102
{ACAD_REACTORS
330
10001086
102
}
330
10001086
100
AcDbXrecord
1000
KFjr
  0
XRECORD
  5
1000108B
102
{ACAD_REACTORS
330
1000108A
102
}
330
1000108A
100
AcDbXrecord
1000
KFdr
  0
XRECORD
  5
1000108C
102
{ACAD_REACTORS
330
1000108A
102
}
330
1000108A
100
AcDbXrecord
1000
KFfr
  0
XRECORD
  5
1000108F
102
{ACAD_REACTORS
330
1000108E
102
}
330
1000108E
100
AcDbXrecord
1000
KFZr
  0
XRECORD
  5
10001090
102
{ACAD_REACTORS
330
1000108E
102
}
330
1000108E
100
AcDbXrecord
1000
KFbr
  0
XRECORD
  5
10001093
102
{ACAD_REACTORS
330
10001092
102
}
330
10001092
100
AcDbXrecord
1000
KFVr
  0
XRECORD
  5
10001094
102
{ACAD_REACTORS
330
10001092
102
}
330
10001092
100
AcDbXrecord
1000
KFXr
  0
XRECORD
  5
10001097
102
{ACAD_REACTORS
330
10001096
102
}
330
10001096
100
AcDbXrecord
1000
KFRr
  0
XRECORD
  5
10001098
102
{ACAD_REACTORS
330
10001096
102
}
330
10001096
100
AcDbXrecord
1000
KFTr
  0
XRECORD
  5
1000109B
102
{ACAD_REACTORS
330
1000109A
102
}
330
1000109A
100
AcDbXrecord
1000
KFNr
  0
XRECORD
  5
1000109C
102
{ACAD_REACTORS
330
1000109A
102
}
330
1000109A
100
AcDbXrecord
1000
KFPr
  0
XRECORD
  5
1000109F
102
{ACAD_REACTORS
330
1000109E
102
}
330
1000109E
100
AcDbXrecord
1000
KFJr
  0
XRECORD
  5
100010A0
102
{ACAD_REACTORS
330
1000109E
102
}
330
1000109E
100
AcDbXrecord
1000
KFLr
  0
XRECORD
  5
100010A3
102
{ACAD_REACTORS
330
100010A2
102
}
330
100010A2
100
AcDbXrecord
1000
KFFr
  0
XRECORD
  5
100010A4
102
{ACAD_REACTORS
330
100010A2
102
}
330
100010A2
100
AcDbXrecord
1000
KFHr
  0
XRECORD
  5
100010A7
102
{ACAD_REACTORS
330
100010A6
102
}
330
100010A6
100
AcDbXrecord
1000
KF9q
  0
XRECORD
  5
100010A8
102
{ACAD_REACTORS
330
100010A6
102
}
330
100010A6
100
AcDbXrecord
1000
KF/q
  0
XRECORD
  5
100010AB
102
{ACAD_REACTORS
330
100010AA
102
}
330
100010AA
100
AcDbXrecord
1000
KF5q
  0
XRECORD
  5
100010AC
102
{ACAD_REACTORS
330
100010AA
102
}
330
100010AA
100
AcDbXrecord
1000
KF7q
  0
XRECORD
  5
100010AF
102
{ACAD_REACTORS
330
100010AE
102
}
330
100010AE
100
AcDbXrecord
1000
KF1q
  0
XRECORD
  5
100010B0
102
{ACAD_REACTORS
330
100010AE
102
}
330
100010AE
100
AcDbXrecord
1000
KF3q
  0
XRECORD
  5
100010B3
102
{ACAD_REACTORS
330
100010B2
102
}
330
100010B2
100
AcDbXrecord
1000
KFxq
  0
XRECORD
  5
100010B4
102
{ACAD_REACTORS
330
100010B2
102
}
330
100010B2
100
AcDbXrecord
1000
KFzq
  0
XRECORD
  5
100010B7
102
{ACAD_REACTORS
330
100010B6
102
}
330
100010B6
100
AcDbXrecord
1000
KFtq
  0
XRECORD
  5
100010B8
102
{ACAD_REACTORS
330
100010B6
102
}
330
100010B6
100
AcDbXrecord
1000
KFvq
  0
XRECORD
  5
100010BB
102
{ACAD_REACTORS
330
100010BA
102
}
330
100010BA
100
AcDbXrecord
1000
KFpq
  0
XRECORD
  5
100010BC
102
{ACAD_REACTORS
330
100010BA
102
}
330
100010BA
100
AcDbXrecord
1000
KFrq
  0
XRECORD
  5
100010BF
102
{ACAD_REACTORS
330
100010BE
102
}
330
100010BE
100
AcDbXrecord
1000
KFlq
  0
XRECORD
  5
100010C0
102
{ACAD_REACTORS
330
100010BE
102
}
330
100010BE
100
AcDbXrecord
1000
KFnq
  0
XRECORD
  5
100010C3
102
{ACAD_REACTORS
330
100010C2
102
}
330
100010C2
100
AcDbXrecord
1000
KFdq
  0
XRECORD
  5
100010C4
102
{ACAD_REACTORS
330
100010C2
102
}
330
100010C2
100
AcDbXrecord
1000
KFfq
  0
XRECORD
  5
100010C7
102
{ACAD_REACTORS
330
100010C6
102
}
330
100010C6
100
AcDbXrecord
1000
KFZq
  0
XRECORD
  5
100010C8
102
{ACAD_REACTORS
330
100010C6
102
}
330
100010C6
100
AcDbXrecord
1000
KFbq
  0
XRECORD
  5
100010CB
102
{ACAD_REACTORS
330
100010CA
102
}
330
100010CA
100
AcDbXrecord
1000
KFVq
  0
XRECORD
  5
100010CC
102
{ACAD_REACTORS
330
100010CA
102
}
330
100010CA
100
AcDbXrecord
1000
KFXq
  0
XRECORD
  5
100010CF
102
{ACAD_REACTORS
330
100010CE
102
}
330
100010CE
100
AcDbXrecord
1000
KFRq
  0
XRECORD
  5
100010D0
102
{ACAD_REACTORS
330
100010CE
102
}
330
100010CE
100
AcDbXrecord
1000
KFTq
  0
XRECORD
  5
100010D3
102
{ACAD_REACTORS
330
100010D2
102
}
330
100010D2
100
AcDbXrecord
1000
KFNq
  0
XRECORD
  5
100010D4
102
{ACAD_REACTORS
330
100010D2
102
}
330
100010D2
100
AcDbXrecord
1000
KFPq
  0
XRECORD
  5
100010D7
102
{ACAD_REACTORS
330
100010D6
102
}
330
100010D6
100
AcDbXrecord
1000
KFhn
  0
XRECORD
  5
100010D8
102
{ACAD_REACTORS
330
100010D6
102
}
330
100010D6
100
AcDbXrecord
1000
KFjn
  0
XRECORD
  5
100010DB
102
{ACAD_REACTORS
330
100010DA
102
}
330
100010DA
100
AcDbXrecord
1000
KFZn
  0
XRECORD
  5
100010DC
102
{ACAD_REACTORS
330
100010DA
102
}
330
100010DA
100
AcDbXrecord
1000
KFbn
  0
XRECORD
  5
100010DF
102
{ACAD_REACTORS
330
100010DE
102
}
330
100010DE
100
AcDbXrecord
1000
KFVn
  0
XRECORD
  5
100010E0
102
{ACAD_REACTORS
330
100010DE
102
}
330
100010DE
100
AcDbXrecord
1000
KFXn
  0
XRECORD
  5
100010E3
102
{ACAD_REACTORS
330
100010E2
102
}
330
100010E2
100
AcDbXrecord
1000
KFRn
  0
XRECORD
  5
100010E4
102
{ACAD_REACTORS
330
100010E2
102
}
330
100010E2
100
AcDbXrecord
1000
KFTn
  0
XRECORD
  5
100010E7
102
{ACAD_REACTORS
330
100010E6
102
}
330
100010E6
100
AcDbXrecord
1000
KFNn
  0
XRECORD
  5
100010E8
102
{ACAD_REACTORS
330
100010E6
102
}
330
100010E6
100
AcDbXrecord
1000
KFPn
  0
XRECORD
  5
100010EB
102
{ACAD_REACTORS
330
100010EA
102
}
330
100010EA
100
AcDbXrecord
1000
KFJn
  0
XRECORD
  5
100010EC
102
{ACAD_REACTORS
330
100010EA
102
}
330
100010EA
100
AcDbXrecord
1000
KFLn
  0
XRECORD
  5
100010EF
102
{ACAD_REACTORS
330
100010EE
102
}
330
100010EE
100
AcDbXrecord
1000
KFFn
  0
XRECORD
  5
100010F0
102
{ACAD_REACTORS
330
100010EE
102
}
330
100010EE
100
AcDbXrecord
1000
KFHn
  0
XRECORD
  5
100010F3
102
{ACAD_REACTORS
330
100010F2
102
}
330
100010F2
100
AcDbXrecord
1000
KFBn
  0
XRECORD
  5
100010F4
102
{ACAD_REACTORS
330
100010F2
102
}
330
100010F2
100
AcDbXrecord
1000
KFDn
  0
XRECORD
  5
100010F7
102
{ACAD_REACTORS
330
100010F6
102
}
330
100010F6
100
AcDbXrecord
1000
KF5m
  0
XRECORD
  5
100010F8
102
{ACAD_REACTORS
330
100010F6
102
}
330
100010F6
100
AcDbXrecord
1000
KF7m
  0
XRECORD
  5
100010FB
102
{ACAD_REACTORS
330
100010FA
102
}
330
100010FA
100
AcDbXrecord
1000
KF1m
  0
XRECORD
  5
100010FC
102
{ACAD_REACTORS
330
100010FA
102
}
330
100010FA
100
AcDbXrecord
1000
KF3m
  0
XRECORD
  5
100010FF
102
{ACAD_REACTORS
330
100010FE
102
}
330
100010FE
100
AcDbXrecord
1000
KFxm
  0
XRECORD
  5
10001100
102
{ACAD_REACTORS
330
100010FE
102
}
330
100010FE
100
AcDbXrecord
1000
KFzm
  0
XRECORD
  5
10001103
102
{ACAD_REACTORS
330
10001102
102
}
330
10001102
100
AcDbXrecord
1000
KFtm
  0
XRECORD
  5
10001104
102
{ACAD_REACTORS
330
10001102
102
}
330
10001102
100
AcDbXrecord
1000
KFvm
  0
XRECORD
  5
10001107
102
{ACAD_REACTORS
330
10001106
102
}
330
10001106
100
AcDbXrecord
1000
KFpm
  0
XRECORD
  5
10001108
102
{ACAD_REACTORS
330
10001106
102
}
330
10001106
100
AcDbXrecord
1000
KFrm
  0
XRECORD
  5
1000110B
102
{ACAD_REACTORS
330
1000110A
102
}
330
1000110A
100
AcDbXrecord
1000
KFlm
  0
XRECORD
  5
1000110C
102
{ACAD_REACTORS
330
1000110A
102
}
330
1000110A
100
AcDbXrecord
1000
KFnm
  0
XRECORD
  5
1000110F
102
{ACAD_REACTORS
330
1000110E
102
}
330
1000110E
100
AcDbXrecord
1000
KFhm
  0
XRECORD
  5
10001110
102
{ACAD_REACTORS
330
1000110E
102
}
330
1000110E
100
AcDbXrecord
1000
KFjm
  0
XRECORD
  5
10001113
102
{ACAD_REACTORS
330
10001112
102
}
330
10001112
100
AcDbXrecord
1000
KFZm
  0
XRECORD
  5
10001114
102
{ACAD_REACTORS
330
10001112
102
}
330
10001112
100
AcDbXrecord
1000
KFbm
  0
XRECORD
  5
10001117
102
{ACAD_REACTORS
330
10001116
102
}
330
10001116
100
AcDbXrecord
1000
KFVm
  0
XRECORD
  5
10001118
102
{ACAD_REACTORS
330
10001116
102
}
330
10001116
100
AcDbXrecord
1000
KFXm
  0
XRECORD
  5
1000111B
102
{ACAD_REACTORS
330
1000111A
102
}
330
1000111A
100
AcDbXrecord
1000
KFpl
  0
XRECORD
  5
1000111C
102
{ACAD_REACTORS
330
1000111A
102
}
330
1000111A
100
AcDbXrecord
1000
KFrl
  0
XRECORD
  5
1000111F
102
{ACAD_REACTORS
330
1000111E
102
}
330
1000111E
100
AcDbXrecord
1000
KFll
  0
XRECORD
  5
10001120
102
{ACAD_REACTORS
330
1000111E
102
}
330
1000111E
100
AcDbXrecord
1000
KFnl
  0
XRECORD
  5
10001123
102
{ACAD_REACTORS
330
10001122
102
}
330
10001122
100
AcDbXrecord
1000
KFhl
  0
XRECORD
  5
10001124
102
{ACAD_REACTORS
330
10001122
102
}
330
10001122
100
AcDbXrecord
1000
KFjl
  0
XRECORD
  5
10001127
102
{ACAD_REACTORS
330
10001126
102
}
330
10001126
100
AcDbXrecord
1000
KFdl
  0
XRECORD
  5
10001128
102
{ACAD_REACTORS
330
10001126
102
}
330
10001126
100
AcDbXrecord
1000
KFfl
  0
XRECORD
  5
1000112B
102
{ACAD_REACTORS
330
1000112A
102
}
330
1000112A
100
AcDbXrecord
1000
KFVl
  0
XRECORD
  5
1000112C
102
{ACAD_REACTORS
330
1000112A
102
}
330
1000112A
100
AcDbXrecord
1000
KFXl
  0
XRECORD
  5
1000112F
102
{ACAD_REACTORS
330
1000112E
102
}
330
1000112E
100
AcDbXrecord
1000
KFZl
  0
XRECORD
  5
10001130
102
{ACAD_REACTORS
330
1000112E
102
}
330
1000112E
100
AcDbXrecord
1000
KFbl
  0
XRECORD
  5
10001133
102
{ACAD_REACTORS
330
10001132
102
}
330
10001132
100
AcDbXrecord
1000
KFtl
  0
XRECORD
  5
10001134
102
{ACAD_REACTORS
330
10001132
102
}
330
10001132
100
AcDbXrecord
1000
KFvl
  0
XRECORD
  5
10001137
102
{ACAD_REACTORS
330
10001136
102
}
330
10001136
100
AcDbXrecord
1000
KFxl
  0
XRECORD
  5
10001138
102
{ACAD_REACTORS
330
10001136
102
}
330
10001136
100
AcDbXrecord
1000
KFzl
  0
XRECORD
  5
1000113B
102
{ACAD_REACTORS
330
1000113A
102
}
330
1000113A
100
AcDbXrecord
1000
KF1l
  0
XRECORD
  5
1000113C
102
{ACAD_REACTORS
330
1000113A
102
}
330
1000113A
100
AcDbXrecord
1000
KF3l
  0
XRECORD
  5
1000113F
102
{ACAD_REACTORS
330
1000113E
102
}
330
1000113E
100
AcDbXrecord
1000
KF5l
  0
XRECORD
  5
10001140
102
{ACAD_REACTORS
330
1000113E
102
}
330
1000113E
100
AcDbXrecord
1000
KF7l
  0
XRECORD
  5
10001143
102
{ACAD_REACTORS
330
10001142
102
}
330
10001142
100
AcDbXrecord
1000
KF9l
  0
XRECORD
  5
10001144
102
{ACAD_REACTORS
330
10001142
102
}
330
10001142
100
AcDbXrecord
1000
KF/l
  0
XRECORD
  5
10001147
102
{ACAD_REACTORS
330
10001146
102
}
330
10001146
100
AcDbXrecord
1000
KFBm
  0
XRECORD
  5
10001148
102
{ACAD_REACTORS
330
10001146
102
}
330
10001146
100
AcDbXrecord
1000
KFDm
  0
XRECORD
  5
1000114B
102
{ACAD_REACTORS
330
1000114A
102
}
330
1000114A
100
AcDbXrecord
1000
KFFm
  0
XRECORD
  5
1000114C
102
{ACAD_REACTORS
330
1000114A
102
}
330
1000114A
100
AcDbXrecord
1000
KFHm
  0
XRECORD
  5
1000114F
102
{ACAD_REACTORS
330
1000114E
102
}
330
1000114E
100
AcDbXrecord
1000
KFJm
  0
XRECORD
  5
10001150
102
{ACAD_REACTORS
330
1000114E
102
}
330
1000114E
100
AcDbXrecord
1000
KFLm
  0
XRECORD
  5
10001153
102
{ACAD_REACTORS
330
10001152
102
}
330
10001152
100
AcDbXrecord
1000
KFNm
  0
XRECORD
  5
10001154
102
{ACAD_REACTORS
330
10001152
102
}
330
10001152
100
AcDbXrecord
1000
KFPm
  0
XRECORD
  5
10001157
102
{ACAD_REACTORS
330
10001156
102
}
330
10001156
100
AcDbXrecord
1000
KFRm
  0
XRECORD
  5
10001158
102
{ACAD_REACTORS
330
10001156
102
}
330
10001156
100
AcDbXrecord
1000
KFTm
  0
XRECORD
  5
1000115B
102
{ACAD_REACTORS
330
1000115A
102
}
330
1000115A
100
AcDbXrecord
1000
KFln
  0
XRECORD
  5
1000115C
102
{ACAD_REACTORS
330
1000115A
102
}
330
1000115A
100
AcDbXrecord
1000
KFnn
  0
XRECORD
  5
1000115F
102
{ACAD_REACTORS
330
1000115E
102
}
330
1000115E
100
AcDbXrecord
1000
KFpn
  0
XRECORD
  5
10001160
102
{ACAD_REACTORS
330
1000115E
102
}
330
1000115E
100
AcDbXrecord
1000
KFrn
  0
XRECORD
  5
10001163
102
{ACAD_REACTORS
330
10001162
102
}
330
10001162
100
AcDbXrecord
1000
KFtn
  0
XRECORD
  5
10001164
102
{ACAD_REACTORS
330
10001162
102
}
330
10001162
100
AcDbXrecord
1000
KFvn
  0
XRECORD
  5
10001167
102
{ACAD_REACTORS
330
10001166
102
}
330
10001166
100
AcDbXrecord
1000
KFxn
  0
XRECORD
  5
10001168
102
{ACAD_REACTORS
330
10001166
102
}
330
10001166
100
AcDbXrecord
1000
KFzn
  0
XRECORD
  5
1000116B
102
{ACAD_REACTORS
330
1000116A
102
}
330
1000116A
100
AcDbXrecord
1000
KF1n
  0
XRECORD
  5
1000116C
102
{ACAD_REACTORS
330
1000116A
102
}
330
1000116A
100
AcDbXrecord
1000
KF3n
  0
XRECORD
  5
1000116F
102
{ACAD_REACTORS
330
1000116E
102
}
330
1000116E
100
AcDbXrecord
1000
KF5n
  0
XRECORD
  5
10001170
102
{ACAD_REACTORS
330
1000116E
102
}
330
1000116E
100
AcDbXrecord
1000
KF7n
  0
XRECORD
  5
10001173
102
{ACAD_REACTORS
330
10001172
102
}
330
10001172
100
AcDbXrecord
1000
KF9n
  0
XRECORD
  5
10001174
102
{ACAD_REACTORS
330
10001172
102
}
330
10001172
100
AcDbXrecord
1000
KF/n
  0
XRECORD
  5
10001177
102
{ACAD_REACTORS
330
10001176
102
}
330
10001176
100
AcDbXrecord
1000
KFBo
  0
XRECORD
  5
10001178
102
{ACAD_REACTORS
330
10001176
102
}
330
10001176
100
AcDbXrecord
1000
KFDo
  0
XRECORD
  5
1000117B
102
{ACAD_REACTORS
330
1000117A
102
}
330
1000117A
100
AcDbXrecord
1000
KFFo
  0
XRECORD
  5
1000117C
102
{ACAD_REACTORS
330
1000117A
102
}
330
1000117A
100
AcDbXrecord
1000
KFHo
  0
XRECORD
  5
1000117F
102
{ACAD_REACTORS
330
1000117E
102
}
330
1000117E
100
AcDbXrecord
1000
KFJo
  0
XRECORD
  5
10001180
102
{ACAD_REACTORS
330
1000117E
102
}
330
1000117E
100
AcDbXrecord
1000
KFLo
  0
XRECORD
  5
10001183
102
{ACAD_REACTORS
330
10001182
102
}
330
10001182
100
AcDbXrecord
1000
KFNo
  0
XRECORD
  5
10001184
102
{ACAD_REACTORS
330
10001182
102
}
330
10001182
100
AcDbXrecord
1000
KFPo
  0
XRECORD
  5
10001187
102
{ACAD_REACTORS
330
10001186
102
}
330
10001186
100
AcDbXrecord
1000
KFRo
  0
XRECORD
  5
10001188
102
{ACAD_REACTORS
330
10001186
102
}
330
10001186
100
AcDbXrecord
1000
KFTo
  0
XRECORD
  5
1000118B
102
{ACAD_REACTORS
330
1000118A
102
}
330
1000118A
100
AcDbXrecord
1000
KFVo
  0
XRECORD
  5
1000118C
102
{ACAD_REACTORS
330
1000118A
102
}
330
1000118A
100
AcDbXrecord
1000
KFXo
  0
XRECORD
  5
1000118F
102
{ACAD_REACTORS
330
1000118E
102
}
330
1000118E
100
AcDbXrecord
1000
KFZo
  0
XRECORD
  5
10001190
102
{ACAD_REACTORS
330
1000118E
102
}
330
1000118E
100
AcDbXrecord
1000
KFbo
  0
XRECORD
  5
10001193
102
{ACAD_REACTORS
330
10001192
102
}
330
10001192
100
AcDbXrecord
1000
KFdo
  0
XRECORD
  5
10001194
102
{ACAD_REACTORS
330
10001192
102
}
330
10001192
100
AcDbXrecord
1000
KFfo
  0
XRECORD
  5
10001197
102
{ACAD_REACTORS
330
10001196
102
}
330
10001196
100
AcDbXrecord
1000
KFho
  0
XRECORD
  5
10001198
102
{ACAD_REACTORS
330
10001196
102
}
330
10001196
100
AcDbXrecord
1000
KFjo
  0
XRECORD
  5
1000119B
102
{ACAD_REACTORS
330
1000119A
102
}
330
1000119A
100
AcDbXrecord
1000
KFlo
  0
XRECORD
  5
1000119C
102
{ACAD_REACTORS
330
1000119A
102
}
330
1000119A
100
AcDbXrecord
1000
KFno
  0
XRECORD
  5
1000119F
102
{ACAD_REACTORS
330
1000119E
102
}
330
1000119E
100
AcDbXrecord
1000
KFpo
  0
XRECORD
  5
100011A0
102
{ACAD_REACTORS
330
1000119E
102
}
330
1000119E
100
AcDbXrecord
1000
KFro
  0
XRECORD
  5
100011A3
102
{ACAD_REACTORS
330
100011A2
102
}
330
100011A2
100
AcDbXrecord
1000
KFto
  0
XRECORD
  5
100011A4
102
{ACAD_REACTORS
330
100011A2
102
}
330
100011A2
100
AcDbXrecord
1000
KFvo
  0
XRECORD
  5
100011A7
102
{ACAD_REACTORS
330
100011A6
102
}
330
100011A6
100
AcDbXrecord
1000
LFpFB
  0
XRECORD
  5
100011A8
102
{ACAD_REACTORS
330
100011A6
102
}
330
100011A6
100
AcDbXrecord
1000
LFzFB
  0
XRECORD
  5
100011AB
102
{ACAD_REACTORS
330
100011AA
102
}
330
100011AA
100
AcDbXrecord
1000
KFxo
  0
XRECORD
  5
100011AC
102
{ACAD_REACTORS
330
100011AA
102
}
330
100011AA
100
AcDbXrecord
1000
KFzo
  0
XRECORD
  5
100011AF
102
{ACAD_REACTORS
330
100011AE
102
}
330
100011AE
100
AcDbXrecord
1000
KF1o
  0
XRECORD
  5
100011B0
102
{ACAD_REACTORS
330
100011AE
102
}
330
100011AE
100
AcDbXrecord
1000
KF3o
  0
XRECORD
  5
100011B3
102
{ACAD_REACTORS
330
100011B2
102
}
330
100011B2
100
AcDbXrecord
1000
KF5o
  0
XRECORD
  5
100011B4
102
{ACAD_REACTORS
330
100011B2
102
}
330
100011B2
100
AcDbXrecord
1000
KF7o
  0
XRECORD
  5
100011B7
102
{ACAD_REACTORS
330
100011B6
102
}
330
100011B6
100
AcDbXrecord
1000
KF9o
  0
XRECORD
  5
100011B8
102
{ACAD_REACTORS
330
100011B6
102
}
330
100011B6
100
AcDbXrecord
1000
KF/o
  0
XRECORD
  5
100011BB
102
{ACAD_REACTORS
330
100011BA
102
}
330
100011BA
100
AcDbXrecord
1000
KFBp
  0
XRECORD
  5
100011BC
102
{ACAD_REACTORS
330
100011BA
102
}
330
100011BA
100
AcDbXrecord
1000
KFDp
  0
XRECORD
  5
100011BF
102
{ACAD_REACTORS
330
100011BE
102
}
330
100011BE
100
AcDbXrecord
1000
KFFp
  0
XRECORD
  5
100011C0
102
{ACAD_REACTORS
330
100011BE
102
}
330
100011BE
100
AcDbXrecord
1000
KFHp
  0
XRECORD
  5
100011C3
102
{ACAD_REACTORS
330
100011C2
102
}
330
100011C2
100
AcDbXrecord
1000
KFJp
  0
XRECORD
  5
100011C4
102
{ACAD_REACTORS
330
100011C2
102
}
330
100011C2
100
AcDbXrecord
1000
KFLp
  0
XRECORD
  5
100011C7
102
{ACAD_REACTORS
330
100011C6
102
}
330
100011C6
100
AcDbXrecord
1000
KFNp
  0
XRECORD
  5
100011C8
102
{ACAD_REACTORS
330
100011C6
102
}
330
100011C6
100
AcDbXrecord
1000
KFPp
  0
XRECORD
  5
100011CB
102
{ACAD_REACTORS
330
100011CA
102
}
330
100011CA
100
AcDbXrecord
1000
LFhGB
  0
XRECORD
  5
100011CC
102
{ACAD_REACTORS
330
100011CA
102
}
330
100011CA
100
AcDbXrecord
1000
LFnGB
  0
XRECORD
  5
100011CF
102
{ACAD_REACTORS
330
100011CE
102
}
330
100011CE
100
AcDbXrecord
1000
KFRp
  0
XRECORD
  5
100011D0
102
{ACAD_REACTORS
330
100011CE
102
}
330
100011CE
100
AcDbXrecord
1000
KFTp
  0
XRECORD
  5
100011D3
102
{ACAD_REACTORS
330
100011D2
102
}
330
100011D2
100
AcDbXrecord
1000
KFVp
  0
XRECORD
  5
100011D4
102
{ACAD_REACTORS
330
100011D2
102
}
330
100011D2
100
AcDbXrecord
1000
KFXp
  0
XRECORD
  5
100011D7
102
{ACAD_REACTORS
330
100011D6
102
}
330
100011D6
100
AcDbXrecord
1000
KFZp
  0
XRECORD
  5
100011D8
102
{ACAD_REACTORS
330
100011D6
102
}
330
100011D6
100
AcDbXrecord
1000
KFbp
  0
XRECORD
  5
100011DB
102
{ACAD_REACTORS
330
100011DA
102
}
330
100011DA
100
AcDbXrecord
1000
KFdp
  0
XRECORD
  5
100011DC
102
{ACAD_REACTORS
330
100011DA
102
}
330
100011DA
100
AcDbXrecord
1000
KFfp
  0
XRECORD
  5
100011DF
102
{ACAD_REACTORS
330
100011DE
102
}
330
100011DE
100
AcDbXrecord
1000
KFhp
  0
XRECORD
  5
100011E0
102
{ACAD_REACTORS
330
100011DE
102
}
330
100011DE
100
AcDbXrecord
1000
KFjp
  0
XRECORD
  5
100011E3
102
{ACAD_REACTORS
330
100011E2
102
}
330
100011E2
100
AcDbXrecord
1000
KFlp
  0
XRECORD
  5
100011E4
102
{ACAD_REACTORS
330
100011E2
102
}
330
100011E2
100
AcDbXrecord
1000
KFnp
  0
XRECORD
  5
100011E7
102
{ACAD_REACTORS
330
100011E6
102
}
330
100011E6
100
AcDbXrecord
1000
KFpp
  0
XRECORD
  5
100011E8
102
{ACAD_REACTORS
330
100011E6
102
}
330
100011E6
100
AcDbXrecord
1000
KFrp
  0
XRECORD
  5
100011EB
102
{ACAD_REACTORS
330
100011EA
102
}
330
100011EA
100
AcDbXrecord
1000
KFtp
  0
XRECORD
  5
100011EC
102
{ACAD_REACTORS
330
100011EA
102
}
330
100011EA
100
AcDbXrecord
1000
KFvp
  0
XRECORD
  5
100011EF
102
{ACAD_REACTORS
330
100011EE
102
}
330
100011EE
100
AcDbXrecord
1000
LFZHB
  0
XRECORD
  5
100011F0
102
{ACAD_REACTORS
330
100011EE
102
}
330
100011EE
100
AcDbXrecord
1000
LFbHB
  0
XRECORD
  5
100011F3
102
{ACAD_REACTORS
330
100011F2
102
}
330
100011F2
100
AcDbXrecord
1000
KFxp
  0
XRECORD
  5
100011F4
102
{ACAD_REACTORS
330
100011F2
102
}
330
100011F2
100
AcDbXrecord
1000
KFzp
  0
XRECORD
  5
100011F7
102
{ACAD_REACTORS
330
100011F6
102
}
330
100011F6
100
AcDbXrecord
1000
KF1p
  0
XRECORD
  5
100011F8
102
{ACAD_REACTORS
330
100011F6
102
}
330
100011F6
100
AcDbXrecord
1000
KF3p
  0
XRECORD
  5
100011FB
102
{ACAD_REACTORS
330
100011FA
102
}
330
100011FA
100
AcDbXrecord
1000
KF5p
  0
XRECORD
  5
100011FC
102
{ACAD_REACTORS
330
100011FA
102
}
330
100011FA
100
AcDbXrecord
1000
KF7p
  0
XRECORD
  5
100011FF
102
{ACAD_REACTORS
330
100011FE
102
}
330
100011FE
100
AcDbXrecord
1000
KF9p
  0
XRECORD
  5
10001200
102
{ACAD_REACTORS
330
100011FE
102
}
330
100011FE
100
AcDbXrecord
1000
KF/p
  0
XRECORD
  5
10001203
102
{ACAD_REACTORS
330
10001202
102
}
330
10001202
100
AcDbXrecord
1000
KFFq
  0
XRECORD
  5
10001204
102
{ACAD_REACTORS
330
10001202
102
}
330
10001202
100
AcDbXrecord
1000
KFHq
  0
XRECORD
  5
10001207
102
{ACAD_REACTORS
330
10001206
102
}
330
10001206
100
AcDbXrecord
1000
KFJq
  0
XRECORD
  5
10001208
102
{ACAD_REACTORS
330
10001206
102
}
330
10001206
100
AcDbXrecord
1000
KFLq
  0
XRECORD
  5
1000120B
102
{ACAD_REACTORS
330
1000120A
102
}
330
1000120A
100
AcDbXrecord
1000
KFp5
  0
XRECORD
  5
1000120C
102
{ACAD_REACTORS
330
1000120A
102
}
330
1000120A
100
AcDbXrecord
1000
KFr5
  0
XRECORD
  5
1000120F
102
{ACAD_REACTORS
330
1000120E
102
}
330
1000120E
100
AcDbXrecord
1000
KFt5
  0
XRECORD
  5
10001210
102
{ACAD_REACTORS
330
1000120E
102
}
330
1000120E
100
AcDbXrecord
1000
KFv5
  0
XRECORD
  5
10001213
102
{ACAD_REACTORS
330
10001212
102
}
330
10001212
100
AcDbXrecord
1000
KFx5
  0
XRECORD
  5
10001214
102
{ACAD_REACTORS
330
10001212
102
}
330
10001212
100
AcDbXrecord
1000
KFz5
  0
XRECORD
  5
10001217
102
{ACAD_REACTORS
330
10001216
102
}
330
10001216
100
AcDbXrecord
1000
KF15
  0
XRECORD
  5
10001218
102
{ACAD_REACTORS
330
10001216
102
}
330
10001216
100
AcDbXrecord
1000
KF35
  0
XRECORD
  5
1000121B
102
{ACAD_REACTORS
330
1000121A
102
}
330
1000121A
100
AcDbXrecord
1000
KF55
  0
XRECORD
  5
1000121C
102
{ACAD_REACTORS
330
1000121A
102
}
330
1000121A
100
AcDbXrecord
1000
KF75
  0
XRECORD
  5
1000121F
102
{ACAD_REACTORS
330
1000121E
102
}
330
1000121E
100
AcDbXrecord
1000
KF95
  0
XRECORD
  5
10001220
102
{ACAD_REACTORS
330
1000121E
102
}
330
1000121E
100
AcDbXrecord
1000
KF/5
  0
XRECORD
  5
10001223
102
{ACAD_REACTORS
330
10001222
102
}
330
10001222
100
AcDbXrecord
1000
KFB6
  0
XRECORD
  5
10001224
102
{ACAD_REACTORS
330
10001222
102
}
330
10001222
100
AcDbXrecord
1000
KFD6
  0
XRECORD
  5
10001227
102
{ACAD_REACTORS
330
10001226
102
}
330
10001226
100
AcDbXrecord
1000
KFF6
  0
XRECORD
  5
10001228
102
{ACAD_REACTORS
330
10001226
102
}
330
10001226
100
AcDbXrecord
1000
KFH6
  0
XRECORD
  5
1000122B
102
{ACAD_REACTORS
330
1000122A
102
}
330
1000122A
100
AcDbXrecord
1000
KFJ6
  0
XRECORD
  5
1000122C
102
{ACAD_REACTORS
330
1000122A
102
}
330
1000122A
100
AcDbXrecord
1000
KFL6
  0
XRECORD
  5
1000122F
102
{ACAD_REACTORS
330
1000122E
102
}
330
1000122E
100
AcDbXrecord
1000
KFN6
  0
XRECORD
  5
10001230
102
{ACAD_REACTORS
330
1000122E
102
}
330
1000122E
100
AcDbXrecord
1000
KFP6
  0
XRECORD
  5
10001233
102
{ACAD_REACTORS
330
10001232
102
}
330
10001232
100
AcDbXrecord
1000
KFR6
  0
XRECORD
  5
10001234
102
{ACAD_REACTORS
330
10001232
102
}
330
10001232
100
AcDbXrecord
1000
KFT6
  0
MATERIAL
  5
45
102
{ACAD_REACTORS
330
43
102
}
102
{ACAD_XDICTIONARY
360
1000126A
102
}
330
43
100
AcDbMaterial
  1
BYBLOCK
  0
MATERIAL
  5
44
102
{ACAD_REACTORS
330
43
102
}
102
{ACAD_XDICTIONARY
360
10001268
102
}
330
43
100
AcDbMaterial
  1
BYLAYER
  0
MATERIAL
  5
46
102
{ACAD_REACTORS
330
43
102
}
102
{ACAD_XDICTIONARY
360
1000126C
102
}
330
43
100
AcDbMaterial
  1
GLOBAL
  0
ACAD_PROXY_OBJECT
  5
5C
102
{ACAD_REACTORS
330
5B
102
}
330
5B
100
AcDbProxyObject
 90
      499
 91
      505
 93
      610
310
40901902A4063FBFFFFFE0000000000000020400000000000020404214DD185B99185C990000000000000104090141901A00000000000004100000000000000041025764000000000000039000
340
14
340
0
340
11
340
0
 94
        0
1001
ACAD_MLEADERVER
1070
     2
  0
MLINESTYLE
  5
18
102
{ACAD_REACTORS
330
17
102
}
330
17
100
AcDbMlineStyle
  2
Standard
 70
     0
  3

 62
   256
 51
90.0
 52
90.0
 71
     2
 49
0.5
 62
   256
  6
BYLAYER
 49
-0.5
 62
   256
  6
BYLAYER
  0
ACAD_PROXY_OBJECT
  5
10000023
102
{ACAD_REACTORS
330
47
102
}
330
47
100
AcDbProxyObject
 90
      499
 91
      503
 93
      121
310
9053130303A310000000000001650100
  0
ACAD_PROXY_OBJECT
  5
1000001D
102
{ACAD_REACTORS
330
47
102
}
330
47
100
AcDbProxyObject
 90
      499
 91
      503
 93
      113
310
90431303A310000000000000910100
  0
ACAD_PROXY_OBJECT
  5
1000001E
102
{ACAD_REACTORS
330
47
102
}
330
47
100
AcDbProxyObject
 90
      499
 91
      503
 93
      113
310
90431323A310000000000000A10100
  0
ACAD_PROXY_OBJECT
  5
1000001F
102
{ACAD_REACTORS
330
47
102
}
330
47
100
AcDbProxyObject
 90
      499
 91
      503
 93
      113
310
90431363A310000000000000C10100
  0
ACAD_PROXY_OBJECT
  5
10000006
102
{ACAD_REACTORS
330
47
102
}
330
47
100
AcDbProxyObject
 90
      499
 91
      503
 93
       41
310
903313A31500
  0
ACAD_PROXY_OBJECT
  5
1000000D
102
{ACAD_REACTORS
330
47
102
}
330
47
100
AcDbProxyObject
 90
      499
 91
      503
 93
      113
310
904313A31304000000000000244000
  0
ACAD_PROXY_OBJECT
  5
10000016
102
{ACAD_REACTORS
330
47
102
}
330
47
100
AcDbProxyObject
 90
      499
 91
      503
 93
      121
310
905313A3130304000000000000594000
  0
ACAD_PROXY_OBJECT
  5
1000000E
102
{ACAD_REACTORS
330
47
102
}
330
47
100
AcDbProxyObject
 90
      499
 91
      503
 93
      113
310
904313A31324000000000000284000
  0
ACAD_PROXY_OBJECT
  5
1000000F
102
{ACAD_REACTORS
330
47
102
}
330
47
100
AcDbProxyObject
 90
      499
 91
      503
 93
      113
310
904313A31364000000000000304000
  0
ACAD_PROXY_OBJECT
  5
10000007
102
{ACAD_REACTORS
330
47
102
}
330
47
100
AcDbProxyObject
 90
      499
 91
      503
 93
      105
310
903313A324000000000000004000
  0
ACAD_PROXY_OBJECT
  5
10000010
102
{ACAD_REACTORS
330
47
102
}
330
47
100
AcDbProxyObject
 90
      499
 91
      503
 93
      113
310
904313A32304000000000000344000
  0
ACAD_PROXY_OBJECT
  5
10000011
102
{ACAD_REACTORS
330
47
102
}
330
47
100
AcDbProxyObject
 90
      499
 91
      503
 93
      113
310
904313A32354000000000000394000
  0
ACAD_PROXY_OBJECT
  5
10000008
102
{ACAD_REACTORS
330
47
102
}
330
47
100
AcDbProxyObject
 90
      499
 91
      503
 93
      105
310
903313A334000000000000084000
  0
ACAD_PROXY_OBJECT
  5
10000012
102
{ACAD_REACTORS
330
47
102
}
330
47
100
AcDbProxyObject
 90
      499
 91
      503
 93
      113
310
904313A33324000000000000404000
  0
ACAD_PROXY_OBJECT
  5
10000009
102
{ACAD_REACTORS
330
47
102
}
330
47
100
AcDbProxyObject
 90
      499
 91
      503
 93
      105
310
903313A344000000000000104000
  0
ACAD_PROXY_OBJECT
  5
10000013
102
{ACAD_REACTORS
330
47
102
}
330
47
100
AcDbProxyObject
 90
      499
 91
      503
 93
      113
310
904313A34304000000000000444000
  0
ACAD_PROXY_OBJECT
  5
1000000A
102
{ACAD_REACTORS
330
47
102
}
330
47
100
AcDbProxyObject
 90
      499
 91
      503
 93
      105
310
903313A354000000000000144000
  0
ACAD_PROXY_OBJECT
  5
10000014
102
{ACAD_REACTORS
330
47
102
}
330
47
100
AcDbProxyObject
 90
      499
 91
      503
 93
      113
310
904313A35304000000000000494000
  0
ACAD_PROXY_OBJECT
  5
1000000B
102
{ACAD_REACTORS
330
47
102
}
330
47
100
AcDbProxyObject
 90
      499
 91
      503
 93
      105
310
903313A364000000000000184000
  0
ACAD_PROXY_OBJECT
  5
1000000C
102
{ACAD_REACTORS
330
47
102
}
330
47
100
AcDbProxyObject
 90
      499
 91
      503
 93
      105
310
903313A384000000000000204000
  0
ACAD_PROXY_OBJECT
  5
10000015
102
{ACAD_REACTORS
330
47
102
}
330
47
100
AcDbProxyObject
 90
      499
 91
      503
 93
      113
310
904313A38304000000000000544000
  0
ACAD_PROXY_OBJECT
  5
10000020
102
{ACAD_REACTORS
330
47
102
}
330
47
100
AcDbProxyObject
 90
      499
 91
      503
 93
      113
310
90432303A310000000000000D10100
  0
ACAD_PROXY_OBJECT
  5
10000017
102
{ACAD_REACTORS
330
47
102
}
330
47
100
AcDbProxyObject
 90
      499
 91
      503
 93
      105
310
903323A310000000000000010100
  0
ACAD_PROXY_OBJECT
  5
10000021
102
{ACAD_REACTORS
330
47
102
}
330
47
100
AcDbProxyObject
 90
      499
 91
      503
 93
      113
310
90433323A310000000000001010100
  0
ACAD_PROXY_OBJECT
  5
10000018
102
{ACAD_REACTORS
330
47
102
}
330
47
100
AcDbProxyObject
 90
      499
 91
      503
 93
      105
310
903333A310000000000000210100
  0
ACAD_PROXY_OBJECT
  5
10000019
102
{ACAD_REACTORS
330
47
102
}
330
47
100
AcDbProxyObject
 90
      499
 91
      503
 93
      105
310
903343A310000000000000410100
  0
ACAD_PROXY_OBJECT
  5
10000022
102
{ACAD_REACTORS
330
47
102
}
330
47
100
AcDbProxyObject
 90
      499
 91
      503
 93
      113
310
90435303A310000000000001250100
  0
ACAD_PROXY_OBJECT
  5
1000001A
102
{ACAD_REACTORS
330
47
102
}
330
47
100
AcDbProxyObject
 90
      499
 91
      503
 93
      105
310
903353A310000000000000510100
  0
ACAD_PROXY_OBJECT
  5
1000001B
102
{ACAD_REACTORS
330
47
102
}
330
47
100
AcDbProxyObject
 90
      499
 91
      503
 93
      105
310
903363A310000000000000610100
  0
ACAD_PROXY_OBJECT
  5
1000001C
102
{ACAD_REACTORS
330
47
102
}
330
47
100
AcDbProxyObject
 90
      499
 91
      503
 93
      105
310
903383A310000000000000810100
  0
ACAD_PROXY_OBJECT
  5
2F
102
{ACAD_REACTORS
330
2A
102
}
330
2A
100
AcDbProxyObject
 90
      499
 91
      501
 93
      436
310
42CC9915DA5C99599C985B595049028333333333333E33F0000000000000F90107901411070040501600405405064090741402480A0340
1001
ACAD
1000
AcDbSavedByObjectVersion
1070
     0
  0
ACAD_PROXY_OBJECT
  5
32
102
{ACAD_REACTORS
330
2A
102
}
330
2A
100
AcDbProxyObject
 90
      499
 91
      501
 93
      388
310
4150985CDA58D07406404333333333333E33F0000000000000F90107A41107004050150841D405064090741402480A0350
1001
ACAD
1000
AcDbSavedByObjectVersion
1070
     0
  0
ACAD_PROXY_OBJECT
  5
36
102
{ACAD_REACTORS
330
2A
102
}
330
2A
100
AcDbProxyObject
 90
      499
 91
      501
 93
      428
310
42109C9A59DA1D195B90C409028333333333333E33F0000000000000F9010790141107004050150841D405064090741402480A029950
1001
ACAD
1000
AcDbSavedByObjectVersion
1070
     0
  0
ACAD_PROXY_OBJECT
  5
3A
102
{ACAD_REACTORS
330
2A
102
}
330
2A
100
AcDbProxyObject
 90
      499
 91
      501
 93
      452
310
42D0DBDB1BDC90DA185B99D95104090240C333333333333E33F0000000000000F90108901411070040501508421405064090741402480A0350
1001
ACAD
1000
AcDbSavedByObjectVersion
1070
     0
  0
ACAD_PROXY_OBJECT
  5
34
102
{ACAD_REACTORS
330
2A
102
}
330
2A
100
AcDbProxyObject
 90
      499
 91
      501
 93
      500
310
4290DBDB98D95C1D1D585B10940D028333333333333E33F0000000000000F90107902409070040501000000000018199010841D405064090740C02480A0340
1001
ACAD
1000
AcDbSavedByObjectVersion
1070
     0
  0
ACAD_PROXY_OBJECT
  5
35
102
{ACAD_REACTORS
330
2A
102
}
330
2A
100
AcDbProxyObject
 90
      499
 91
      501
 93
      412
310
40D11A5B50B409028333333333333E33F0000000000000F9010790141107004050150841D405064090741402480A02677FFFFFD0
1001
ACAD
1000
AcDbSavedByObjectVersion
1070
     0
  0
ACAD_PROXY_OBJECT
  5
3D
102
{ACAD_REACTORS
330
2A
102
}
330
2A
100
AcDbProxyObject
 90
      499
 91
      501
 93
      452
310
43115919D950DBDB1BDC93D999916409028333333333333E33F0000000000000F9010790141107004050150841D405064090741402480A0350
1001
ACAD
1000
AcDbSavedByObjectVersion
1070
     0
  0
ACAD_PROXY_OBJECT
  5
39
102
{ACAD_REACTORS
330
2A
102
}
330
2A
100
AcDbProxyObject
 90
      499
 91
      501
 93
      444
310
42D19858D95C185D1D195C9B90F409028333333333333E33F0000000000000F9010790141107004050150841D405064090741402480A0350
1001
ACAD
1000
AcDbSavedByObjectVersion
1070
     0
  0
ACAD_PROXY_OBJECT
  5
2B
102
{ACAD_REACTORS
330
2A
102
}
330
2A
100
AcDbProxyObject
 90
      499
 91
      501
 93
      380
310
41119B185D240901404333333333333E33F0000000000000F9010740A907004050150841D405064090741402480A1B50
1001
ACAD
1000
AcDbSavedByObjectVersion
1070
     0
  0
ACAD_PROXY_OBJECT
  5
2C
102
{ACAD_REACTORS
330
2A
102
}
330
2A
100
AcDbProxyObject
 90
      499
 91
      501
 93
      468
310
43519B185D15DA5D1A115919D95CD0140901404333333333333E33F0000000000000F90107409019070040501600405405064090741402480A1B50
1001
ACAD
1000
AcDbSavedByObjectVersion
1070
     0
  0
ACAD_PROXY_OBJECT
  5
2D
102
{ACAD_REACTORS
330
2A
102
}
330
2A
100
AcDbProxyObject
 90
      499
 91
      501
 93
      404
310
41D1DBDD5C985D5910240902404333333333333E33F0000000000000F9010740A9070040501641D405064090741402480A1B50
1001
ACAD
1000
AcDbSavedByObjectVersion
1070
     0
  0
ACAD_PROXY_OBJECT
  5
2E
102
{ACAD_REACTORS
330
2A
102
}
330
2A
100
AcDbProxyObject
 90
      499
 91
      501
 93
      492
310
4411DBDD5C985D5915DA5D1A115919D95CD0340902404333333333333E33F0000000000000F90107409019070040501600405405064090741402480A1B50
1001
ACAD
1000
AcDbSavedByObjectVersion
1070
     0
  0
ACAD_PROXY_OBJECT
  5
31
102
{ACAD_REACTORS
330
2A
102
}
330
2A
100
AcDbProxyObject
 90
      499
 91
      501
 93
      476
310
41921A5919195B90640502408333333333333E33F0000000000000F901079024090700405020000000000001110200405405064090740C02480A0340
1001
ACAD
1000
AcDbSavedByObjectVersion
1070
     0
  0
ACAD_PROXY_OBJECT
  5
3B
102
{ACAD_REACTORS
330
2A
102
}
330
2A
100
AcDbProxyObject
 90
      499
 91
      501
 93
      428
310
42529A5D1D195C93D999914409028333333333333E33F0000000000000F9010790141107004050150A41D405064090741402480A0350
1001
ACAD
1000
AcDbSavedByObjectVersion
1070
     0
  0
ACAD_PROXY_OBJECT
  5
38
102
{ACAD_REACTORS
330
2A
102
}
330
2A
100
AcDbProxyObject
 90
      499
 91
      501
 93
      444
310
42D31A5B995C185D1D195C9B90E409028333333333333E33F0000000000000F9010790141107004050750841D405064090741402483A0350
1001
ACAD
1000
AcDbSavedByObjectVersion
1070
     0
  0
ACAD_PROXY_OBJECT
  5
3C
102
{ACAD_REACTORS
330
2A
102
}
330
2A
100
AcDbProxyObject
 90
      499
 91
      501
 93
      444
310
42D3DD995C9A185B99D3D999915409028333333333333E33F0000000000000F9010790141107004050150941D405064090741402480A0350
1001
ACAD
1000
AcDbSavedByObjectVersion
1070
     0
  0
ACAD_PROXY_OBJECT
  5
33
102
{ACAD_REACTORS
330
2A
102
}
330
2A
100
AcDbProxyObject
 90
      499
 91
      501
 93
      428
310
425499585B1A5CDD1A58D08409038333333333333E33F0000000000000F9010740A907004050150800405405064090740C02480A1B40
1001
ACAD
1000
AcDbSavedByObjectVersion
1070
     0
  0
ACAD_PROXY_OBJECT
  5
42
102
{ACAD_REACTORS
330
2A
102
}
330
2A
100
AcDbProxyObject
 90
      499
 91
      501
 93
      420
310
4194DA1859195911B40902404333333333333E33F0000000000000F9010740A41107004050150800405405064090840C02480A0B40
1001
ACAD
1000
AcDbSavedByObjectVersion
1070
     0
  0
ACAD_PROXY_OBJECT
  5
41
102
{ACAD_REACTORS
330
2A
102
}
330
2A
100
AcDbProxyObject
 90
      499
 91
      501
 93
      516
310
4454DA18591959081DDA5D1A08195919D95CD1A40902404333333333333E33F0000000000000F901074090142907004050250800405405064090740C02480A0B40
1001
ACAD
1000
AcDbSavedByObjectVersion
1070
     0
  0
ACAD_PROXY_OBJECT
  5
3E
102
{ACAD_REACTORS
330
2A
102
}
330
2A
100
AcDbProxyObject
 90
      499
 91
      501
 93
      532
310
4394DA1859195CC81BD98811DC985E5174090240C333333333333E33F0000000000000F901079024090741D01000000000000111010841D405064090740C02480A0340
1001
ACAD
1000
AcDbSavedByObjectVersion
1070
     0
  0
ACAD_PROXY_OBJECT
  5
3F
102
{ACAD_REACTORS
330
2A
102
}
330
2A
100
AcDbProxyObject
 90
      499
 91
      501
 93
      476
310
41D4DAD95D18DA1E51840502408333333333333E33F0000000000000F901079024090741D01000000000000111010B41D405064090741802480A0340
1001
ACAD
1000
AcDbSavedByObjectVersion
1070
     0
  0
ACAD_PROXY_OBJECT
  5
37
102
{ACAD_REACTORS
330
2A
102
}
330
2A
100
AcDbProxyObject
 90
      499
 91
      501
 93
      412
310
41D51A1A58DAD95B90D409028333333333333E33F0000000000000F9010790141107004050150C41D405064090741402480A0350
1001
ACAD
1000
AcDbSavedByObjectVersion
1070
     0
  0
ACAD_PROXY_OBJECT
  5
30
102
{ACAD_REACTORS
330
2A
102
}
330
2A
100
AcDbProxyObject
 90
      499
 91
      501
 93
      420
310
4255DA5C99599C985B595059028333333333333E33F0000000000000F90107901411070040501600405405064090740C02480A0340
1001
ACAD
1000
AcDbSavedByObjectVersion
1070
     0
  0
ACAD_PROXY_OBJECT
  5
40
102
{ACAD_REACTORS
330
2A
102
}
330
2A
100
AcDbProxyObject
 90
      499
 91
      501
 93
      404
310
41560B54985E51940902404000000000000E03F0000000000000F9010740501907004050150841D405064090740C02480A1B40
1001
ACAD
1000
AcDbSavedByObjectVersion
1070
     0
  0
XRECORD
  5
10001241
102
{ACAD_REACTORS
330
10001237
102
}
330
10001237
100
AcDbXrecord
340
0
  0
XRECORD
  5
10001240
102
{ACAD_REACTORS
330
10001237
102
}
330
10001237
100
AcDbXrecord
 90
        0
  0
XRECORD
  5
10001257
102
{ACAD_REACTORS
330
10001237
102
}
330
10001237
100
AcDbXrecord
1000
DSTYLE
1002
{
1070
   340
340
11
1002
}
  0
XRECORD
  5
10001242
102
{ACAD_REACTORS
330
10001237
102
}
330
10001237
100
AcDbXrecord
  1
{36386333-6562-3873-3171-756536f46631}
  0
XRECORD
  5
1000123A
102
{ACAD_REACTORS
330
10001237
102
}
330
10001237
100
AcDbXrecord
  1

  0
XRECORD
  5
1000123F
102
{ACAD_REACTORS
330
10001237
102
}
330
10001237
100
AcDbXrecord
 90
        4
  0
XRECORD
  5
1000123C
102
{ACAD_REACTORS
330
10001237
102
}
330
10001237
100
AcDbXrecord
340
1A
  0
XRECORD
  5
1000123E
102
{ACAD_REACTORS
330
10001237
102
}
330
10001237
100
AcDbXrecord
 90
    10781
  0
XRECORD
  5
1000123D
102
{ACAD_REACTORS
330
10001237
102
}
330
10001237
100
AcDbXrecord
340
19
  0
XRECORD
  5
10001244
102
{ACAD_REACTORS
330
10001237
102
}
330
10001237
100
AcDbXrecord
 40
0.0
  0
XRECORD
  5
10001247
102
{ACAD_REACTORS
330
10001237
102
}
330
10001237
100
AcDbXrecord
340
0
  0
XRECORD
  5
1000124D
102
{ACAD_REACTORS
330
10001237
102
}
330
10001237
100
AcDbXrecord
 10
0.0
 20
0.0
 30
0.0
  0
XRECORD
  5
10001249
102
{ACAD_REACTORS
330
10001237
102
}
330
10001237
100
AcDbXrecord
 10
0.0
 20
0.0
 30
0.0
  0
XRECORD
  5
1000124C
102
{ACAD_REACTORS
330
10001237
102
}
330
10001237
100
AcDbXrecord
 10
0.0
 20
0.0
 30
0.0
  0
XRECORD
  5
1000124A
102
{ACAD_REACTORS
330
10001237
102
}
330
10001237
100
AcDbXrecord
 10
0.0
 20
0.0
 30
0.0
  0
XRECORD
  5
1000124B
102
{ACAD_REACTORS
330
10001237
102
}
330
10001237
100
AcDbXrecord
 10
0.0
 20
0.0
 30
0.0
  0
XRECORD
  5
10001248
102
{ACAD_REACTORS
330
10001237
102
}
330
10001237
100
AcDbXrecord
 10
0.0
 20
0.0
 30
0.0
  0
XRECORD
  5
10001245
102
{ACAD_REACTORS
330
10001237
102
}
330
10001237
100
AcDbXrecord
340
0
  0
XRECORD
  5
10001246
102
{ACAD_REACTORS
330
10001237
102
}
330
10001237
100
AcDbXrecord
 70
     0
  0
XRECORD
  5
1000123B
102
{ACAD_REACTORS
330
10001237
102
}
330
10001237
100
AcDbXrecord
  1

  0
XRECORD
  5
10001238
102
{ACAD_REACTORS
330
10001237
102
}
330
10001237
100
AcDbXrecord
 90
        1
  0
XRECORD
  5
10001239
102
{ACAD_REACTORS
330
10001237
102
}
330
10001237
100
AcDbXrecord
 90
       70
  0
XRECORD
  5
10001250
102
{ACAD_REACTORS
330
10001237
102
}
330
10001237
100
AcDbXrecord
340
0
  0
XRECORD
  5
10001256
102
{ACAD_REACTORS
330
10001237
102
}
330
10001237
100
AcDbXrecord
 10
0.0
 20
0.0
 30
0.0
  0
XRECORD
  5
10001252
102
{ACAD_REACTORS
330
10001237
102
}
330
10001237
100
AcDbXrecord
 10
0.0
 20
0.0
 30
0.0
  0
XRECORD
  5
10001255
102
{ACAD_REACTORS
330
10001237
102
}
330
10001237
100
AcDbXrecord
 10
0.0
 20
0.0
 30
0.0
  0
XRECORD
  5
10001253
102
{ACAD_REACTORS
330
10001237
102
}
330
10001237
100
AcDbXrecord
 10
0.0
 20
0.0
 30
0.0
  0
XRECORD
  5
10001254
102
{ACAD_REACTORS
330
10001237
102
}
330
10001237
100
AcDbXrecord
 10
0.0
 20
0.0
 30
0.0
  0
XRECORD
  5
10001251
102
{ACAD_REACTORS
330
10001237
102
}
330
10001237
100
AcDbXrecord
 10
0.0
 20
0.0
 30
0.0
  0
XRECORD
  5
1000124E
102
{ACAD_REACTORS
330
10001237
102
}
330
10001237
100
AcDbXrecord
340
0
  0
XRECORD
  5
1000124F
102
{ACAD_REACTORS
330
10001237
102
}
330
10001237
100
AcDbXrecord
 70
     0
  0
XRECORD
  5
10001243
102
{ACAD_REACTORS
330
10001237
102
}
330
10001237
100
AcDbXrecord
  1
{FAEB1C32-E019-11D5-929B-00C0DF256EC4}
  0
DICTIONARYVAR
  5
10001266
102
{ACAD_REACTORS
330
10001258
102
}
330
10001258
100
DictionaryVariables
280
     0
  1
1:1
  0
DICTIONARYVAR
  5
1000125F
102
{ACAD_REACTORS
330
10001258
102
}
330
10001258
100
DictionaryVariables
280
     0
  1
3.500000
  0
DICTIONARYVAR
  5
10001260
102
{ACAD_REACTORS
330
10001258
102
}
330
10001258
100
DictionaryVariables
280
     0
  1
acadiso.lin
  0
DICTIONARYVAR
  5
1000125A
102
{ACAD_REACTORS
330
10001258
102
}
330
10001258
100
DictionaryVariables
280
     0
  1
Standard
  0
DICTIONARYVAR
  5
10001259
102
{ACAD_REACTORS
330
10001258
102
}
330
10001258
100
DictionaryVariables
280
     0
  1
Standard
  0
DICTIONARYVAR
  5
10001261
102
{ACAD_REACTORS
330
10001258
102
}
330
10001258
100
DictionaryVariables
280
     0
  1
2
  0
DICTIONARYVAR
  5
10001262
102
{ACAD_REACTORS
330
10001258
102
}
330
10001258
100
DictionaryVariables
280
     0
  1
1
  0
DICTIONARYVAR
  5
10001267
102
{ACAD_REACTORS
330
10001258
102
}
330
10001258
100
DictionaryVariables
280
     0
  1
1
  0
DICTIONARYVAR
  5
1000125C
102
{ACAD_REACTORS
330
10001258
102
}
330
10001258
100
DictionaryVariables
280
     0
  1
80.000000
  0
DICTIONARYVAR
  5
1000125B
102
{ACAD_REACTORS
330
10001258
102
}
330
10001258
100
DictionaryVariables
280
     0
  1
5.000000
  0
XRECORD
  5
10000003
102
{ACAD_REACTORS
330
10000001
102
}
330
10000001
100
AcDbXrecord
 70
     4
  0
XRECORD
  5
10000002
102
{ACAD_REACTORS
330
10000001
102
}
330
10000001
100
AcDbXrecord
1040
89.0
  0
ACAD_PROXY_OBJECT
  5
10000005
102
{ACAD_REACTORS
330
10000001
102
}
330
10000001
100
AcDbProxyObject
 90
      499
 91
      509
 93
       34
310
40C8804040
  0
DICTIONARY
  5
1000126A
330
45
100
AcDbDictionary
280
     1
  3
ACAD_XREC_ROUNDTRIP
360
1000126B
  0
DICTIONARY
  5
10001268
330
44
100
AcDbDictionary
280
     1
  3
ACAD_XREC_ROUNDTRIP
360
10001269
  0
DICTIONARY
  5
1000126C
330
46
100
AcDbDictionary
280
     1
  3
ACAD_XREC_ROUNDTRIP
360
1000126D
  0
XRECORD
  5
1000126B
102
{ACAD_REACTORS
330
1000126A
102
}
330
1000126A
100
AcDbXrecord
102
MATERIAL
148
0.0
149
0.0
149
0.0
 93
        0
 94
      127
282
     0
 72
     1
 77
     1
171
     1
175
     1
179
     1
273
     0
  0
XRECORD
  5
10001269
102
{ACAD_REACTORS
330
10001268
102
}
330
10001268
100
AcDbXrecord
102
MATERIAL
148
0.0
149
0.0
149
0.0
 93
        0
 94
      127
282
     0
 72
     1
 77
     1
171
     1
175
     1
179
     1
273
     0
  0
XRECORD
  5
1000126D
102
{ACAD_REACTORS
330
1000126C
102
}
330
1000126C
100
AcDbXrecord
102
MATERIAL
148
0.0
149
0.0
149
0.0
 93
        0
 94
      127
282
     0
 72
     1
 77
     1
171
     1
175
     1
179
     1
273
     0
  0
ENDSEC
  0
EOF
