  0
SECTION
  2
HEADER
  9
$ACADVER
  1
AC1014
  9
$ACADMAINTVER
 70
     9
  9
$DWGCODEPAGE
  3
ANSI_1252
  9
$INSBASE
 10
0.0
 20
0.0
 30
0.0
  9
$EXTMIN
 10
0.038
 20
0.019
 30
-2.787212833271075
  9
$EXTMAX
 10
11.0
 20
8.481
 30
2.787212833271075
  9
$LIMMIN
 10
0.0
 20
0.0
  9
$LIMMAX
 10
12.0
 20
9.0
  9
$ORTHOMODE
 70
     0
  9
$REGENMODE
 70
     1
  9
$FILLMODE
 70
     1
  9
$QTEXTMODE
 70
     0
  9
$MIRRTEXT
 70
     1
  9
$DRAGMODE
 70
     2
  9
$LTSCALE
 40
0.5
  9
$OSMODE
 70
    23
  9
$ATTMODE
 70
     1
  9
$TEXTSIZE
 40
0.12
  9
$TRACEWID
 40
0.05
  9
$TEXTSTYLE
  7
ONSHAPE-STANDARD
  9
$CLAYER
  8
0
  9
$CELTYPE
  6
BYLAYER
  9
$CECOLOR
 62
   256
  9
$CELTSCALE
 40
1.0
  9
$DELOBJ
 70
     1
  9
$DISPSILH
 70
     0
  9
$DIMSCALE
 40
1.0
  9
$DIMASZ
 40
0.18
  9
$DIMEXO
 40
0.0625
  9
$DIMDLI
 40
0.38
  9
$DIMRND
 40
0.0
  9
$DIMDLE
 40
0.0
  9
$DIMEXE
 40
0.08
  9
$DIMTP
 40
0.0
  9
$DIMTM
 40
0.0
  9
$DIMTXT
 40
0.12
  9
$DIMCEN
 40
0.09
  9
$DIMTSZ
 40
0.0
  9
$DIMTOL
 70
     0
  9
$DIMLIM
 70
     0
  9
$DIMTIH
 70
     1
  9
$DIMTOH
 70
     1
  9
$DIMSE1
 70
     0
  9
$DIMSE2
 70
     0
  9
$DIMTAD
 70
     0
  9
$DIMZIN
 70
     7
  9
$DIMBLK
  1

  9
$DIMASO
 70
     1
  9
$DIMSHO
 70
     1
  9
$DIMPOST
  1

  9
$DIMAPOST
  1

  9
$DIMALT
 70
     0
  9
$DIMALTD
 70
     2
  9
$DIMALTF
 40
25.4
  9
$DIMLFAC
 40
2.0
  9
$DIMTOFL
 70
     0
  9
$DIMTVP
 40
0.0
  9
$DIMTIX
 70
     0
  9
$DIMSOXD
 70
     0
  9
$DIMSAH
 70
     0
  9
$DIMBLK1
  1

  9
$DIMBLK2
  1

  9
$DIMSTYLE
  2
ONSHAPE-STANDARD
  9
$DIMCLRD
 70
     7
  9
$DIMCLRE
 70
     7
  9
$DIMCLRT
 70
     7
  9
$DIMTFAC
 40
1.0
  9
$DIMGAP
 40
0.09
  9
$DIMJUST
 70
     0
  9
$DIMSD1
 70
     0
  9
$DIMSD2
 70
     0
  9
$DIMTOLJ
 70
     1
  9
$DIMTZIN
 70
     7
  9
$DIMALTZ
 70
     7
  9
$DIMALTTZ
 70
     0
  9
$DIMFIT
 70
     3
  9
$DIMUPT
 70
     1
  9
$DIMUNIT
 70
     2
  9
$DIMDEC
 70
     3
  9
$DIMTDEC
 70
     3
  9
$DIMALTU
 70
     2
  9
$DIMALTTD
 70
     2
  9
$DIMTXSTY
  7
ONSHAPE-STANDARD-DIMENSION
  9
$DIMAUNIT
 70
     0
  9
$LUNITS
 70
     2
  9
$LUPREC
 70
     4
  9
$SKETCHINC
 40
0.1
  9
$FILLETRAD
 40
0.5
  9
$AUNITS
 70
     0
  9
$AUPREC
 70
     0
  9
$MENU
  1
.
  9
$ELEVATION
 40
0.0
  9
$PELEVATION
 40
0.0
  9
$THICKNESS
 40
0.0
  9
$LIMCHECK
 70
     0
  9
$CHAMFERA
 40
0.0
  9
$CHAMFERB
 40
0.0
  9
$CHAMFERC
 40
0.0
  9
$CHAMFERD
 40
0.0
  9
$SKPOLY
 70
     0
  9
$TDCREATE
 40
2460971.91378081
  9
$TDUPDATE
 40
2460971.913782396
  9
$TDINDWG
 40
0.0
  9
$TDUSRTIMER
 40
0.0
  9
$USRTIMER
 70
     1
  9
$ANGBASE
 50
0.0
  9
$ANGDIR
 70
     0
  9
$PDMODE
 70
    33
  9
$PDSIZE
 40
0.0393700787401575
  9
$PLINEWID
 40
0.0
  9
$COORDS
 70
     1
  9
$SPLFRAME
 70
     0
  9
$SPLINETYPE
 70
     6
  9
$SPLINESEGS
 70
     8
  9
$ATTDIA
 70
     0
  9
$ATTREQ
 70
     1
  9
$HANDLING
 70
     1
  9
$HANDSEED
  5
4E3
  9
$SURFTAB1
 70
     6
  9
$SURFTAB2
 70
     6
  9
$SURFTYPE
 70
     6
  9
$SURFU
 70
     6
  9
$SURFV
 70
     6
  9
$UCSNAME
  2

  9
$UCSORG
 10
0.0
 20
0.0
 30
0.0
  9
$UCSXDIR
 10
1.0
 20
0.0
 30
0.0
  9
$UCSYDIR
 10
0.0
 20
1.0
 30
0.0
  9
$PUCSNAME
  2

  9
$PUCSORG
 10
0.0
 20
0.0
 30
0.0
  9
$PUCSXDIR
 10
1.0
 20
0.0
 30
0.0
  9
$PUCSYDIR
 10
0.0
 20
1.0
 30
0.0
  9
$USERI1
 70
     0
  9
$USERI2
 70
     0
  9
$USERI3
 70
     0
  9
$USERI4
 70
     0
  9
$USERI5
 70
     0
  9
$USERR1
 40
0.0
  9
$USERR2
 40
0.0
  9
$USERR3
 40
0.0
  9
$USERR4
 40
0.0
  9
$USERR5
 40
0.0
  9
$WORLDVIEW
 70
     1
  9
$SHADEDGE
 70
     3
  9
$SHADEDIF
 70
    70
  9
$TILEMODE
 70
     1
  9
$MAXACTVP
 70
    64
  9
$PINSBASE
 10
0.0
 20
0.0
 30
0.0
  9
$PLIMCHECK
 70
     0
  9
$PEXTMIN
 10
1.000000000000000E+20
 20
1.000000000000000E+20
 30
1.000000000000000E+20
  9
$PEXTMAX
 10
-1.000000000000000E+20
 20
-1.000000000000000E+20
 30
-1.000000000000000E+20
  9
$PLIMMIN
 10
0.0
 20
0.0
  9
$PLIMMAX
 10
12.0
 20
9.0
  9
$UNITMODE
 70
     0
  9
$VISRETAIN
 70
     1
  9
$PLINEGEN
 70
     0
  9
$PSLTSCALE
 70
     1
  9
$TREEDEPTH
 70
  3020
  9
$PICKSTYLE
 70
     1
  9
$CMLSTYLE
  2
STANDARD
  9
$CMLJUST
 70
     0
  9
$CMLSCALE
 40
1.0
  9
$PROXYGRAPHICS
 70
     1
  9
$MEASUREMENT
 70
     0
  0
ENDSEC
  0
SECTION
  2
CLASSES
  0
CLASS
  1
ACDBDICTIONARYWDFLT
  2
AcDbDictionaryWithDefault
  3
ObjectDBX Classes
 90
        0
280
     0
281
     0
  0
CLASS
  1
VISUALSTYLE
  2
AcDbVisualStyle
  3
ObjectDBX Classes
 90
     4095
280
     0
281
     0
  0
CLASS
  1
MATERIAL
  2
AcDbMaterial
  3
ObjectDBX Classes
 90
     1153
280
     0
281
     0
  0
CLASS
  1
SCALE
  2
AcDbScale
  3
ObjectDBX Classes
 90
     1153
280
     0
281
     0
  0
CLASS
  1
TABLESTYLE
  2
AcDbTableStyle
  3
ObjectDBX Classes
 90
     4095
280
     0
281
     0
  0
CLASS
  1
MLEADERSTYLE
  2
AcDbMLeaderStyle
  3
ACDB_MLEADERSTYLE_CLASS
 90
     4095
280
     0
281
     0
  0
CLASS
  1
SUN
  2
AcDbSun
  3
SCENEOE
 90
     1153
280
     0
281
     0
  0
CLASS
  1
DICTIONARYVAR
  2
AcDbDictionaryVar
  3
ObjectDBX Classes
 90
        0
280
     0
281
     0
  0
CLASS
  1
FIELD
  2
AcDbField
  3
ObjectDBX Classes
 90
     1152
280
     0
281
     0
  0
CLASS
  1
FIELDLIST
  2
AcDbFieldList
  3
ObjectDBX Classes
 90
     1152
280
     0
281
     0
  0
CLASS
  1
DIMASSOC
  2
AcDbDimAssoc
  3
"AcDbDimAssoc|Product Desc:     AcDim ARX App For Dimension|Company:          Autodesk, Inc.|WEB Address:      www.autodesk.com"
 90
        0
280
     0
281
     0
  0
CLASS
  1
BREAKDATA
  2
AcDbBreakData
  3
ObjectDBX Classes
 90
     1024
280
     0
281
     0
  0
CLASS
  1
XRECORD
  2
AcDbXrecord
  3
ObjectDBX Classes
 90
        0
280
     0
281
     0
  0
CLASS
  1
LWPOLYLINE
  2
AcDbPolyline
  3
ObjectDBX Classes
 90
        0
280
     0
281
     1
  0
CLASS
  1
HATCH
  2
AcDbHatch
  3
ObjectDBX Classes
 90
        0
280
     0
281
     1
  0
CLASS
  1
ACDBPLACEHOLDER
  2
AcDbPlaceHolder
  3
ObjectDBX Classes
 90
        0
280
     0
281
     0
  0
CLASS
  1
LAYOUT
  2
AcDbLayout
  3
ObjectDBX Classes
 90
        0
280
     0
281
     0
  0
ENDSEC
  0
SECTION
  2
TABLES
  0
TABLE
  2
VPORT
  5
8
102
{ACAD_XDICTIONARY
360
4D8
102
}
330
0
100
AcDbSymbolTable
 70
     1
  0
VPORT
  5
29
330
8
100
AcDbSymbolTableRecord
100
AcDbViewportTableRecord
  2
*ACTIVE
 70
     0
 10
0.0
 20
0.0
 11
1.0
 21
1.0
 12
5.519
 22
4.389959809264305
 13
0.0
 23
0.0
 14
0.5
 24
0.5
 15
0.5
 25
0.5
 16
0.0
 26
0.0
 36
1.0
 17
0.0
 27
0.0
 37
0.0
 40
8.916758010899182
 41
1.253957995308708
 42
50.0
 43
0.0
 44
0.0
 50
0.0
 51
0.0
 71
     0
 72
   100
 73
     1
 74
     3
 75
     0
 76
     0
 77
     0
 78
     0
  0
ENDTAB
  0
TABLE
  2
LTYPE
  5
5
330
0
100
AcDbSymbolTable
 70
     3
  0
LTYPE
  5
14
330
5
100
AcDbSymbolTableRecord
100
AcDbLinetypeTableRecord
  2
BYBLOCK
 70
     0
  3

 72
    65
 73
     0
 40
0.0
  0
LTYPE
  5
15
330
5
100
AcDbSymbolTableRecord
100
AcDbLinetypeTableRecord
  2
BYLAYER
 70
     0
  3

 72
    65
 73
     0
 40
0.0
  0
LTYPE
  5
16
330
5
100
AcDbSymbolTableRecord
100
AcDbLinetypeTableRecord
  2
CONTINUOUS
 70
     0
  3
Solid line
 72
    65
 73
     0
 40
0.0
  0
LTYPE
  5
76
330
5
100
AcDbSymbolTableRecord
100
AcDbLinetypeTableRecord
  2
HIDDEN
 70
     0
  3
Hidden line ____ ____ ____ ____ 
 72
    65
 73
     2
 40
0.15
 49
0.1
 74
     0
 49
-0.05
 74
     0
  0
LTYPE
  5
2F9
330
5
100
AcDbSymbolTableRecord
100
AcDbLinetypeTableRecord
  2
CENTER
 70
     0
  3
Center line ____ _ ____ _ ____ _
 72
    65
 73
     4
 40
0.7199999999999999
 49
0.45
 74
     0
 49
-0.09
 74
     0
 49
0.09
 74
     0
 49
-0.09
 74
     0
  0
ENDTAB
  0
TABLE
  2
LAYER
  5
2
330
0
100
AcDbSymbolTable
 70
    13
  0
LAYER
  5
10
330
2
100
AcDbSymbolTableRecord
100
AcDbLayerTableRecord
  2
0
 70
     0
 62
     7
  6
CONTINUOUS
  0
LAYER
  5
70
330
2
100
AcDbSymbolTableRecord
100
AcDbLayerTableRecord
  2
DEFPOINTS
 70
     0
 62
     7
  6
CONTINUOUS
  0
LAYER
  5
74
330
2
100
AcDbSymbolTableRecord
100
AcDbLayerTableRecord
  2
HIDDEN
 70
     0
 62
     7
  6
HIDDEN
  0
LAYER
  5
77
330
2
100
AcDbSymbolTableRecord
100
AcDbLayerTableRecord
  2
VISIBLE
 70
     0
 62
     7
  6
CONTINUOUS
  0
LAYER
  5
78
330
2
100
AcDbSymbolTableRecord
100
AcDbLayerTableRecord
  2
TANGENT_LINES
 70
     0
 62
     7
  6
CONTINUOUS
  0
LAYER
  5
16E
330
2
100
AcDbSymbolTableRecord
100
AcDbLayerTableRecord
  2
TANGENT_HIDDEN
 70
     0
 62
     7
  6
HIDDEN
  0
LAYER
  5
239
330
2
100
AcDbSymbolTableRecord
100
AcDbLayerTableRecord
  2
BORDER_FRAME
 70
     0
 62
     7
  6
CONTINUOUS
  0
LAYER
  5
23F
330
2
100
AcDbSymbolTableRecord
100
AcDbLayerTableRecord
  2
BORDER_ZONES
 70
     0
 62
     7
  6
CONTINUOUS
  0
LAYER
  5
24D
330
2
100
AcDbSymbolTableRecord
100
AcDbLayerTableRecord
  2
TITLE_BLOCK
 70
     0
 62
     7
  6
CONTINUOUS
  0
LAYER
  5
2E6
330
2
100
AcDbSymbolTableRecord
100
AcDbLayerTableRecord
  2
ANNOTATION_TEXT
 70
     0
 62
     7
  6
CONTINUOUS
  0
LAYER
  5
2F8
330
2
100
AcDbSymbolTableRecord
100
AcDbLayerTableRecord
  2
CENTERMARKS
 70
     0
 62
     7
  6
CONTINUOUS
  0
LAYER
  5
318
330
2
100
AcDbSymbolTableRecord
100
AcDbLayerTableRecord
  2
CENTERLINES
 70
     0
 62
     7
  6
CENTER
  0
LAYER
  5
373
330
2
100
AcDbSymbolTableRecord
100
AcDbLayerTableRecord
  2
ANNOTATION_LINES
 70
     0
 62
     7
  6
CONTINUOUS
  0
ENDTAB
  0
TABLE
  2
STYLE
  5
3
330
0
100
AcDbSymbolTable
 70
    36
  0
STYLE
  5
11
330
3
100
AcDbSymbolTableRecord
100
AcDbTextStyleTableRecord
  2
STANDARD
 70
     0
 40
0.0
 41
1.0
 50
0.0
 71
     0
 42
0.12
  3
txt
  4

  0
STYLE
  5
71
330
3
100
AcDbSymbolTableRecord
100
AcDbTextStyleTableRecord
  2
ONSHAPE-STANDARD
 70
     0
 40
0.0
 41
1.0
 50
0.0
 71
     0
 42
0.12
  3
NotoSans-Regular.ttf
  4

1001
ACAD
1000
Noto Sans
1071
        0
  0
STYLE
  5
73
330
3
100
AcDbSymbolTableRecord
100
AcDbTextStyleTableRecord
  2
ONSHAPE-STANDARD-DIMENSION
 70
     0
 40
0.0
 41
1.0
 50
0.0
 71
     0
 42
0.12
  3

  4

1001
ACAD
1000
Noto Sans
1071
        0
  0
STYLE
  5
281
330
3
100
AcDbSymbolTableRecord
100
AcDbTextStyleTableRecord
  2
ONSHAPE-STANDARD-FIELDS
 70
     0
 40
0.0
 41
1.0
 50
0.0
 71
     0
 42
0.12
  3

  4

1001
ACAD
1000
Noto Sans
1071
        0
  0
STYLE
  5
2E8
330
3
100
AcDbSymbolTableRecord
100
AcDbTextStyleTableRecord
  2
ONSHAPE-STANDARD-VIEW-LABE
 70
     0
 40
0.12
 41
1.0
 50
0.0
 71
     0
 42
0.12
  3
NotoSans-Regular.ttf
  4

1001
ACAD
1000
Noto Sans
1071
        0
  0
STYLE
  5
36E
330
3
100
AcDbSymbolTableRecord
100
AcDbTextStyleTableRecord
  2
ONSHAPE-STANDARD-HOLE-CALL
 70
     0
 40
0.12
 41
1.0
 50
0.0
 71
     0
 42
0.12
  3
NotoSans-Regular.ttf
  4

1001
ACAD
1000
Noto Sans
1071
        0
  0
STYLE
  5
462
330
3
100
AcDbSymbolTableRecord
100
AcDbTextStyleTableRecord
  2
ONSHAPE-STANDARD-BOLD
 70
     0
 40
0.0
 41
1.0
 50
0.0
 71
     0
 42
0.12
  3
NotoSans-Bold.ttf
  4

1001
ACAD
1000
Noto Sans
1071
 33554432
  0
STYLE
  5
464
330
3
100
AcDbSymbolTableRecord
100
AcDbTextStyleTableRecord
  2
ONSHAPE-STANDARD-TCFIELDS
 70
     0
 40
0.0
 41
1.0
 50
0.0
 71
     0
 42
0.12
  3
NotoSansTC-Regular.otf
  4

1001
ACAD
1000
Noto Sans TC
1071
        0
  0
STYLE
  5
465
330
3
100
AcDbSymbolTableRecord
100
AcDbTextStyleTableRecord
  2
ONSHAPE-STANDARD-SCFIELDS
 70
     0
 40
0.0
 41
1.0
 50
0.0
 71
     0
 42
0.12
  3
NotoSansSC-Regular.otf
  4

1001
ACAD
1000
Noto Sans SC
1071
        0
  0
STYLE
  5
466
330
3
100
AcDbSymbolTableRecord
100
AcDbTextStyleTableRecord
  2
ONSHAPE-STANDARD-KOREANFIE
 70
     0
 40
0.0
 41
1.0
 50
0.0
 71
     0
 42
0.12
  3
NotoSansKR-Regular.otf
  4

1001
ACAD
1000
Noto Sans KR
1071
        0
  0
STYLE
  5
467
330
3
100
AcDbSymbolTableRecord
100
AcDbTextStyleTableRecord
  2
ONSHAPE-STANDARD-JAPANESEF
 70
     0
 40
0.0
 41
1.0
 50
0.0
 71
     0
 42
0.12
  3
NotoSansJP-Regular.otf
  4

1001
ACAD
1000
Noto Sans JP
1071
        0
  0
STYLE
  5
468
330
3
100
AcDbSymbolTableRecord
100
AcDbTextStyleTableRecord
  2
TTFSTYLE
 70
     0
 40
0.0
 41
1.0
 50
0.0
 71
     0
 42
0.12
  3

  4

1001
ACAD
1000
Verdana
1071
       34
  0
STYLE
  5
469
330
3
100
AcDbSymbolTableRecord
100
AcDbTextStyleTableRecord
  2
ONSHAPE-STANDARD-GTOLERANC
 70
     0
 40
0.0
 41
1.0
 50
0.0
 71
     0
 42
0.12
  3

  4

1001
ACAD
1000
Noto Sans
1071
        0
  0
STYLE
  5
46A
330
3
100
AcDbSymbolTableRecord
100
AcDbTextStyleTableRecord
  2
ONSHAPE-STANDARD-TABLE-DAT
 70
     0
 40
0.0
 41
1.0
 50
0.0
 71
     0
 42
0.12
  3
NotoSans-Regular.ttf
  4

1001
ACAD
1000
Noto Sans
1071
        0
  0
STYLE
  5
46B
330
3
100
AcDbSymbolTableRecord
100
AcDbTextStyleTableRecord
  2
ONSHAPE-STANDARD-TABLE-TIT
 70
     0
 40
0.0
 41
1.0
 50
0.0
 71
     0
 42
0.12
  3
NotoSans-Bold.ttf
  4

1001
ACAD
1000
Noto Sans
1071
 33554432
  0
STYLE
  5
46C
330
3
100
AcDbSymbolTableRecord
100
AcDbTextStyleTableRecord
  2
ONSHAPE-STANDARD-TABLE-HEA
 70
     0
 40
0.0
 41
1.0
 50
0.0
 71
     0
 42
0.12
  3
NotoSans-Bold.ttf
  4

1001
ACAD
1000
Noto Sans
1071
 33554432
  0
STYLE
  5
46D
330
3
100
AcDbSymbolTableRecord
100
AcDbTextStyleTableRecord
  2
ONSHAPE-STANDARD-BOMTABLE-
 70
     0
 40
0.0
 41
1.0
 50
0.0
 71
     0
 42
0.12
  3
NotoSans-Regular.ttf
  4

1001
ACAD
1000
Noto Sans
1071
        0
  0
STYLE
  5
46E
330
3
100
AcDbSymbolTableRecord
100
AcDbTextStyleTableRecord
  2
ONSHAPE-STANDARD-BOMTABLE0
 70
     0
 40
0.0
 41
1.0
 50
0.0
 71
     0
 42
0.12
  3
NotoSans-Bold.ttf
  4

1001
ACAD
1000
Noto Sans
1071
 33554432
  0
STYLE
  5
46F
330
3
100
AcDbSymbolTableRecord
100
AcDbTextStyleTableRecord
  2
ONSHAPE-STANDARD-BOMTABLE1
 70
     0
 40
0.0
 41
1.0
 50
0.0
 71
     0
 42
0.12
  3
NotoSans-Bold.ttf
  4

1001
ACAD
1000
Noto Sans
1071
 33554432
  0
STYLE
  5
470
330
3
100
AcDbSymbolTableRecord
100
AcDbTextStyleTableRecord
  2
ONSHAPE-STANDARD-NOTESTYLE
 70
     0
 40
0.12
 41
1.0
 50
0.0
 71
     0
 42
0.12
  3
NotoSans-Regular.ttf
  4

1001
ACAD
1000
Noto Sans
1071
        0
  0
STYLE
  5
471
330
3
100
AcDbSymbolTableRecord
100
AcDbTextStyleTableRecord
  2
ONSHAPE-STANDARD-DATUM-DIM
 70
     0
 40
0.12
 41
1.0
 50
0.0
 71
     0
 42
0.12
  3

  4

1001
ACAD
1000
Noto Sans
1071
        0
  0
STYLE
  5
473
330
3
100
AcDbSymbolTableRecord
100
AcDbTextStyleTableRecord
  2
ONSHAPE-DETAIL-VIEW-LEADER
 70
     0
 40
0.12
 41
1.0
 50
0.0
 71
     0
 42
0.12
  3
NotoSans-Regular.ttf
  4

1001
ACAD
1000
Noto Sans
1071
        0
  0
STYLE
  5
475
330
3
100
AcDbSymbolTableRecord
100
AcDbTextStyleTableRecord
  2
ONSHAPE-STANDARD-HOLETABLE
 70
     0
 40
0.0
 41
1.0
 50
0.0
 71
     0
 42
0.12
  3
NotoSans-Regular.ttf
  4

1001
ACAD
1000
Noto Sans
1071
        0
  0
STYLE
  5
476
330
3
100
AcDbSymbolTableRecord
100
AcDbTextStyleTableRecord
  2
ONSHAPE-STANDARD-HOLETABL0
 70
     0
 40
0.0
 41
1.0
 50
0.0
 71
     0
 42
0.12
  3
NotoSans-Bold.ttf
  4

1001
ACAD
1000
Noto Sans
1071
 33554432
  0
STYLE
  5
477
330
3
100
AcDbSymbolTableRecord
100
AcDbTextStyleTableRecord
  2
ONSHAPE-STANDARD-HOLETABL1
 70
     0
 40
0.0
 41
1.0
 50
0.0
 71
     0
 42
0.12
  3
NotoSans-Bold.ttf
  4

1001
ACAD
1000
Noto Sans
1071
 33554432
  0
STYLE
  5
478
330
3
100
AcDbSymbolTableRecord
100
AcDbTextStyleTableRecord
  2
ONSHAPE-STANDARD-HOLE-TAG
 70
     0
 40
0.12
 41
1.0
 50
0.0
 71
     0
 42
0.12
  3
NotoSans-Regular.ttf
  4

1001
ACAD
1000
Noto Sans
1071
        0
  0
STYLE
  5
479
330
3
100
AcDbSymbolTableRecord
100
AcDbTextStyleTableRecord
  2
ONSHAPE-STANDARD-REVISIONT
 70
     0
 40
0.0
 41
1.0
 50
0.0
 71
     0
 42
0.12
  3
NotoSans-Regular.ttf
  4

1001
ACAD
1000
Noto Sans
1071
        0
  0
STYLE
  5
47A
330
3
100
AcDbSymbolTableRecord
100
AcDbTextStyleTableRecord
  2
ONSHAPE-STANDARD-REVISION0
 70
     0
 40
0.0
 41
1.0
 50
0.0
 71
     0
 42
0.12
  3
NotoSans-Bold.ttf
  4

1001
ACAD
1000
Noto Sans
1071
 33554432
  0
STYLE
  5
47B
330
3
100
AcDbSymbolTableRecord
100
AcDbTextStyleTableRecord
  2
ONSHAPE-STANDARD-REVISION1
 70
     0
 40
0.0
 41
1.0
 50
0.0
 71
     0
 42
0.12
  3
NotoSans-Bold.ttf
  4

1001
ACAD
1000
Noto Sans
1071
 33554432
  0
STYLE
  5
47C
330
3
100
AcDbSymbolTableRecord
100
AcDbTextStyleTableRecord
  2
ONSHAPE-STANDARD-REVISION-
 70
     0
 40
0.12
 41
1.0
 50
0.0
 71
     0
 42
0.12
  3
NotoSans-Regular.ttf
  4

1001
ACAD
1000
Noto Sans
1071
        0
  0
STYLE
  5
47D
330
3
100
AcDbSymbolTableRecord
100
AcDbTextStyleTableRecord
  2
ONSHAPE-STANDARD-CUTLISTTA
 70
     0
 40
0.0
 41
1.0
 50
0.0
 71
     0
 42
0.12
  3
NotoSans-Regular.ttf
  4

1001
ACAD
1000
Noto Sans
1071
        0
  0
STYLE
  5
47E
330
3
100
AcDbSymbolTableRecord
100
AcDbTextStyleTableRecord
  2
ONSHAPE-STANDARD-CUTLISTT0
 70
     0
 40
0.0
 41
1.0
 50
0.0
 71
     0
 42
0.12
  3
NotoSans-Bold.ttf
  4

1001
ACAD
1000
Noto Sans
1071
 33554432
  0
STYLE
  5
47F
330
3
100
AcDbSymbolTableRecord
100
AcDbTextStyleTableRecord
  2
ONSHAPE-STANDARD-CUTLISTT1
 70
     0
 40
0.0
 41
1.0
 50
0.0
 71
     0
 42
0.12
  3
NotoSans-Bold.ttf
  4

1001
ACAD
1000
Noto Sans
1071
 33554432
  0
STYLE
  5
480
330
3
100
AcDbSymbolTableRecord
100
AcDbTextStyleTableRecord
  2
ONSHAPE-STANDARD-CUSTOMTAB
 70
     0
 40
0.0
 41
1.0
 50
0.0
 71
     0
 42
0.12
  3
NotoSans-Regular.ttf
  4

1001
ACAD
1000
Noto Sans
1071
        0
  0
STYLE
  5
481
330
3
100
AcDbSymbolTableRecord
100
AcDbTextStyleTableRecord
  2
ONSHAPE-STANDARD-CUSTOMTA0
 70
     0
 40
0.0
 41
1.0
 50
0.0
 71
     0
 42
0.12
  3
NotoSans-Bold.ttf
  4

1001
ACAD
1000
Noto Sans
1071
 33554432
  0
STYLE
  5
482
330
3
100
AcDbSymbolTableRecord
100
AcDbTextStyleTableRecord
  2
ONSHAPE-STANDARD-CUSTOMTA1
 70
     0
 40
0.0
 41
1.0
 50
0.0
 71
     0
 42
0.12
  3
NotoSans-Bold.ttf
  4

1001
ACAD
1000
Noto Sans
1071
 33554432
  0
ENDTAB
  0
TABLE
  2
VIEW
  5
6
330
0
100
AcDbSymbolTable
 70
     0
  0
ENDTAB
  0
TABLE
  2
UCS
  5
7
330
0
100
AcDbSymbolTable
 70
     0
  0
ENDTAB
  0
TABLE
  2
APPID
  5
9
330
0
100
AcDbSymbolTable
 70
    12
  0
APPID
  5
12
330
9
100
AcDbSymbolTableRecord
100
AcDbRegAppTableRecord
  2
ACAD
 70
     0
  0
APPID
  5
2EA
330
9
100
AcDbSymbolTableRecord
100
AcDbRegAppTableRecord
  2
ONSHAPE_NOTES_ANNOTATION_D
 70
     0
  0
APPID
  5
372
330
9
100
AcDbSymbolTableRecord
100
AcDbRegAppTableRecord
  2
ONSHAPE_HOLECALLOUT_TEXT_J
 70
     0
  0
APPID
  5
3AB
330
9
100
AcDbSymbolTableRecord
100
AcDbRegAppTableRecord
  2
ACAD_DSTYLE_DIMRADIAL_EXTE
 70
     0
  0
APPID
  5
3AC
330
9
100
AcDbSymbolTableRecord
100
AcDbRegAppTableRecord
  2
ACAD_DIMASSOC_CALC_DIMLFAC
 70
     0
  0
APPID
  5
3AD
330
9
100
AcDbSymbolTableRecord
100
AcDbRegAppTableRecord
  2
ACAD_DIMASSOC_DIMLFAC
 70
     0
  0
APPID
  5
3AE
330
9
100
AcDbSymbolTableRecord
100
AcDbRegAppTableRecord
  2
ACAD_DIMASSOC_OVERRIDDEN_D
 70
     0
  0
APPID
  5
3A3
330
9
100
AcDbSymbolTableRecord
100
AcDbRegAppTableRecord
  2
INDEX
 70
     0
  0
APPID
  5
405
330
9
100
AcDbSymbolTableRecord
100
AcDbRegAppTableRecord
  2
ONSHAPE_DIMENSION_ON_CENTE
 70
     0
  0
APPID
  5
406
330
9
100
AcDbSymbolTableRecord
100
AcDbRegAppTableRecord
  2
ONSHAPE_DIMENSION_ON_CENT0
 70
     0
  0
APPID
  5
440
330
9
100
AcDbSymbolTableRecord
100
AcDbRegAppTableRecord
  2
ACAD_DSTYLE_DIMANGULAR_EXT
 70
     0
  0
APPID
  5
4E2
330
9
100
AcDbSymbolTableRecord
100
AcDbRegAppTableRecord
  2
ACAD_MLEADERVER
 70
     0
  0
ENDTAB
  0
TABLE
  2
DIMSTYLE
  5
A
330
0
100
AcDbSymbolTable
 70
    21
  0
DIMSTYLE
105
27
330
A
100
AcDbSymbolTableRecord
100
AcDbDimStyleTableRecord
  2
STANDARD
 70
     0
  3

  4

  5

  6

  7

 40
1.0
 41
0.18
 42
0.0625
 43
0.38
 44
0.18
 45
0.0
 46
0.0
 47
0.0
 48
0.0
140
0.18
141
0.09
142
0.0
143
25.4
144
1.0
145
0.0
146
1.0
147
0.09
 71
     0
 72
     0
 73
     1
 74
     1
 75
     0
 76
     0
 77
     0
 78
     0
170
     0
171
     2
172
     0
173
     0
174
     0
175
     0
176
     0
177
     0
178
     0
270
     2
271
     4
272
     4
273
     2
274
     2
340
11
275
     0
280
     0
281
     0
282
     0
283
     1
284
     0
285
     0
286
     0
287
     3
288
     0
  0
DIMSTYLE
105
72
330
A
100
AcDbSymbolTableRecord
100
AcDbDimStyleTableRecord
  2
ONSHAPE-STANDARD
 70
     0
  3

  4

  5

  6

  7

 40
1.0
 41
0.18
 42
0.0625
 43
0.38
 44
0.08
 45
0.0
 46
0.0
 47
0.0
 48
0.0
140
0.12
141
0.09
142
0.0
143
25.4
144
1.0
145
0.0
146
1.0
147
0.09
 71
     0
 72
     0
 73
     1
 74
     1
 75
     0
 76
     0
 77
     0
 78
     7
170
     0
171
     2
172
     0
173
     0
174
     0
175
     0
176
     7
177
     7
178
     7
179
     1
270
     2
271
     3
272
     3
273
     2
274
     2
340
73
275
     0
280
     0
281
     0
282
     0
283
     1
284
     7
285
     7
286
     0
287
     3
288
     1
  0
DIMSTYLE
105
39E
102
{ACAD_REACTORS
330
396
330
3AF
330
3BD
102
}
330
A
100
AcDbSymbolTableRecord
100
AcDbDimStyleTableRecord
  2
ONSHAPE-STANDARD$3
 70
     0
  3

  4

  5

  6

  7

 40
1.0
 41
0.18
 42
0.0625
 43
0.38
 44
0.08
 45
0.0
 46
0.0
 47
0.0
 48
0.0
140
0.12
141
0.0
142
0.0
143
25.4
144
1.0
145
0.0
146
1.0
147
0.09
 71
     0
 72
     0
 73
     1
 74
     1
 75
     0
 76
     0
 77
     0
 78
     7
170
     0
171
     2
172
     0
173
     0
174
     0
175
     0
176
     7
177
     7
178
     7
179
     1
270
     2
271
     3
272
     3
273
     2
274
     2
340
73
275
     0
280
     0
281
     0
282
     0
283
     1
284
     7
285
     7
286
     0
287
     3
288
     1
  0
DIMSTYLE
105
3D1
102
{ACAD_REACTORS
330
3CB
330
3DF
330
3F2
330
407
330
41A
102
}
330
A
100
AcDbSymbolTableRecord
100
AcDbDimStyleTableRecord
  2
ONSHAPE-STANDARD$0
 70
     0
  3

  4

  5

  6

  7

 40
1.0
 41
0.18
 42
0.0625
 43
0.38
 44
0.08
 45
0.0
 46
0.0
 47
0.0
 48
0.0
140
0.12
141
0.09
142
0.0
143
25.4
144
1.0
145
0.0
146
1.0
147
0.09
 71
     0
 72
     0
 73
     1
 74
     1
 75
     0
 76
     0
 77
     0
 78
     7
170
     0
171
     2
172
     0
173
     0
174
     0
175
     0
176
     7
177
     7
178
     7
179
     1
270
     2
271
     3
272
     3
273
     2
274
     2
340
73
275
     0
280
     0
281
     0
282
     0
283
     1
284
     7
285
     7
286
     0
287
     3
288
     1
  0
DIMSTYLE
105
431
102
{ACAD_REACTORS
330
42D
330
441
102
}
330
A
100
AcDbSymbolTableRecord
100
AcDbDimStyleTableRecord
  2
ONSHAPE-STANDARD$2
 70
     0
  3

  4

  5

  6

  7

 40
1.0
 41
0.18
 42
0.0625
 43
0.38
 44
0.08
 45
0.0
 46
0.0
 47
0.0
 48
0.0
140
0.12
141
0.09
142
0.0
143
25.4
144
1.0
145
0.0
146
1.0
147
0.09
 71
     0
 72
     0
 73
     1
 74
     1
 75
     0
 76
     0
 77
     0
 78
     7
170
     0
171
     2
172
     0
173
     0
174
     0
175
     0
176
     7
177
     7
178
     7
179
     1
270
     2
271
     3
272
     3
273
     2
274
     2
340
73
275
     0
280
     0
281
     0
282
     0
283
     1
284
     7
285
     7
286
     0
287
     3
288
     1
  0
DIMSTYLE
105
485
330
A
100
AcDbSymbolTableRecord
100
AcDbDimStyleTableRecord
  2
ANSI
 70
     0
  3

  4
mm
  5

  6

  7

 40
1.0
 41
0.12
 42
0.05
 43
0.5
 44
0.1
 45
0.0
 46
0.0
 47
0.1
 48
0.1
140
0.12
141
0.0
142
0.0
143
25.4
144
1.0
145
0.0
146
0.71
147
0.06
 71
     0
 72
     0
 73
     1
 74
     1
 75
     0
 76
     0
 77
     0
 78
     7
170
     0
171
     2
172
     0
173
     0
174
     0
175
     0
176
     7
177
     7
178
     7
270
     2
271
     3
272
     4
273
     2
274
     2
340
11
275
     0
280
     0
281
     0
282
     0
283
     1
284
     7
285
     7
286
     0
287
     3
288
     1
  0
DIMSTYLE
105
486
330
A
100
AcDbSymbolTableRecord
100
AcDbDimStyleTableRecord
  2
ANSI$3
 70
     0
  3

  4
mm
  5

  6

  7

 40
1.0
 41
0.12
 42
0.05
 43
0.5
 44
0.1
 45
0.0
 46
0.0
 47
0.1
 48
0.1
140
0.12
141
0.0
142
0.0
143
25.4
144
1.0
145
0.0
146
0.71
147
0.06
 71
     0
 72
     0
 73
     1
 74
     1
 75
     0
 76
     0
 77
     0
 78
     7
170
     0
171
     2
172
     0
173
     0
174
     0
175
     0
176
     7
177
     7
178
     7
270
     2
271
     3
272
     4
273
     2
274
     2
340
11
275
     0
280
     0
281
     0
282
     0
283
     1
284
     7
285
     7
286
     0
288
     1
  0
DIMSTYLE
105
487
330
A
100
AcDbSymbolTableRecord
100
AcDbDimStyleTableRecord
  2
ANSI$4
 70
     0
  3

  4
mm
  5

  6

  7

 40
1.0
 41
0.12
 42
0.05
 43
0.5
 44
0.1
 45
0.0
 46
0.0
 47
0.1
 48
0.1
140
0.12
141
0.0
142
0.0
143
25.4
144
1.0
145
0.0
146
0.71
147
0.06
 71
     0
 72
     0
 73
     1
 74
     1
 75
     0
 76
     0
 77
     0
 78
     7
170
     0
171
     2
172
     0
173
     0
174
     0
175
     0
176
     7
177
     7
178
     7
270
     2
271
     3
272
     4
273
     2
274
     2
340
11
275
     0
280
     0
281
     0
282
     0
283
     1
284
     7
285
     7
286
     0
287
     3
288
     1
  0
DIMSTYLE
105
488
330
A
100
AcDbSymbolTableRecord
100
AcDbDimStyleTableRecord
  2
ANSI$7
 70
     0
  3

  4
mm
  5

  6

  7

 40
1.0
 41
0.12
 42
0.05
 43
0.5
 44
0.1
 45
0.0
 46
0.0
 47
0.1
 48
0.1
140
0.12
141
0.0
142
0.0
143
25.4
144
1.0
145
0.0
146
0.71
147
0.06
 71
     0
 72
     0
 73
     1
 74
     1
 75
     0
 76
     0
 77
     0
 78
     7
170
     0
171
     2
172
     0
173
     0
174
     0
175
     0
176
     7
177
     7
178
     7
270
     2
271
     3
272
     4
273
     2
274
     2
340
11
275
     0
280
     0
281
     0
282
     0
283
     1
284
     7
285
     7
286
     0
287
     3
288
     1
  0
DIMSTYLE
105
489
330
A
100
AcDbSymbolTableRecord
100
AcDbDimStyleTableRecord
  2
ANSI$SF
 70
     0
  3

  4
mm
  5

  6

  7

 40
1.0
 41
0.12
 42
0.05
 43
0.5
 44
0.1
 45
0.0
 46
0.0
 47
0.1
 48
0.1
140
0.12
141
0.0
142
0.0
143
25.4
144
1.0
145
0.0
146
0.71
147
0.06
 71
     0
 72
     0
 73
     1
 74
     1
 75
     1
 76
     1
 77
     0
 78
     7
170
     0
171
     2
172
     0
173
     0
174
     0
175
     0
176
     7
177
     7
178
     7
270
     2
271
     3
272
     4
273
     2
274
     2
340
11
275
     0
280
     0
281
     0
282
     0
283
     1
284
     7
285
     7
286
     0
287
     3
288
     1
  0
DIMSTYLE
105
48A
330
A
100
AcDbSymbolTableRecord
100
AcDbDimStyleTableRecord
  2
ANSI$SH
 70
     0
  3

  4
mm
  5

  6

  7

 40
1.0
 41
0.12
 42
0.05
 43
0.5
 44
0.1
 45
0.0
 46
0.0
 47
0.1
 48
0.1
140
0.12
141
0.0
142
0.0
143
25.4
144
1.0
145
0.0
146
0.71
147
0.06
 71
     0
 72
     0
 73
     1
 74
     1
 75
     1
 76
     1
 77
     0
 78
     7
170
     0
171
     2
172
     0
173
     1
174
     0
175
     0
176
     7
177
     7
178
     7
270
     2
271
     3
272
     4
273
     2
274
     2
340
11
275
     0
280
     0
281
     0
282
     0
283
     1
284
     7
285
     7
286
     0
287
     3
288
     1
  0
DIMSTYLE
105
48C
330
A
100
AcDbSymbolTableRecord
100
AcDbDimStyleTableRecord
  2
ONSHAPE-STANDARD$4
 70
     0
  3

  4

  5

  6

  7

 40
1.0
 41
0.18
 42
0.0625
 43
0.38
 44
0.08
 45
0.0
 46
0.0
 47
0.0
 48
0.0
140
0.12
141
0.0
142
0.0
143
25.4
144
1.0
145
0.0
146
1.0
147
0.09
 71
     0
 72
     0
 73
     1
 74
     1
 75
     0
 76
     0
 77
     0
 78
     7
170
     0
171
     2
172
     0
173
     0
174
     0
175
     0
176
     7
177
     7
178
     7
179
     1
270
     2
271
     3
272
     3
273
     2
274
     2
340
73
275
     0
280
     0
281
     0
282
     0
283
     1
284
     7
285
     7
286
     0
287
     3
288
     1
  0
DIMSTYLE
105
48D
330
A
100
AcDbSymbolTableRecord
100
AcDbDimStyleTableRecord
  2
ONSHAPE-STANDARD$6
 70
     0
  3

  4

  5

  6

  7

 40
1.0
 41
0.02
 42
0.0625
 43
0.38
 44
0.08
 45
0.0
 46
0.0
 47
0.0
 48
0.0
140
0.12
141
0.09
142
0.0
143
25.4
144
1.0
145
0.0
146
1.0
147
0.09
 71
     0
 72
     0
 73
     1
 74
     1
 75
     0
 76
     0
 77
     0
 78
     7
170
     0
171
     2
172
     0
173
     0
174
     0
175
     0
176
     7
177
     7
178
     7
179
     1
270
     2
271
     3
272
     3
273
     2
274
     2
340
73
275
     0
280
     0
281
     0
282
     0
283
     1
284
     7
285
     7
286
     0
287
     3
288
     1
  0
DIMSTYLE
105
48E
330
A
100
AcDbSymbolTableRecord
100
AcDbDimStyleTableRecord
  2
ONSHAPE-STANDARD$7
 70
     0
  3

  4

  5

  6

  7

 40
1.0
 41
0.18
 42
0.0625
 43
0.38
 44
0.08
 45
0.0
 46
0.0
 47
0.0
 48
0.0
140
0.12
141
0.09
142
0.0
143
25.4
144
1.0
145
0.0
146
1.0
147
0.09
 71
     0
 72
     0
 73
     1
 74
     1
 75
     0
 76
     0
 77
     0
 78
     7
170
     0
171
     2
172
     0
173
     0
174
     0
175
     0
176
     7
177
     7
178
     7
179
     1
270
     2
271
     3
272
     3
273
     2
274
     2
340
73
275
     0
280
     0
281
     0
282
     0
283
     1
284
     7
285
     7
286
     0
287
     3
288
     1
  0
DIMSTYLE
105
48F
330
A
100
AcDbSymbolTableRecord
100
AcDbDimStyleTableRecord
  2
ONSHAPE-STANDARD-GTOLERANC
 70
     0
  3

  4

  5

  6

  7

 40
1.0
 41
0.18
 42
0.0625
 43
0.38
 44
0.08
 45
0.0
 46
0.0
 47
0.0
 48
0.0
140
0.12
141
0.09
142
0.0
143
25.4
144
1.0
145
0.0
146
1.0
147
0.09
 71
     0
 72
     0
 73
     1
 74
     1
 75
     0
 76
     0
 77
     0
 78
     7
170
     0
171
     2
172
     0
173
     0
174
     0
175
     0
176
     7
177
     7
178
     7
179
     1
270
     2
271
     3
272
     3
273
     2
274
     2
340
469
275
     0
280
     0
281
     0
282
     0
283
     1
284
     7
285
     7
286
     0
287
     3
288
     1
  0
DIMSTYLE
105
491
330
A
100
AcDbSymbolTableRecord
100
AcDbDimStyleTableRecord
  2
ONSHAPE-ORDINATESTYLE
 70
     0
  3

  4

  5

  6

  7

 40
1.0
 41
0.02
 42
0.0625
 43
0.38
 44
0.08
 45
0.0
 46
0.0
 47
0.0
 48
0.0
140
0.12
141
0.09
142
0.0
143
25.4
144
1.0
145
0.0
146
1.0
147
0.09
 71
     0
 72
     0
 73
     1
 74
     1
 75
     0
 76
     0
 77
     0
 78
     7
170
     0
171
     2
172
     0
173
     0
174
     0
175
     0
176
     7
177
     7
178
     7
179
     1
270
     2
271
     3
272
     3
273
     2
274
     2
340
73
275
     0
280
     0
281
     0
282
     0
283
     1
284
     7
285
     7
286
     0
287
     3
288
     1
  0
DIMSTYLE
105
492
330
A
100
AcDbSymbolTableRecord
100
AcDbDimStyleTableRecord
  2
ONSHAPE-CHAMFERDIMSTYLE
 70
     0
  3

  4

  5

  6

  7

 40
1.0
 41
0.18
 42
0.0625
 43
0.38
 44
0.08
 45
0.0
 46
0.0
 47
0.0
 48
0.0
140
0.12
141
0.09
142
0.0
143
25.4
144
1.0
145
0.0
146
1.0
147
0.09
 71
     0
 72
     0
 73
     1
 74
     1
 75
     0
 76
     0
 77
     0
 78
     7
170
     0
171
     2
172
     0
173
     0
174
     0
175
     0
176
     7
177
     7
178
     7
179
     1
270
     2
271
     3
272
     3
273
     2
274
     2
340
73
275
     0
280
     0
281
     0
282
     0
283
     1
284
     7
285
     7
286
     0
287
     3
288
     1
  0
DIMSTYLE
105
493
330
A
100
AcDbSymbolTableRecord
100
AcDbDimStyleTableRecord
  2
ONSHAPE-SKETCHDRIVENDIMSTY
 70
     0
  3

  4

  5

  6

  7

 40
1.0
 41
0.18
 42
0.0625
 43
0.38
 44
0.08
 45
0.0
 46
0.0
 47
0.0
 48
0.0
140
0.12
141
0.09
142
0.0
143
25.4
144
1.0
145
0.0
146
1.0
147
0.09
 71
     0
 72
     0
 73
     1
 74
     1
 75
     0
 76
     0
 77
     0
 78
     7
170
     0
171
     2
172
     0
173
     0
174
     0
175
     0
176
   251
177
   251
178
   251
179
     1
270
     2
271
     3
272
     3
273
     2
274
     2
340
73
275
     0
280
     0
281
     0
282
     0
283
     1
284
     7
285
     7
286
     0
287
     3
288
     1
  0
DIMSTYLE
105
494
330
A
100
AcDbSymbolTableRecord
100
AcDbDimStyleTableRecord
  2
ONSHAPE-SKETCHDRIVENDIMST0
 70
     0
  3

  4

  5

  6

  7

 40
1.0
 41
0.18
 42
0.0625
 43
0.38
 44
0.08
 45
0.0
 46
0.0
 47
0.0
 48
0.0
140
0.12
141
0.09
142
0.0
143
25.4
144
1.0
145
0.0
146
1.0
147
0.09
 71
     0
 72
     0
 73
     1
 74
     1
 75
     0
 76
     0
 77
     0
 78
     7
170
     0
171
     2
172
     0
173
     0
174
     0
175
     0
176
   251
177
   251
178
   251
179
     1
270
     2
271
     3
272
     3
273
     2
274
     2
340
73
275
     0
280
     0
281
     0
282
     0
283
     1
284
     7
285
     7
286
     0
287
     3
288
     1
  0
DIMSTYLE
105
495
330
A
100
AcDbSymbolTableRecord
100
AcDbDimStyleTableRecord
  2
ONSHAPE-SKETCHDRIVENDIMST1
 70
     0
  3

  4

  5

  6

  7

 40
1.0
 41
0.18
 42
0.0625
 43
0.38
 44
0.08
 45
0.0
 46
0.0
 47
0.0
 48
0.0
140
0.12
141
0.0
142
0.0
143
25.4
144
1.0
145
0.0
146
1.0
147
0.09
 71
     0
 72
     0
 73
     1
 74
     1
 75
     0
 76
     0
 77
     0
 78
     7
170
     0
171
     2
172
     0
173
     0
174
     0
175
     0
176
   251
177
   251
178
   251
179
     1
270
     2
271
     3
272
     3
273
     2
274
     2
340
73
275
     0
280
     0
281
     0
282
     0
283
     1
284
     7
285
     7
286
     0
287
     3
288
     1
  0
DIMSTYLE
105
496
330
A
100
AcDbSymbolTableRecord
100
AcDbDimStyleTableRecord
  2
ONSHAPE-SKETCHDRIVENDIMST2
 70
     0
  3

  4

  5

  6

  7

 40
1.0
 41
0.18
 42
0.0625
 43
0.38
 44
0.08
 45
0.0
 46
0.0
 47
0.0
 48
0.0
140
0.12
141
0.0
142
0.0
143
25.4
144
1.0
145
0.0
146
1.0
147
0.09
 71
     0
 72
     0
 73
     1
 74
     1
 75
     0
 76
     0
 77
     0
 78
     7
170
     0
171
     2
172
     0
173
     0
174
     0
175
     0
176
   251
177
   251
178
   251
179
     1
270
     2
271
     3
272
     3
273
     2
274
     2
340
73
275
     0
280
     0
281
     0
282
     0
283
     1
284
     7
285
     7
286
     0
287
     3
288
     1
  0
ENDTAB
  0
TABLE
  2
BLOCK_RECORD
  5
1
330
0
100
AcDbSymbolTable
 70
    12
  0
BLOCK_RECORD
  5
1F
330
1
100
AcDbSymbolTableRecord
100
AcDbBlockTableRecord
  2
*MODEL_SPACE
  0
BLOCK_RECORD
  5
1B
330
1
100
AcDbSymbolTableRecord
100
AcDbBlockTableRecord
  2
*PAPER_SPACE
  0
BLOCK_RECORD
  5
361
330
1
100
AcDbSymbolTableRecord
100
AcDbBlockTableRecord
  2
*U1
1001
ONSHAPE_HOLECALLOUT_TEXT_J
1070
     5
  0
BLOCK_RECORD
  5
37E
330
1
100
AcDbSymbolTableRecord
100
AcDbBlockTableRecord
  2
*U2
1001
ONSHAPE_HOLECALLOUT_TEXT_J
1070
     5
  0
BLOCK_RECORD
  5
3A0
330
1
100
AcDbSymbolTableRecord
100
AcDbBlockTableRecord
  2
*D3
  0
BLOCK_RECORD
  5
3B4
330
1
100
AcDbSymbolTableRecord
100
AcDbBlockTableRecord
  2
*D4
  0
BLOCK_RECORD
  5
3C2
330
1
100
AcDbSymbolTableRecord
100
AcDbBlockTableRecord
  2
*D5
  0
BLOCK_RECORD
  5
3D2
330
1
100
AcDbSymbolTableRecord
100
AcDbBlockTableRecord
  2
*D6
  0
BLOCK_RECORD
  5
3E5
330
1
100
AcDbSymbolTableRecord
100
AcDbBlockTableRecord
  2
*D7
  0
BLOCK_RECORD
  5
3F8
330
1
100
AcDbSymbolTableRecord
100
AcDbBlockTableRecord
  2
*D8
  0
BLOCK_RECORD
  5
40D
330
1
100
AcDbSymbolTableRecord
100
AcDbBlockTableRecord
  2
*D9
  0
BLOCK_RECORD
  5
420
330
1
100
AcDbSymbolTableRecord
100
AcDbBlockTableRecord
  2
*D10
  0
BLOCK_RECORD
  5
432
330
1
100
AcDbSymbolTableRecord
100
AcDbBlockTableRecord
  2
*D11
  0
BLOCK_RECORD
  5
445
330
1
100
AcDbSymbolTableRecord
100
AcDbBlockTableRecord
  2
*D12
  0
ENDTAB
  0
ENDSEC
  0
SECTION
  2
BLOCKS
  0
BLOCK
  5
20
330
1F
100
AcDbEntity
  8
0
100
AcDbBlockBegin
  2
*MODEL_SPACE
 70
     0
 10
0.0
 20
0.0
 30
0.0
  3
*MODEL_SPACE
  1

  0
ENDBLK
  5
21
330
1F
100
AcDbEntity
  8
0
100
AcDbBlockEnd
  0
BLOCK
  5
1C
330
1B
100
AcDbEntity
 67
     1
  8
0
100
AcDbBlockBegin
  2
*PAPER_SPACE
 70
     0
 10
0.0
 20
0.0
 30
0.0
  3
*PAPER_SPACE
  1

  0
ENDBLK
  5
1D
330
1B
100
AcDbEntity
 67
     1
  8
0
100
AcDbBlockEnd
  0
BLOCK
  5
365
330
361
100
AcDbEntity
  8
0
100
AcDbBlockBegin
  2
*U1
 70
     3
 10
-0.09
 20
-0.0650272479564033
 30
0.0
  3
*U1
  1

  0
MTEXT
  5
36D
330
361
100
AcDbEntity
  8
ANNOTATION_TEXT
 62
     0
100
AcDbMText
 10
0.0
 20
-0.1265395095367847
 30
0.0
 40
0.12
 41
0.0
 71
     7
 72
     1
  1
8x
  7
ONSHAPE-STANDARD-HOLE-CALL
  0
MTEXT
  5
36F
330
361
100
AcDbEntity
  8
ANNOTATION_TEXT
 62
     0
100
AcDbMText
 10
0.1862942779291553
 20
-0.1300544959128065
 30
0.0
 40
0.12
 41
0.0
 71
     7
 72
     1
  1
%%c.266
  7
ONSHAPE-STANDARD-HOLE-CALL
  0
MTEXT
  5
370
330
361
100
AcDbEntity
  8
ANNOTATION_TEXT
 62
     0
100
AcDbMText
 10
0.6380108991825613
 20
-0.1265395095367847
 30
0.0
 40
0.12
 41
0.0
 71
     7
 72
     1
  1
 THRU
  7
ONSHAPE-STANDARD-HOLE-CALL
  0
ENDBLK
  5
371
330
361
100
AcDbEntity
  8
0
100
AcDbBlockEnd
  0
BLOCK
  5
382
330
37E
100
AcDbEntity
  8
0
100
AcDbBlockBegin
  2
*U2
 70
     3
 10
-0.09
 20
-0.1682319048798613
 30
0.0
  3
*U2
  1

  0
MTEXT
  5
38A
330
37E
100
AcDbEntity
  8
ANNOTATION_TEXT
 62
     0
100
AcDbMText
 10
0.0779516968045579
 20
-0.1249046321525885
 30
0.0
 40
0.12
 41
0.0
 71
     7
 72
     1
  1
4x
  7
ONSHAPE-STANDARD-HOLE-CALL
  0
MTEXT
  5
38C
330
37E
100
AcDbEntity
  8
ANNOTATION_TEXT
 62
     0
100
AcDbMText
 10
0.2689053752786724
 20
-0.1300544959128065
 30
0.0
 40
0.12
 41
0.0
 71
     7
 72
     1
  1
%%c.266
  7
ONSHAPE-STANDARD-HOLE-CALL
  0
MTEXT
  5
38D
330
37E
100
AcDbEntity
  8
ANNOTATION_TEXT
 62
     0
100
AcDbMText
 10
0.7206219965320784
 20
-0.1265395095367847
 30
0.0
 40
0.12
 41
0.0
 71
     7
 72
     1
  1
 THRU
  7
ONSHAPE-STANDARD-HOLE-CALL
  0
MTEXT
  5
38E
330
37E
100
AcDbEntity
  8
ANNOTATION_TEXT
 62
     0
100
AcDbMText
 10
0.0
 20
-0.3364638097597226
 30
0.0
 40
0.12
 41
0.0
 71
     7
 72
     1
  1
{\fDrawing Symbols Sans|c0;\U+2334}%%c.438
  7
ONSHAPE-STANDARD-HOLE-CALL
  0
MTEXT
  5
38F
330
37E
100
AcDbEntity
  8
ANNOTATION_TEXT
 62
     0
100
AcDbMText
 10
0.7347156799603667
 20
-0.3364638097597226
 30
0.0
 40
0.12
 41
0.0
 71
     7
 72
     1
  1
 {\fDrawing Symbols Sans|c0;\U+21A7}.250
  7
ONSHAPE-STANDARD-HOLE-CALL
  0
ENDBLK
  5
390
330
37E
100
AcDbEntity
  8
0
100
AcDbBlockEnd
  0
BLOCK
  5
3A1
330
3A0
100
AcDbEntity
  8
0
100
AcDbBlockBegin
  2
*D3
 70
     1
 10
0.0
 20
0.0
 30
0.0
  3
*D3
  1

  0
LINE
  5
3A2
330
3A0
100
AcDbEntity
  8
ANNOTATION_TEXT
 62
     7
100
AcDbLine
 10
4.486836327847507
 20
7.735738679936702
 30
0.0
 11
4.306836327847506
 21
7.735738679936702
 31
0.0
1001
INDEX
1070
     3
  0
LINE
  5
3A4
330
3A0
100
AcDbEntity
  8
ANNOTATION_TEXT
 62
     7
100
AcDbLine
 10
4.306836327847506
 20
7.735738679936702
 30
0.0
 11
3.832340032311142
 21
7.410791165223543
 31
0.0
1001
INDEX
1070
     3
  0
MTEXT
  5
3A5
330
3A0
100
AcDbEntity
  8
ANNOTATION_TEXT
 62
     7
100
AcDbMText
 10
4.846877199782112
 20
7.735738679936702
 30
0.0
 40
0.12
 41
0.0
 71
     5
 72
     1
  1
\A1;%%c4.750
  7
ONSHAPE-STANDARD-DIMENSION
  0
SOLID
  5
3A6
330
3A0
100
AcDbEntity
  8
ANNOTATION_TEXT
 62
     7
100
AcDbTrace
 10
3.815389135706639
 20
7.435543278351586
 30
0.0
 11
3.849290928915645
 21
7.3860390520955
 31
0.0
 12
3.683827353542883
 22
7.309085785596525
 32
0.0
 13
3.683827353542883
 23
7.309085785596525
 33
0.0
  0
ARC
  5
3A7
330
3A0
100
AcDbEntity
  8
ANNOTATION_TEXT
 62
     7
100
AcDbCircle
 10
2.704056208891172
 20
6.638112795001615
 30
0.0
 40
1.1875
100
AcDbArc
 50
30.54371022840013
 51
35.27870916698912
  0
POINT
  5
3A8
330
3A0
100
AcDbEntity
  8
DEFPOINTS
 62
     0
100
AcDbPoint
 10
3.683827353542883
 20
7.309085785596525
 30
0.0
  0
POINT
  5
3A9
330
3A0
100
AcDbEntity
  8
DEFPOINTS
 62
     0
100
AcDbPoint
 10
1.724285064239461
 20
5.967139804406705
 30
0.0
  0
ENDBLK
  5
3AA
330
3A0
100
AcDbEntity
  8
0
100
AcDbBlockEnd
  0
BLOCK
  5
3B5
330
3B4
100
AcDbEntity
  8
0
100
AcDbBlockBegin
  2
*D4
 70
     1
 10
0.0
 20
0.0
 30
0.0
  3
*D4
  1

  0
LINE
  5
3B6
330
3B4
100
AcDbEntity
  8
ANNOTATION_TEXT
 62
     7
100
AcDbLine
 10
6.726488152827909
 20
4.089004869894739
 30
0.0
 11
6.90648815282791
 21
4.089004869894739
 31
0.0
1001
INDEX
1070
     3
  0
LINE
  5
3B7
330
3B4
100
AcDbEntity
  8
ANNOTATION_TEXT
 62
     7
100
AcDbLine
 10
6.90648815282791
 20
4.089004869894739
 30
0.0
 11
7.51207149058474
 21
4.272156852849339
 31
0.0
1001
INDEX
1070
     3
  0
MTEXT
  5
3B8
330
3B4
100
AcDbEntity
  8
ANNOTATION_TEXT
 62
     7
100
AcDbMText
 10
6.366447280893304
 20
4.089004869894739
 30
0.0
 40
0.12
 41
0.0
 71
     5
 72
     1
  1
\A1;%%c1.750
  7
ONSHAPE-STANDARD-DIMENSION
  0
SOLID
  5
3B9
330
3B4
100
AcDbEntity
  8
ANNOTATION_TEXT
 62
     7
100
AcDbTrace
 10
7.520756158121217
 20
4.243441411884923
 30
0.0
 11
7.503386823048262
 21
4.300872293813756
 31
0.0
 12
7.684364136371235
 22
4.324264858068205
 32
0.0
 13
7.684364136371235
 23
4.324264858068205
 33
0.0
  0
POINT
  5
3BA
330
3B4
100
AcDbEntity
  8
DEFPOINTS
 62
     0
100
AcDbPoint
 10
7.684364136371235
 20
4.324264858068205
 30
0.0
  0
POINT
  5
3BB
330
3B4
100
AcDbEntity
  8
DEFPOINTS
 62
     0
100
AcDbPoint
 10
8.521897831166696
 20
4.577567661215469
 30
0.0
  0
ENDBLK
  5
3BC
330
3B4
100
AcDbEntity
  8
0
100
AcDbBlockEnd
  0
BLOCK
  5
3C3
330
3C2
100
AcDbEntity
  8
0
100
AcDbBlockBegin
  2
*D5
 70
     1
 10
0.0
 20
0.0
 30
0.0
  3
*D5
  1

  0
LINE
  5
3C4
330
3C2
100
AcDbEntity
  8
ANNOTATION_TEXT
 62
     7
100
AcDbLine
 10
9.30100637410752
 20
3.872367217813039
 30
0.0
 11
9.12100637410752
 21
3.872367217813039
 31
0.0
1001
INDEX
1070
     3
  0
LINE
  5
3C5
330
3C2
100
AcDbEntity
  8
ANNOTATION_TEXT
 62
     7
100
AcDbLine
 10
9.12100637410752
 20
3.872367217813039
 30
0.0
 11
8.531300254928121
 21
4.207549611896015
 31
0.0
1001
INDEX
1070
     3
  0
MTEXT
  5
3C6
330
3C2
100
AcDbEntity
  8
ANNOTATION_TEXT
 62
     7
100
AcDbMText
 10
9.661047246042124
 20
3.872367217813039
 30
0.0
 40
0.12
 41
0.0
 71
     5
 72
     1
  1
\A1;%%c1.250
  7
ONSHAPE-STANDARD-DIMENSION
  0
SOLID
  5
3C7
330
3C2
100
AcDbEntity
  8
ANNOTATION_TEXT
 62
     7
100
AcDbTrace
 10
8.546124619257816
 20
4.233630988819415
 30
0.0
 11
8.516475890598427
 21
4.181468234972614
 31
0.0
 12
8.37481199338772
 22
4.296495797874183
 32
0.0
 13
8.37481199338772
 23
4.296495797874183
 33
0.0
  0
POINT
  5
3C8
330
3C2
100
AcDbEntity
  8
DEFPOINTS
 62
     0
100
AcDbPoint
 10
8.37481199338772
 20
4.296495797874183
 30
0.0
  0
POINT
  5
3C9
330
3C2
100
AcDbEntity
  8
DEFPOINTS
 62
     0
100
AcDbPoint
 10
7.831449974150215
 20
4.60533672140949
 30
0.0
  0
ENDBLK
  5
3CA
330
3C2
100
AcDbEntity
  8
0
100
AcDbBlockEnd
  0
BLOCK
  5
3D3
330
3D2
100
AcDbEntity
  8
0
100
AcDbBlockBegin
  2
*D6
 70
     1
 10
0.0
 20
0.0
 30
0.0
  3
*D6
  1

  0
LINE
  5
3D4
330
3D2
100
AcDbEntity
  8
ANNOTATION_TEXT
 62
     7
100
AcDbLine
 10
1.454056208891172
 20
2.075916259641836
 30
0.0
 11
0.8865220802798708
 21
2.075916259641836
 31
0.0
1001
INDEX
1070
     0
  0
LINE
  5
3D5
330
3D2
100
AcDbEntity
  8
ANNOTATION_TEXT
 62
     7
100
AcDbLine
 10
1.480670232578252
 20
5.075916259641835
 30
0.0
 11
0.886522080279871
 21
5.075916259641835
 31
0.0
1001
INDEX
1070
     1
  0
LINE
  5
3D6
330
3D2
100
AcDbEntity
  8
ANNOTATION_TEXT
 62
     7
100
AcDbLine
 10
0.9665220802798707
 20
2.255916259641837
 30
0.0
 11
0.9665220802798709
 21
3.42403615065001
 31
0.0
1001
INDEX
1070
     3
  0
LINE
  5
3D7
330
3D2
100
AcDbEntity
  8
ANNOTATION_TEXT
 62
     7
100
AcDbLine
 10
0.966522080279871
 20
4.895916259641836
 30
0.0
 11
0.9665220802798709
 21
3.727796368633661
 31
0.0
1001
INDEX
1070
     3
  0
SOLID
  5
3D8
330
3D2
100
AcDbEntity
  8
ANNOTATION_TEXT
 62
     7
100
AcDbTrace
 10
0.9365220802798707
 20
2.255916259641837
 30
0.0
 11
0.9965220802798708
 21
2.255916259641837
 31
0.0
 12
0.9665220802798707
 22
2.075916259641836
 32
0.0
 13
0.9665220802798707
 23
2.075916259641836
 33
0.0
  0
SOLID
  5
3D9
330
3D2
100
AcDbEntity
  8
ANNOTATION_TEXT
 62
     7
100
AcDbTrace
 10
0.996522080279871
 20
4.895916259641836
 30
0.0
 11
0.9365220802798709
 21
4.895916259641836
 31
0.0
 12
0.966522080279871
 22
5.075916259641835
 32
0.0
 13
0.966522080279871
 23
5.075916259641835
 33
0.0
  0
MTEXT
  5
3DA
330
3D2
100
AcDbEntity
  8
ANNOTATION_TEXT
 62
     7
100
AcDbMText
 10
0.9665220802798709
 20
3.575916259641836
 30
0.0
 40
0.12
 41
0.0
 71
     5
 72
     1
  1
\A1;6.000
  7
ONSHAPE-STANDARD-DIMENSION
  0
POINT
  5
3DB
330
3D2
100
AcDbEntity
  8
DEFPOINTS
 62
     0
100
AcDbPoint
 10
1.516556208891172
 20
2.075916259641836
 30
0.0
  0
POINT
  5
3DC
330
3D2
100
AcDbEntity
  8
DEFPOINTS
 62
     0
100
AcDbPoint
 10
1.543170232578252
 20
5.075916259641835
 30
0.0
  0
POINT
  5
3DD
330
3D2
100
AcDbEntity
  8
DEFPOINTS
 62
     0
100
AcDbPoint
 10
0.966522080279871
 20
5.075916259641835
 30
0.0
  0
ENDBLK
  5
3DE
330
3D2
100
AcDbEntity
  8
0
100
AcDbBlockEnd
  0
BLOCK
  5
3E6
330
3E5
100
AcDbEntity
  8
0
100
AcDbBlockBegin
  2
*D7
 70
     1
 10
0.0
 20
0.0
 30
0.0
  3
*D7
  1

  0
LINE
  5
3E7
330
3E5
100
AcDbEntity
  8
ANNOTATION_TEXT
 62
     7
100
AcDbLine
 10
2.054056208891172
 20
3.638416259641835
 30
0.0
 11
2.054056208891172
 21
3.655916259641836
 31
0.0
1001
INDEX
1070
     0
  0
LINE
  5
3E8
330
3E5
100
AcDbEntity
  8
ANNOTATION_TEXT
 62
     7
100
AcDbLine
 10
3.354056208891173
 20
3.638416259641836
 30
0.0
 11
3.354056208891173
 21
3.655916259641836
 31
0.0
1001
INDEX
1070
     1
  0
LINE
  5
3E9
330
3E5
100
AcDbEntity
  8
ANNOTATION_TEXT
 62
     7
100
AcDbLine
 10
2.234056208891172
 20
3.575916259641836
 30
0.0
 11
2.407857298809429
 21
3.575916259641836
 31
0.0
1001
INDEX
1070
     3
  0
LINE
  5
3EA
330
3E5
100
AcDbEntity
  8
ANNOTATION_TEXT
 62
     7
100
AcDbLine
 10
3.174056208891173
 20
3.575916259641836
 30
0.0
 11
3.000255118972916
 21
3.575916259641836
 31
0.0
1001
INDEX
1070
     3
  0
SOLID
  5
3EB
330
3E5
100
AcDbEntity
  8
ANNOTATION_TEXT
 62
     7
100
AcDbTrace
 10
2.234056208891172
 20
3.605916259641836
 30
0.0
 11
2.234056208891172
 21
3.545916259641836
 31
0.0
 12
2.054056208891172
 22
3.575916259641836
 32
0.0
 13
2.054056208891172
 23
3.575916259641836
 33
0.0
  0
SOLID
  5
3EC
330
3E5
100
AcDbEntity
  8
ANNOTATION_TEXT
 62
     7
100
AcDbTrace
 10
3.174056208891173
 20
3.545916259641836
 30
0.0
 11
3.174056208891173
 21
3.605916259641836
 31
0.0
 12
3.354056208891173
 22
3.575916259641836
 32
0.0
 13
3.354056208891173
 23
3.575916259641836
 33
0.0
  0
MTEXT
  5
3ED
330
3E5
100
AcDbEntity
  8
ANNOTATION_TEXT
 62
     7
100
AcDbMText
 10
2.704056208891172
 20
3.575916259641836
 30
0.0
 40
0.12
 41
0.0
 71
     5
 72
     1
  1
\A1;2.600
  7
ONSHAPE-STANDARD-DIMENSION
  0
POINT
  5
3EE
330
3E5
100
AcDbEntity
  8
DEFPOINTS
 62
     0
100
AcDbPoint
 10
2.054056208891172
 20
3.575916259641835
 30
0.0
  0
POINT
  5
3EF
330
3E5
100
AcDbEntity
  8
DEFPOINTS
 62
     0
100
AcDbPoint
 10
3.354056208891173
 20
3.575916259641836
 30
0.0
  0
POINT
  5
3F0
330
3E5
100
AcDbEntity
  8
DEFPOINTS
 62
     0
100
AcDbPoint
 10
3.354056208891173
 20
3.575916259641836
 30
0.0
  0
ENDBLK
  5
3F1
330
3E5
100
AcDbEntity
  8
0
100
AcDbBlockEnd
  0
BLOCK
  5
3F9
330
3F8
100
AcDbEntity
  8
0
100
AcDbBlockBegin
  2
*D8
 70
     1
 10
0.0
 20
0.0
 30
0.0
  3
*D8
  1

  0
LINE
  5
3FA
330
3F8
100
AcDbEntity
  8
ANNOTATION_TEXT
 62
     7
100
AcDbLine
 10
2.188905808164999
 20
5.755188132322791
 30
0.0
 11
2.188905808164999
 21
5.077632606226208
 31
0.0
1001
INDEX
1070
     0
  0
LINE
  5
3FB
330
3F8
100
AcDbEntity
  8
ANNOTATION_TEXT
 62
     7
100
AcDbLine
 10
3.219206609617348
 20
5.755188132322791
 30
0.0
 11
3.219206609617348
 21
5.077632606226208
 31
0.0
1001
INDEX
1070
     1
  0
LINE
  5
3FC
330
3F8
100
AcDbEntity
  8
ANNOTATION_TEXT
 62
     7
100
AcDbLine
 10
2.368905808164999
 20
5.157632606226208
 30
0.0
 11
2.422325963659566
 21
5.157632606226208
 31
0.0
1001
INDEX
1070
     3
  0
LINE
  5
3FD
330
3F8
100
AcDbEntity
  8
ANNOTATION_TEXT
 62
     7
100
AcDbLine
 10
3.039206609617347
 20
5.157632606226208
 30
0.0
 11
2.985786454122781
 21
5.157632606226208
 31
0.0
1001
INDEX
1070
     3
  0
SOLID
  5
3FE
330
3F8
100
AcDbEntity
  8
ANNOTATION_TEXT
 62
     7
100
AcDbTrace
 10
2.368905808164999
 20
5.187632606226209
 30
0.0
 11
2.368905808164999
 21
5.127632606226208
 31
0.0
 12
2.188905808164999
 22
5.157632606226208
 32
0.0
 13
2.188905808164999
 23
5.157632606226208
 33
0.0
  0
SOLID
  5
3FF
330
3F8
100
AcDbEntity
  8
ANNOTATION_TEXT
 62
     7
100
AcDbTrace
 10
3.039206609617347
 20
5.127632606226208
 30
0.0
 11
3.039206609617347
 21
5.187632606226209
 31
0.0
 12
3.219206609617348
 22
5.157632606226208
 32
0.0
 13
3.219206609617348
 23
5.157632606226208
 33
0.0
  0
MTEXT
  5
400
330
3F8
100
AcDbEntity
  8
ANNOTATION_TEXT
 62
     7
100
AcDbMText
 10
2.704056208891173
 20
5.157632606226208
 30
0.0
 40
0.12
 41
0.0
 71
     5
 72
     1
  1
\A1;2.061
  7
ONSHAPE-STANDARD-DIMENSION
  0
POINT
  5
401
330
3F8
100
AcDbEntity
  8
DEFPOINTS
 62
     0
100
AcDbPoint
 10
2.188905808164999
 20
5.817688132322791
 30
0.0
  0
POINT
  5
402
330
3F8
100
AcDbEntity
  8
DEFPOINTS
 62
     0
100
AcDbPoint
 10
3.219206609617348
 20
5.817688132322791
 30
0.0
  0
POINT
  5
403
330
3F8
100
AcDbEntity
  8
DEFPOINTS
 62
     0
100
AcDbPoint
 10
3.219206609617348
 20
5.157632606226208
 30
0.0
  0
ENDBLK
  5
404
330
3F8
100
AcDbEntity
  8
0
100
AcDbBlockEnd
  0
BLOCK
  5
40E
330
40D
100
AcDbEntity
  8
0
100
AcDbBlockBegin
  2
*D9
 70
     1
 10
0.0
 20
0.0
 30
0.0
  3
*D9
  1

  0
LINE
  5
40F
330
40D
100
AcDbEntity
  8
ANNOTATION_TEXT
 62
     7
100
AcDbLine
 10
2.126405808165
 20
5.817688132322792
 30
0.0
 11
0.8865220802798712
 21
5.817688132322792
 31
0.0
1001
INDEX
1070
     0
  0
LINE
  5
410
330
40D
100
AcDbEntity
  8
ANNOTATION_TEXT
 62
     7
100
AcDbLine
 10
2.126405808164999
 20
7.45853745768044
 30
0.0
 11
0.8865220802798712
 21
7.45853745768044
 31
0.0
1001
INDEX
1070
     1
  0
LINE
  5
411
330
40D
100
AcDbEntity
  8
ANNOTATION_TEXT
 62
     7
100
AcDbLine
 10
0.9665220802798712
 20
5.997688132322792
 30
0.0
 11
0.9665220802798712
 21
6.486314429879
 31
0.0
1001
INDEX
1070
     3
  0
LINE
  5
412
330
40D
100
AcDbEntity
  8
ANNOTATION_TEXT
 62
     7
100
AcDbLine
 10
0.9665220802798712
 20
7.27853745768044
 30
0.0
 11
0.9665220802798712
 21
6.789911160124232
 31
0.0
1001
INDEX
1070
     3
  0
SOLID
  5
413
330
40D
100
AcDbEntity
  8
ANNOTATION_TEXT
 62
     7
100
AcDbTrace
 10
0.9365220802798712
 20
5.997688132322792
 30
0.0
 11
0.9965220802798712
 21
5.997688132322792
 31
0.0
 12
0.9665220802798712
 22
5.817688132322792
 32
0.0
 13
0.9665220802798712
 23
5.817688132322792
 33
0.0
  0
SOLID
  5
414
330
40D
100
AcDbEntity
  8
ANNOTATION_TEXT
 62
     7
100
AcDbTrace
 10
0.9965220802798712
 20
7.27853745768044
 30
0.0
 11
0.9365220802798712
 21
7.27853745768044
 31
0.0
 12
0.9665220802798712
 22
7.45853745768044
 32
0.0
 13
0.9665220802798712
 23
7.45853745768044
 33
0.0
  0
MTEXT
  5
415
330
40D
100
AcDbEntity
  8
ANNOTATION_TEXT
 62
     7
100
AcDbMText
 10
0.9665220802798712
 20
6.638112795001616
 30
0.0
 40
0.12
 41
0.0
 71
     5
 72
     1
  1
\A1;3.282
  7
ONSHAPE-STANDARD-DIMENSION
  0
POINT
  5
416
330
40D
100
AcDbEntity
  8
DEFPOINTS
 62
     0
100
AcDbPoint
 10
2.188905808165
 20
5.817688132322792
 30
0.0
  0
POINT
  5
417
330
40D
100
AcDbEntity
  8
DEFPOINTS
 62
     0
100
AcDbPoint
 10
2.188905808164999
 20
7.45853745768044
 30
0.0
  0
POINT
  5
418
330
40D
100
AcDbEntity
  8
DEFPOINTS
 62
     0
100
AcDbPoint
 10
0.9665220802798712
 20
7.45853745768044
 30
0.0
  0
ENDBLK
  5
419
330
40D
100
AcDbEntity
  8
0
100
AcDbBlockEnd
  0
BLOCK
  5
421
330
420
100
AcDbEntity
  8
0
100
AcDbBlockBegin
  2
*D10
 70
     1
 10
0.0
 20
0.0
 30
0.0
  3
*D10
  1

  0
LINE
  5
422
330
420
100
AcDbEntity
  8
ANNOTATION_TEXT
 62
     7
100
AcDbLine
 10
7.478130983768965
 20
4.788416259641836
 30
0.0
 11
7.478130983768965
 21
5.521007889628739
 31
0.0
1001
INDEX
1070
     0
  0
LINE
  5
423
330
420
100
AcDbEntity
  8
ANNOTATION_TEXT
 62
     7
100
AcDbLine
 10
8.728130983768965
 20
4.788416259641836
 30
0.0
 11
8.728130983768965
 21
5.521007889628739
 31
0.0
1001
INDEX
1070
     1
  0
LINE
  5
424
330
420
100
AcDbEntity
  8
ANNOTATION_TEXT
 62
     7
100
AcDbLine
 10
7.658130983768965
 20
5.441007889628739
 30
0.0
 11
7.806932073687221
 21
5.441007889628739
 31
0.0
1001
INDEX
1070
     3
  0
LINE
  5
425
330
420
100
AcDbEntity
  8
ANNOTATION_TEXT
 62
     7
100
AcDbLine
 10
8.548130983768965
 20
5.441007889628739
 30
0.0
 11
8.399329893850709
 21
5.441007889628739
 31
0.0
1001
INDEX
1070
     3
  0
SOLID
  5
426
330
420
100
AcDbEntity
  8
ANNOTATION_TEXT
 62
     7
100
AcDbTrace
 10
7.658130983768965
 20
5.471007889628739
 30
0.0
 11
7.658130983768965
 21
5.411007889628738
 31
0.0
 12
7.478130983768965
 22
5.441007889628739
 32
0.0
 13
7.478130983768965
 23
5.441007889628739
 33
0.0
  0
SOLID
  5
427
330
420
100
AcDbEntity
  8
ANNOTATION_TEXT
 62
     7
100
AcDbTrace
 10
8.548130983768965
 20
5.411007889628738
 30
0.0
 11
8.548130983768965
 21
5.471007889628739
 31
0.0
 12
8.728130983768965
 22
5.441007889628739
 32
0.0
 13
8.728130983768965
 23
5.441007889628739
 33
0.0
  0
MTEXT
  5
428
330
420
100
AcDbEntity
  8
ANNOTATION_TEXT
 62
     7
100
AcDbMText
 10
8.103130983768965
 20
5.441007889628739
 30
0.0
 40
0.12
 41
0.0
 71
     5
 72
     1
  1
\A1;2.500
  7
ONSHAPE-STANDARD-DIMENSION
  0
POINT
  5
429
330
420
100
AcDbEntity
  8
DEFPOINTS
 62
     0
100
AcDbPoint
 10
7.478130983768965
 20
4.725916259641836
 30
0.0
  0
POINT
  5
42A
330
420
100
AcDbEntity
  8
DEFPOINTS
 62
     0
100
AcDbPoint
 10
8.728130983768965
 20
4.725916259641836
 30
0.0
  0
POINT
  5
42B
330
420
100
AcDbEntity
  8
DEFPOINTS
 62
     0
100
AcDbPoint
 10
8.728130983768965
 20
5.441007889628739
 30
0.0
  0
ENDBLK
  5
42C
330
420
100
AcDbEntity
  8
0
100
AcDbBlockEnd
  0
BLOCK
  5
433
330
432
100
AcDbEntity
  8
0
100
AcDbBlockBegin
  2
*D11
 70
     1
 10
0.0
 20
0.0
 30
0.0
  3
*D11
  1

  0
LINE
  5
434
330
432
100
AcDbEntity
  8
ANNOTATION_TEXT
 62
     7
100
AcDbLine
 10
6.936504396032437
 20
2.388208003411892
 30
0.0
 11
6.716384660836623
 21
2.261121815042641
 31
0.0
1001
INDEX
1070
     1
  0
ARC
  5
435
330
432
100
AcDbEntity
  8
ANNOTATION_TEXT
 62
     7
100
AcDbCircle
 10
7.478130983768965
 20
2.700916259641836
 30
0.0
 40
0.7995888891983906
100
AcDbArc
 50
102.925570149013
 51
155.1378112826432
1001
INDEX
1070
     3
  0
ARC
  5
436
330
432
100
AcDbEntity
  8
ANNOTATION_TEXT
 62
     7
100
AcDbCircle
 10
7.478130983768965
 20
2.700916259641836
 30
0.0
 40
0.7995888891983906
100
AcDbArc
 50
177.6764984278055
 51
197.0744298509871
1001
INDEX
1070
     3
  0
SOLID
  5
437
330
432
100
AcDbEntity
  8
ANNOTATION_TEXT
 62
     7
100
AcDbTrace
 10
7.302651587682683
 20
3.450435382022378
 30
0.0
 11
7.295898117151828
 21
3.510054092472948
 31
0.0
 12
7.478130983768965
 22
3.500505148840227
 32
0.0
 13
7.478130983768965
 23
3.500505148840227
 33
0.0
  0
SOLID
  5
438
330
432
100
AcDbEntity
  8
ANNOTATION_TEXT
 62
     7
100
AcDbTrace
 10
6.686280632065568
 20
2.454165635121181
 30
0.0
 11
6.741288685122058
 21
2.478126313303036
 31
0.0
 12
6.785666693139379
 22
2.301121815042641
 32
0.0
 13
6.785666693139379
 23
2.301121815042641
 33
0.0
  0
MTEXT
  5
439
330
432
100
AcDbEntity
  8
ANNOTATION_TEXT
 62
     7
100
AcDbMText
 10
6.700071154016798
 20
2.885213012341239
 30
0.0
 40
0.12
 41
0.0
 71
     5
 72
     1
  1
\A1;120.0%%d
  7
ONSHAPE-STANDARD-DIMENSION
  0
POINT
  5
43A
330
432
100
AcDbEntity
  8
DEFPOINTS
 62
     0
100
AcDbPoint
 10
6.964165152949215
 20
3.31343688499194
 30
0.0
  0
POINT
  5
43B
330
432
100
AcDbEntity
  8
DEFPOINTS
 62
     0
100
AcDbPoint
 10
7.478130983768965
 20
2.757742073538453
 30
0.0
  0
POINT
  5
43C
330
432
100
AcDbEntity
  8
DEFPOINTS
 62
     0
100
AcDbPoint
 10
6.990630983768964
 20
2.419458003411892
 30
0.0
  0
POINT
  5
43D
330
432
100
AcDbEntity
  8
DEFPOINTS
 62
     0
100
AcDbPoint
 10
7.428918385343769
 20
2.672503352693528
 30
0.0
  0
POINT
  5
43E
330
432
100
AcDbEntity
  8
DEFPOINTS
 62
     0
100
AcDbPoint
 10
7.478130983768965
 20
4.725916259641836
 30
0.0
  0
ENDBLK
  5
43F
330
432
100
AcDbEntity
  8
0
100
AcDbBlockEnd
  0
BLOCK
  5
446
330
445
100
AcDbEntity
  8
0
100
AcDbBlockBegin
  2
*D12
 70
     1
 10
0.0
 20
0.0
 30
0.0
  3
*D12
  1

  0
LINE
  5
447
330
445
100
AcDbEntity
  8
ANNOTATION_TEXT
 62
     7
100
AcDbLine
 10
7.790630983768965
 20
5.075916259641836
 30
0.0
 11
7.540630983768965
 21
5.075916259641836
 31
0.0
1001
INDEX
1070
     0
  0
LINE
  5
448
330
445
100
AcDbEntity
  8
ANNOTATION_TEXT
 62
     7
100
AcDbLine
 10
7.415630983768965
 20
5.075916259641836
 30
0.0
 11
7.161976430146376
 21
5.075916259641836
 31
0.0
1001
INDEX
1070
     0
  0
LINE
  5
449
330
445
100
AcDbEntity
  8
ANNOTATION_TEXT
 62
     7
100
AcDbLine
 10
7.513765330708605
 20
4.759174983452166
 30
0.0
 11
7.347858806173124
 21
4.604328893885716
 31
0.0
1001
INDEX
1070
     1
  0
ARC
  5
44A
330
445
100
AcDbEntity
  8
ANNOTATION_TEXT
 62
     7
100
AcDbCircle
 10
7.853130983768966
 20
5.075916259641836
 30
0.0
 40
0.6111545536225892
100
AcDbArc
 50
146.1267855454186
 51
163.0633927727093
1001
INDEX
1070
     3
  0
ARC
  5
44B
330
445
100
AcDbEntity
  8
ANNOTATION_TEXT
 62
     7
100
AcDbCircle
 10
7.853130983768966
 20
5.075916259641836
 30
0.0
 40
0.6111545536225892
100
AcDbArc
 50
239.9616732164087
 51
256.8982804436994
1001
INDEX
1070
     3
  0
SOLID
  5
44C
330
445
100
AcDbEntity
  8
ANNOTATION_TEXT
 62
     7
100
AcDbTrace
 10
7.238810712284364
 20
5.258371674004957
 30
0.0
 11
7.298156561151432
 21
5.249535938481117
 31
0.0
 12
7.241976430146376
 22
5.075916259641836
 32
0.0
 13
7.241976430146376
 23
5.075916259641836
 33
0.0
  0
SOLID
  5
44D
330
445
100
AcDbEntity
  8
ANNOTATION_TEXT
 62
     7
100
AcDbTrace
 10
7.565877883868058
 20
4.570321501720792
 30
0.0
 11
7.528521572008714
 21
4.523369334952181
 31
0.0
 12
7.406343227632553
 22
4.658914353914517
 32
0.0
 13
7.406343227632553
 23
4.658914353914517
 33
0.0
  0
MTEXT
  5
44E
330
445
100
AcDbEntity
  8
ANNOTATION_TEXT
 62
     7
100
AcDbMText
 10
7.265736134452349
 20
4.907164431770446
 30
0.0
 40
0.12
 41
0.0
 71
     5
 72
     1
  1
\A1;43.0%%d
  7
ONSHAPE-STANDARD-DIMENSION
  0
POINT
  5
44F
330
445
100
AcDbEntity
  8
DEFPOINTS
 62
     0
100
AcDbPoint
 10
7.316973986530576
 20
4.782581020153055
 30
0.0
  0
POINT
  5
450
330
445
100
AcDbEntity
  8
DEFPOINTS
 62
     0
100
AcDbPoint
 10
7.853130983768965
 20
5.075916259641836
 30
0.0
  0
POINT
  5
451
330
445
100
AcDbEntity
  8
DEFPOINTS
 62
     0
100
AcDbPoint
 10
7.559456284973784
 20
4.801819874099666
 30
0.0
  0
POINT
  5
452
330
445
100
AcDbEntity
  8
DEFPOINTS
 62
     0
100
AcDbPoint
 10
7.853130983768965
 20
5.075916259641835
 30
0.0
  0
POINT
  5
453
330
445
100
AcDbEntity
  8
DEFPOINTS
 62
     0
100
AcDbPoint
 10
8.353130983768965
 20
5.075916259641836
 30
0.0
  0
ENDBLK
  5
454
330
445
100
AcDbEntity
  8
0
100
AcDbBlockEnd
  0
ENDSEC
  0
SECTION
  2
ENTITIES
  0
LINE
  5
79
330
1F
100
AcDbEntity
  8
HIDDEN
100
AcDbLine
 10
1.557629425912632
 20
4.208057042872722
 30
0.0
 11
1.557599005186848
 21
4.208057042872722
 31
0.0
  0
LINE
  5
7A
330
1F
100
AcDbEntity
  8
HIDDEN
100
AcDbLine
 10
1.557629425912632
 20
4.826775476410951
 30
0.0
 11
1.557599005186848
 21
4.826775476410951
 31
0.0
  0
LINE
  5
7B
330
1F
100
AcDbEntity
  8
HIDDEN
100
AcDbLine
 10
3.850482991869713
 20
4.693775476410951
 30
0.0
 11
3.850513412595496
 21
4.693775476410951
 31
0.0
  0
LINE
  5
7C
330
1F
100
AcDbEntity
  8
HIDDEN
100
AcDbLine
 10
2.298280808164999
 20
2.399940092345309
 30
0.0
 11
2.298280808164999
 21
2.588087778037924
 31
0.0
  0
LINE
  5
7D
330
1F
100
AcDbEntity
  8
HIDDEN
100
AcDbLine
 10
2.079530808164999
 20
2.588087778037924
 30
0.0
 11
2.079530808164999
 21
2.399940092345309
 31
0.0
  0
LINE
  5
7E
330
1F
100
AcDbEntity
  8
HIDDEN
100
AcDbLine
 10
3.850552229381432
 20
4.208057042872722
 30
0.0
 11
3.416556208891173
 21
4.208057042872722
 31
0.0
  0
LINE
  5
7F
330
1F
100
AcDbEntity
  8
HIDDEN
100
AcDbLine
 10
3.416556208891173
 20
4.075057042872722
 30
0.0
 11
3.850482991869713
 21
4.075057042872722
 31
0.0
  0
LINE
  5
80
330
1F
100
AcDbEntity
  8
HIDDEN
100
AcDbLine
 10
1.557560188400913
 20
4.075057042872722
 30
0.0
 11
1.991556208891172
 21
4.075057042872722
 31
0.0
  0
LINE
  5
81
330
1F
100
AcDbEntity
  8
HIDDEN
100
AcDbLine
 10
1.991556208891172
 20
4.208057042872722
 30
0.0
 11
1.557629425912632
 21
4.208057042872722
 31
0.0
  0
LINE
  5
82
330
1F
100
AcDbEntity
  8
HIDDEN
100
AcDbLine
 10
3.416556208891173
 20
4.138416259641835
 30
0.0
 11
3.891556208891173
 21
4.138416259641835
 31
0.0
  0
LINE
  5
83
330
1F
100
AcDbEntity
  8
HIDDEN
100
AcDbLine
 10
3.891556208891173
 20
4.763416259641835
 30
0.0
 11
3.416556208891173
 21
4.763416259641835
 31
0.0
  0
LINE
  5
84
330
1F
100
AcDbEntity
  8
HIDDEN
100
AcDbLine
 10
3.328581609617347
 20
2.399940092345309
 30
0.0
 11
3.328581609617347
 21
2.588087778037924
 31
0.0
  0
LINE
  5
85
330
1F
100
AcDbEntity
  8
HIDDEN
100
AcDbLine
 10
3.109831609617348
 20
2.588087778037924
 30
0.0
 11
3.109831609617348
 21
2.399940092345309
 31
0.0
  0
LINE
  5
86
330
1F
100
AcDbEntity
  8
HIDDEN
100
AcDbLine
 10
1.516556208891172
 20
4.138416259641835
 30
0.0
 11
1.991556208891171
 21
4.138416259641835
 31
0.0
  0
LINE
  5
87
330
1F
100
AcDbEntity
  8
HIDDEN
100
AcDbLine
 10
1.991556208891171
 20
4.763416259641835
 30
0.0
 11
1.516556208891172
 21
4.763416259641835
 31
0.0
  0
LINE
  5
88
330
1F
100
AcDbEntity
  8
HIDDEN
100
AcDbLine
 10
2.255405808164999
 20
2.075916259641836
 30
0.0
 11
2.255405808164999
 21
2.399940092345309
 31
0.0
  0
LINE
  5
89
330
1F
100
AcDbEntity
  8
HIDDEN
100
AcDbLine
 10
2.122405808164999
 20
2.399940092345309
 30
0.0
 11
2.122405808164999
 21
2.075916259641836
 31
0.0
  0
LINE
  5
8A
330
1F
100
AcDbEntity
  8
HIDDEN
100
AcDbLine
 10
3.850552229381432
 20
4.826775476410951
 30
0.0
 11
3.424922403704721
 21
4.82677547641095
 31
0.0
  0
LINE
  5
8B
330
1F
100
AcDbEntity
  8
HIDDEN
100
AcDbLine
 10
3.416556208891173
 20
4.69377547641095
 30
0.0
 11
3.850482991869713
 21
4.69377547641095
 31
0.0
  0
LINE
  5
8C
330
1F
100
AcDbEntity
  8
HIDDEN
100
AcDbLine
 10
3.850482991869713
 20
4.075057042872722
 30
0.0
 11
3.850513412595496
 21
4.075057042872722
 31
0.0
  0
LINE
  5
8D
330
1F
100
AcDbEntity
  8
HIDDEN
100
AcDbLine
 10
3.285706609617347
 20
2.075916259641836
 30
0.0
 11
3.285706609617347
 21
2.399940092345309
 31
0.0
  0
LINE
  5
8E
330
1F
100
AcDbEntity
  8
HIDDEN
100
AcDbLine
 10
3.152706609617347
 20
2.399940092345309
 30
0.0
 11
3.152706609617347
 21
2.075916259641836
 31
0.0
  0
LINE
  5
8F
330
1F
100
AcDbEntity
  8
HIDDEN
100
AcDbLine
 10
1.557549979690087
 20
4.208057032108908
 30
0.0
 11
1.560656597678191
 21
4.207097651324885
 31
0.0
  0
LINE
  5
90
330
1F
100
AcDbEntity
  8
HIDDEN
100
AcDbLine
 10
1.557549979690087
 20
4.826775465647137
 30
0.0
 11
1.560656597678191
 21
4.825816084863114
 31
0.0
  0
LINE
  5
91
330
1F
100
AcDbEntity
  8
HIDDEN
100
AcDbLine
 10
3.476482306634838
 20
2.43370709602706
 30
0.0
 11
3.673474520978887
 21
2.542599542125863
 31
0.0
  0
LINE
  5
92
330
1F
100
AcDbEntity
  8
HIDDEN
100
AcDbLine
 10
1.557560188400913
 20
4.69377547641095
 30
0.0
 11
1.991556208891172
 21
4.69377547641095
 31
0.0
  0
LINE
  5
93
330
1F
100
AcDbEntity
  8
HIDDEN
100
AcDbLine
 10
1.983190014077622
 20
4.82677547641095
 30
0.0
 11
1.557629425912632
 21
4.826775476410951
 31
0.0
  0
LINE
  5
94
330
1F
100
AcDbEntity
  8
HIDDEN
100
AcDbLine
 10
3.850562438092257
 20
4.693775487174764
 30
0.0
 11
3.847455820104154
 21
4.694734867958787
 31
0.0
  0
SPLINE
  5
95
330
1F
100
AcDbEntity
  8
HIDDEN
100
AcDbSpline
210
0.0
220
0.0
230
1.0
 70
     8
 71
     3
 72
     9
 73
     5
 74
     0
 42
0.000000001
 43
0.0000000005163806
 40
0.0
 40
0.0
 40
0.0
 40
0.0
 40
0.4473150471100769
 40
1.0
 40
1.0
 40
1.0
 40
1.0
 10
1.554444190757577
 20
4.825722296582421
 30
0.0
 10
1.554793101703041
 20
4.825958608259196
 30
0.0
 10
1.555573113347446
 20
4.826486897388529
 30
0.0
 10
1.556846305529132
 20
4.826672748522123
 30
0.0
 10
1.557549979690087
 20
4.826775465647137
 30
0.0
  0
SPLINE
  5
96
330
1F
100
AcDbEntity
  8
HIDDEN
100
AcDbSpline
210
0.0
220
0.0
230
1.0
 70
     8
 71
     3
 72
     9
 73
     5
 74
     0
 42
0.000000001
 43
0.0000000004590739
 40
0.0
 40
0.0
 40
0.0
 40
0.0
 40
0.4473150471100749
 40
1.0
 40
1.0
 40
1.0
 40
1.0
 10
1.554444190757577
 20
4.207003863044191
 30
0.0
 10
1.554793101703041
 20
4.207240174720967
 30
0.0
 10
1.555573113347446
 20
4.2077684638503
 30
0.0
 10
1.556846305529132
 20
4.207954314983893
 30
0.0
 10
1.557549979690087
 20
4.208057032108908
 30
0.0
  0
SPLINE
  5
97
330
1F
100
AcDbEntity
  8
HIDDEN
100
AcDbSpline
210
0.0
220
0.0
230
1.0
 70
     8
 71
     3
 72
     9
 73
     5
 74
     0
 42
0.000000001
 43
0.0000000005685011
 40
0.0
 40
0.0
 40
0.0
 40
0.0
 40
0.4473150471100585
 40
1.0
 40
1.0
 40
1.0
 40
1.0
 10
3.853668227024767
 20
4.076110222701252
 30
0.0
 10
3.853319316079304
 20
4.075873911024477
 30
0.0
 10
3.852539304434899
 20
4.075345621895144
 30
0.0
 10
3.851266112253213
 20
4.07515977076155
 30
0.0
 10
3.850562438092257
 20
4.075057053636535
 30
0.0
  0
SPLINE
  5
98
330
1F
100
AcDbEntity
  8
HIDDEN
100
AcDbSpline
210
0.0
220
0.0
230
1.0
 70
     8
 71
     3
 72
     9
 73
     5
 74
     0
 42
0.000000001
 43
0.0000000006143785
 40
0.0
 40
0.0
 40
0.0
 40
0.0
 40
0.4473150471100605
 40
1.0
 40
1.0
 40
1.0
 40
1.0
 10
3.853668227024767
 20
4.694828656239481
 30
0.0
 10
3.853319316079304
 20
4.694592344562706
 30
0.0
 10
3.852539304434899
 20
4.694064055433373
 30
0.0
 10
3.851266112253213
 20
4.69387820429978
 30
0.0
 10
3.850562438092257
 20
4.693775487174764
 30
0.0
  0
LINE
  5
99
330
1F
100
AcDbEntity
  8
HIDDEN
100
AcDbLine
 10
3.109831609617348
 20
2.399940092345309
 30
0.0
 11
3.328581609617348
 21
2.399940092345309
 31
0.0
  0
LINE
  5
9A
330
1F
100
AcDbEntity
  8
HIDDEN
100
AcDbLine
 10
2.079530808164999
 20
2.399940092345308
 30
0.0
 11
2.298280808164999
 21
2.399940092345308
 31
0.0
  0
LINE
  5
9B
330
1F
100
AcDbEntity
  8
VISIBLE
100
AcDbLine
 10
3.850532914162619
 20
4.075057081390297
 30
0.0
 11
3.8536707311828
 21
4.076111966017583
 31
0.0
  0
LINE
  5
9C
330
1F
100
AcDbEntity
  8
VISIBLE
100
AcDbLine
 10
1.557579503619725
 20
4.208057004355146
 30
0.0
 11
1.554441686599545
 21
4.20700211972786
 31
0.0
  0
LINE
  5
9D
330
1F
100
AcDbEntity
  8
VISIBLE
100
AcDbLine
 10
3.850532914162619
 20
4.693775514928526
 30
0.0
 11
3.8536707311828
 21
4.694830399555812
 31
0.0
  0
LINE
  5
9E
330
1F
100
AcDbEntity
  8
VISIBLE
100
AcDbLine
 10
2.254056208891172
 20
3.075916259641836
 30
0.0
 11
3.154056208891173
 21
3.075916259641836
 31
0.0
  0
LINE
  5
9F
330
1F
100
AcDbEntity
  8
TANGENT_LINES
100
AcDbLine
 10
2.254056208891172
 20
2.925916259641836
 30
0.0
 11
2.254056208891172
 21
3.075916259641836
 31
0.0
  0
LINE
  5
A0
330
1F
100
AcDbEntity
  8
TANGENT_LINES
100
AcDbLine
 10
3.154056208891173
 20
2.925916259641836
 30
0.0
 11
3.154056208891173
 21
3.075916259641836
 31
0.0
  0
LINE
  5
A1
330
1F
100
AcDbEntity
  8
VISIBLE
100
AcDbLine
 10
1.991556208891171
 20
4.602400081021672
 30
0.0
 11
1.991556208891172
 21
4.013416259641835
 31
0.0
  0
LINE
  5
A2
330
1F
100
AcDbEntity
  8
VISIBLE
100
AcDbLine
 10
3.354056208891173
 20
3.888416259641836
 30
0.0
 11
3.416556208891173
 21
4.013416259641836
 31
0.0
  0
LINE
  5
A3
330
1F
100
AcDbEntity
  8
VISIBLE
100
AcDbLine
 10
3.354056208891173
 20
3.275916259641836
 30
0.0
 11
3.354056208891173
 21
3.888416259641836
 31
0.0
  0
LINE
  5
A4
330
1F
100
AcDbEntity
  8
VISIBLE
100
AcDbLine
 10
3.626434249609836
 20
2.757742073538453
 30
0.0
 11
3.626434249609836
 21
4.725916259641836
 31
0.0
  0
LINE
  5
A5
330
1F
100
AcDbEntity
  8
VISIBLE
100
AcDbLine
 10
1.557579503619725
 20
4.826775437893375
 30
0.0
 11
1.554441686599545
 21
4.825720553266089
 31
0.0
  0
LINE
  5
A6
330
1F
100
AcDbEntity
  8
VISIBLE
100
AcDbLine
 10
3.566556208891172
 20
4.725916259641836
 30
0.0
 11
3.504056208891173
 21
4.640423407438989
 31
0.0
  0
LINE
  5
A7
330
1F
100
AcDbEntity
  8
TANGENT_LINES
100
AcDbLine
 10
1.904056208891172
 20
3.275916259641836
 30
0.0
 11
2.054056208891172
 21
3.275916259641836
 31
0.0
  0
LINE
  5
A8
330
1F
100
AcDbEntity
  8
VISIBLE
100
AcDbLine
 10
1.991556208891171
 20
4.925916259641837
 30
0.0
 11
1.991556208891171
 21
4.825819223390854
 31
0.0
  0
LINE
  5
A9
330
1F
100
AcDbEntity
  8
TANGENT_LINES
100
AcDbLine
 10
3.504056208891172
 20
3.275916259641836
 30
0.0
 11
3.354056208891173
 21
3.275916259641836
 31
0.0
  0
LINE
  5
AA
330
1F
100
AcDbEntity
  8
VISIBLE
100
AcDbLine
 10
3.759790110918559
 20
2.757742073538454
 30
0.0
 11
3.626434249609836
 21
2.757742073538454
 31
0.0
  0
LINE
  5
AB
330
1F
100
AcDbEntity
  8
VISIBLE
100
AcDbLine
 10
3.891556208891172
 20
4.759230807924865
 30
0.0
 11
3.891556208891172
 21
5.075916259641835
 31
0.0
  0
LINE
  5
AC
330
1F
100
AcDbEntity
  8
VISIBLE
100
AcDbLine
 10
3.891556208891172
 20
2.075916259641838
 30
0.0
 11
3.891556208891172
 21
4.138416259641836
 31
0.0
  0
LINE
  5
AD
330
1F
100
AcDbEntity
  8
VISIBLE
100
AcDbLine
 10
1.516556208891172
 20
4.142601711358806
 30
0.0
 11
1.516556208891172
 21
2.075916259641838
 31
0.0
  0
LINE
  5
AE
330
1F
100
AcDbEntity
  8
VISIBLE
100
AcDbLine
 10
1.516556208891172
 20
5.075916259641835
 30
0.0
 11
1.516556208891172
 21
4.763416259641835
 31
0.0
  0
LINE
  5
AF
330
1F
100
AcDbEntity
  8
VISIBLE
100
AcDbLine
 10
1.648322306863786
 20
2.757742073538453
 30
0.0
 11
1.781678168172508
 21
2.757742073538453
 31
0.0
  0
LINE
  5
B0
330
1F
100
AcDbEntity
  8
VISIBLE
100
AcDbLine
 10
3.416556208891173
 20
4.602400081021671
 30
0.0
 11
3.504056208891173
 21
4.640423407438989
 31
0.0
  0
LINE
  5
B1
330
1F
100
AcDbEntity
  8
VISIBLE
100
AcDbLine
 10
1.904056208891172
 20
4.640423407438989
 30
0.0
 11
1.841556208891171
 21
4.725916259641836
 31
0.0
  0
LINE
  5
B2
330
1F
100
AcDbEntity
  8
VISIBLE
100
AcDbLine
 10
1.841556208891171
 20
5.075916259641835
 30
0.0
 11
1.991556208891171
 21
4.925916259641837
 31
0.0
  0
LINE
  5
B3
330
1F
100
AcDbEntity
  8
VISIBLE
100
AcDbLine
 10
3.626434249609836
 20
4.725916259641836
 30
0.0
 11
3.759790110918559
 21
4.801819874099667
 31
0.0
  0
LINE
  5
B4
330
1F
100
AcDbEntity
  8
VISIBLE
100
AcDbLine
 10
1.734637896803457
 20
2.542599542125862
 30
0.0
 11
1.857090736225063
 21
2.672503352693528
 31
0.0
  0
LINE
  5
B5
330
1F
100
AcDbEntity
  8
TANGENT_LINES
100
AcDbLine
 10
1.781678168172508
 20
2.757742073538453
 30
0.0
 11
3.626434249609836
 21
2.757742073538453
 31
0.0
  0
LINE
  5
B6
330
1F
100
AcDbEntity
  8
VISIBLE
100
AcDbLine
 10
1.543170232578252
 20
5.075916259641835
 30
0.0
 11
1.841556208891171
 21
5.075916259641835
 31
0.0
  0
LINE
  5
B7
330
1F
100
AcDbEntity
  8
VISIBLE
100
AcDbLine
 10
1.991556208891172
 20
4.013416259641835
 30
0.0
 11
2.054056208891172
 21
3.888416259641835
 31
0.0
  0
LINE
  5
B8
330
1F
100
AcDbEntity
  8
TANGENT_LINES
100
AcDbLine
 10
1.857090736225063
 20
2.672503352693528
 30
0.0
 11
3.551021681557281
 21
2.672503352693528
 31
0.0
  0
LINE
  5
B9
330
1F
100
AcDbEntity
  8
VISIBLE
100
AcDbLine
 10
1.648322306863786
 20
2.757742073538453
 30
0.0
 11
1.648322306863786
 21
4.801819874099667
 31
0.0
  0
LINE
  5
BA
330
1F
100
AcDbEntity
  8
VISIBLE
100
AcDbLine
 10
2.054056208891172
 20
3.888416259641835
 30
0.0
 11
2.054056208891172
 21
3.275916259641836
 31
0.0
  0
LINE
  5
BB
330
1F
100
AcDbEntity
  8
VISIBLE
100
AcDbLine
 10
1.904056208891172
 20
3.275916259641836
 30
0.0
 11
1.904056208891172
 21
4.640423407438989
 31
0.0
  0
LINE
  5
BC
330
1F
100
AcDbEntity
  8
VISIBLE
100
AcDbLine
 10
3.416556208891173
 20
4.602400081021671
 30
0.0
 11
3.416556208891173
 21
4.753580187938876
 31
0.0
  0
LINE
  5
BD
330
1F
100
AcDbEntity
  8
VISIBLE
100
AcDbLine
 10
1.904056208891172
 20
4.640423407438989
 30
0.0
 11
1.991556208891171
 21
4.602400081021672
 31
0.0
  0
LINE
  5
BE
330
1F
100
AcDbEntity
  8
VISIBLE
100
AcDbLine
 10
3.673474520978888
 20
2.542599542125862
 30
0.0
 11
3.551021681557281
 21
2.672503352693528
 31
0.0
  0
LINE
  5
BF
330
1F
100
AcDbEntity
  8
VISIBLE
100
AcDbLine
 10
3.416556208891173
 20
4.013416259641836
 30
0.0
 11
3.416556208891173
 21
4.602400081021671
 31
0.0
  0
LINE
  5
C0
330
1F
100
AcDbEntity
  8
VISIBLE
100
AcDbLine
 10
3.673474520978888
 20
2.542599542125863
 30
0.0
 11
3.476481971777115
 21
2.433707380541241
 31
0.0
  0
LINE
  5
C1
330
1F
100
AcDbEntity
  8
VISIBLE
100
AcDbLine
 10
3.504056208891173
 20
4.640423407438989
 30
0.0
 11
3.504056208891172
 21
3.275916259641836
 31
0.0
  0
LINE
  5
C2
330
1F
100
AcDbEntity
  8
VISIBLE
100
AcDbLine
 10
3.566556208891172
 20
4.725916259641836
 30
0.0
 11
3.626434249609836
 21
4.725916259641836
 31
0.0
  0
LINE
  5
C3
330
1F
100
AcDbEntity
  8
VISIBLE
100
AcDbLine
 10
1.781678168172507
 20
4.725916259641836
 30
0.0
 11
1.841556208891171
 21
4.725916259641836
 31
0.0
  0
LINE
  5
C4
330
1F
100
AcDbEntity
  8
VISIBLE
100
AcDbLine
 10
3.154056208891173
 20
2.925916259641836
 30
0.0
 11
2.254056208891172
 21
2.925916259641836
 31
0.0
  0
LINE
  5
C5
330
1F
100
AcDbEntity
  8
VISIBLE
100
AcDbLine
 10
1.648322306863786
 20
4.801819874099667
 30
0.0
 11
1.781678168172507
 21
4.725916259641836
 31
0.0
  0
LINE
  5
C6
330
1F
100
AcDbEntity
  8
VISIBLE
100
AcDbLine
 10
3.759790110918559
 20
4.801819874099667
 30
0.0
 11
3.759790110918559
 21
2.757742073538453
 31
0.0
  0
LINE
  5
C7
330
1F
100
AcDbEntity
  8
VISIBLE
100
AcDbLine
 10
3.566556208891172
 20
5.075916259641835
 30
0.0
 11
3.566556208891172
 21
4.725916259641836
 31
0.0
  0
LINE
  5
C8
330
1F
100
AcDbEntity
  8
VISIBLE
100
AcDbLine
 10
1.781678168172507
 20
4.725916259641836
 30
0.0
 11
1.781678168172508
 21
2.757742073538453
 31
0.0
  0
LINE
  5
C9
330
1F
100
AcDbEntity
  8
VISIBLE
100
AcDbLine
 10
3.416556208891173
 20
4.925916259641836
 30
0.0
 11
3.566556208891172
 21
5.075916259641835
 31
0.0
  0
LINE
  5
CA
330
1F
100
AcDbEntity
  8
VISIBLE
100
AcDbLine
 10
3.416556208891173
 20
4.825819223390854
 30
0.0
 11
3.416556208891173
 21
4.925916259641836
 31
0.0
  0
LINE
  5
CB
330
1F
100
AcDbEntity
  8
VISIBLE
100
AcDbLine
 10
3.566556208891172
 20
5.075916259641835
 30
0.0
 11
3.864942185204092
 21
5.075916259641835
 31
0.0
  0
LINE
  5
CC
330
1F
100
AcDbEntity
  8
VISIBLE
100
AcDbLine
 10
1.841556208891171
 20
4.725916259641836
 30
0.0
 11
1.841556208891171
 21
5.075916259641835
 31
0.0
  0
LINE
  5
CD
330
1F
100
AcDbEntity
  8
VISIBLE
100
AcDbLine
 10
1.991556208891172
 20
4.753580187938876
 30
0.0
 11
1.991556208891171
 21
4.602400081021672
 31
0.0
  0
SPLINE
  5
CE
330
1F
100
AcDbEntity
  8
VISIBLE
100
AcDbSpline
210
0.0
220
0.0
230
1.0
 70
     8
 71
     3
 72
    12
 73
     8
 74
     0
 42
0.000000001
 43
0.0000000004649594
 40
0.0
 40
0.0
 40
0.0
 40
0.0
 40
0.2487933829151971
 40
0.4784096717653733
 40
0.6962922945324573
 40
0.848138900866104
 40
1.0
 40
1.0
 40
1.0
 40
1.0
 10
3.551021681557281
 20
2.672503352693528
 30
0.0
 10
3.562558083479082
 20
2.677049845064238
 30
0.0
 10
3.584741656820511
 20
2.685792384344301
 30
0.0
 10
3.608516549899752
 20
2.705337832200659
 30
0.0
 10
3.622418984227599
 20
2.730612509519348
 30
0.0
 10
3.625600245284429
 20
2.743927436641948
 30
0.0
 10
3.626156239324102
 20
2.75313704808006
 30
0.0
 10
3.626434249609836
 20
2.757742073538453
 30
0.0
  0
SPLINE
  5
CF
330
1F
100
AcDbEntity
  8
VISIBLE
100
AcDbSpline
210
0.0
220
0.0
230
1.0
 70
     8
 71
     3
 72
    15
 73
    11
 74
     0
 42
0.000000001
 43
0.0000000004540644
 40
0.0
 40
0.0
 40
0.0
 40
0.0
 40
0.1170368604085898
 40
0.240694229489235
 40
0.3691215085299364
 40
0.4999999999999999
 40
0.6308784914700625
 40
0.7593057705107629
 40
0.882963139591408
 40
1.0
 40
1.0
 40
1.0
 40
1.0
 10
1.857090736225065
 20
2.672503352693525
 30
0.0
 10
1.910302946279799
 20
2.63519457193092
 30
0.0
 10
2.01973745993498
 20
2.558466537639092
 30
0.0
 10
2.22744006595633
 20
2.480559994456191
 30
0.0
 10
2.458561111123014
 20
2.4306724090556
 30
0.0
 10
2.704056208891174
 20
2.413797795810301
 30
0.0
 10
2.94955130665933
 20
2.430672409055598
 30
0.0
 10
3.18067235182601
 20
2.48055999445619
 30
0.0
 10
3.388374957847361
 20
2.55846653763909
 30
0.0
 10
3.497809471502546
 20
2.635194571930921
 30
0.0
 10
3.551021681557281
 20
2.672503352693528
 30
0.0
  0
SPLINE
  5
D0
330
1F
100
AcDbEntity
  8
VISIBLE
100
AcDbSpline
210
0.0
220
0.0
230
1.0
 70
     8
 71
     3
 72
    11
 73
     7
 74
     0
 42
0.000000001
 43
0.0000000004753804
 40
0.0
 40
0.0
 40
0.0
 40
0.0
 40
0.265662869202008
 40
0.5231169284376717
 40
0.7670386103632816
 40
1.0
 40
1.0
 40
1.0
 40
1.0
 10
3.759790110918559
 20
2.757742073538454
 30
0.0
 10
3.758754045625316
 20
2.7350585241332
 30
0.0
 10
3.756713928782904
 20
2.690392332254059
 30
0.0
 10
3.739777316434261
 20
2.628998362606714
 30
0.0
 10
3.713268328555085
 20
2.577220713796786
 30
0.0
 10
3.686534312551013
 20
2.553961744276016
 30
0.0
 10
3.673474520978888
 20
2.542599542125863
 30
0.0
  0
SPLINE
  5
D1
330
1F
100
AcDbEntity
  8
VISIBLE
100
AcDbSpline
210
0.0
220
0.0
230
1.0
 70
     8
 71
     3
 72
    17
 73
    13
 74
     0
 42
0.000000001
 43
0.0000000006243281
 40
0.0
 40
0.0
 40
0.0
 40
0.0
 40
0.0747325853363425
 40
0.1732270795279139
 40
0.290195213019396
 40
0.4161560109681232
 40
0.5429255735423031
 40
0.6652832221909125
 40
0.7794313539531442
 40
0.8803513753998898
 40
0.9613352841900625
 40
1.0
 40
1.0
 40
1.0
 40
1.0
 10
3.850552229381432
 20
4.826775476410951
 30
0.0
 10
3.848309237958431
 20
4.825765207817368
 30
0.0
 10
3.843110075479792
 20
4.823423446493075
 30
0.0
 10
3.837512668033468
 20
4.81065223513975
 30
0.0
 10
3.832877804641985
 20
4.793170121052246
 30
0.0
 10
3.830444186569681
 20
4.771980278588354
 30
0.0
 10
3.830384033229798
 20
4.750421449673339
 30
0.0
 10
3.832415724779441
 20
4.730397606489424
 30
0.0
 10
3.836506826750377
 20
4.713255635661501
 30
0.0
 10
3.841087645219996
 20
4.700672644067103
 30
0.0
 10
3.848116786780933
 20
4.69379575100881
 30
0.0
 10
3.849942825681563
 20
4.693780457167072
 30
0.0
 10
3.850532914162619
 20
4.693775514928526
 30
0.0
  0
SPLINE
  5
D2
330
1F
100
AcDbEntity
  8
VISIBLE
100
AcDbSpline
210
0.0
220
0.0
230
1.0
 70
     8
 71
     3
 72
    17
 73
    13
 74
     0
 42
0.000000001
 43
0.0000000006253187
 40
0.0
 40
0.0
 40
0.0
 40
0.0
 40
0.0326640372643102
 40
0.1249607538442203
 40
0.2386479620174381
 40
0.3652097120811553
 40
0.4970192151542339
 40
0.6273147593125565
 40
0.7496368353391617
 40
0.8574644316367983
 40
0.9444185144703019
 40
1.0
 40
1.0
 40
1.0
 40
1.0
 10
3.8536707311828
 20
4.694830399555812
 30
0.0
 10
3.85397038618502
 20
4.695010936141907
 30
0.0
 10
3.85511675748835
 20
4.695701603609381
 30
0.0
 10
3.861179031461754
 20
4.705865471725651
 30
0.0
 10
3.863910604888657
 20
4.721099353731319
 30
0.0
 10
3.866197946908509
 20
4.741231122232016
 30
0.0
 10
3.866672651059567
 20
4.762922636815418
 30
0.0
 10
3.865814775695788
 20
4.784155213523126
 30
0.0
 10
3.863437357197026
 20
4.802860352515379
 30
0.0
 10
3.860084939084792
 20
4.816801851386607
 30
0.0
 10
3.854885915985853
 20
4.825885250422841
 30
0.0
 10
3.851768039603524
 20
4.826525724651049
 30
0.0
 10
3.850552229381432
 20
4.826775476410951
 30
0.0
  0
SPLINE
  5
D3
330
1F
100
AcDbEntity
  8
VISIBLE
100
AcDbSpline
210
0.0
220
0.0
230
1.0
 70
     8
 71
     3
 72
    14
 73
    10
 74
     0
 42
0.000000001
 43
0.0000000004406699
 40
0.0
 40
0.0
 40
0.0
 40
0.0
 40
0.1377406522773894
 40
0.2846230926732018
 40
0.433224643601537
 40
0.5818238335450594
 40
0.728708662686637
 40
0.8664481187626436
 40
1.0
 40
1.0
 40
1.0
 40
1.0
 10
3.476481971777115
 20
2.433707380541241
 30
0.0
 10
3.402873573873004
 20
2.405973461266005
 30
0.0
 10
3.250771420211089
 20
2.348664934367428
 30
0.0
 10
2.981317140034588
 20
2.300807989018853
 30
0.0
 10
2.704159225833929
 20
2.284043068345424
 30
0.0
 10
2.426392914464746
 20
2.300217565708259
 30
0.0
 10
2.158727325168697
 20
2.350929997978607
 30
0.0
 10
1.929135595114951
 20
2.425054273766705
 30
0.0
 10
1.798799854607333
 20
2.503823070147121
 30
0.0
 10
1.73463789680346
 20
2.542599542125862
 30
0.0
  0
SPLINE
  5
D4
330
1F
100
AcDbEntity
  8
VISIBLE
100
AcDbSpline
210
0.0
220
0.0
230
1.0
 70
     8
 71
     3
 72
    17
 73
    13
 74
     0
 42
0.000000001
 43
0.0000000006219873
 40
0.0
 40
0.0
 40
0.0
 40
0.0
 40
0.0558102213838755
 40
0.1500695241207537
 40
0.2678089916413758
 40
0.4000307752634132
 40
0.5362219024411036
 40
0.6684079642397553
 40
0.7919398289485664
 40
0.8994555439144667
 40
0.9764428141765413
 40
1.0
 40
1.0
 40
1.0
 40
1.0
 10
3.891556208891172
 20
4.138416259641835
 30
0.0
 10
3.890258011709543
 20
4.143369053714765
 30
0.0
 10
3.886767256281034
 20
4.156686747699174
 30
0.0
 10
3.874758383418212
 20
4.20718225770333
 30
0.0
 10
3.861049963862931
 20
4.281727895976281
 30
0.0
 10
3.850401262924834
 20
4.378625620175791
 30
0.0
 10
3.848603927471288
 20
4.481773849505082
 30
0.0
 10
3.855572632850178
 20
4.578787806322151
 30
0.0
 10
3.86848902992211
 20
4.663375882709378
 30
0.0
 10
3.881335475941359
 20
4.723593404898203
 30
0.0
 10
3.89051698064357
 20
4.759492436506639
 30
0.0
 10
3.891358940787796
 20
4.762671432747284
 30
0.0
 10
3.891556208865476
 20
4.763416259544191
 30
0.0
  0
SPLINE
  5
D5
330
1F
100
AcDbEntity
  8
VISIBLE
100
AcDbSpline
210
0.0
220
0.0
230
1.0
 70
     8
 71
     3
 72
    17
 73
    13
 74
     0
 42
0.000000001
 43
0.0000000005778281
 40
0.0
 40
0.0
 40
0.0
 40
0.0
 40
0.0747325853363425
 40
0.173227079527914
 40
0.2901952130193963
 40
0.4161560109681232
 40
0.5429255735423033
 40
0.6652832221909123
 40
0.7794313539531443
 40
0.8803513753998897
 40
0.9613352841900625
 40
1.0
 40
1.0
 40
1.0
 40
1.0
 10
3.850552229381432
 20
4.208057042872722
 30
0.0
 10
3.848309237958431
 20
4.207046774279139
 30
0.0
 10
3.843110075479792
 20
4.204705012954845
 30
0.0
 10
3.837512668033468
 20
4.191933801601521
 30
0.0
 10
3.832877804641985
 20
4.174451687514018
 30
0.0
 10
3.83044418656968
 20
4.153261845050126
 30
0.0
 10
3.830384033229798
 20
4.13170301613511
 30
0.0
 10
3.832415724779441
 20
4.111679172951195
 30
0.0
 10
3.836506826750378
 20
4.094537202123272
 30
0.0
 10
3.841087645219996
 20
4.081954210528874
 30
0.0
 10
3.848116786780933
 20
4.075077317470582
 30
0.0
 10
3.849942825681563
 20
4.075062023628843
 30
0.0
 10
3.850532914162619
 20
4.075057081390297
 30
0.0
  0
SPLINE
  5
D6
330
1F
100
AcDbEntity
  8
VISIBLE
100
AcDbSpline
210
0.0
220
0.0
230
1.0
 70
     8
 71
     3
 72
    17
 73
    13
 74
     0
 42
0.000000001
 43
0.0000000005788983
 40
0.0
 40
0.0
 40
0.0
 40
0.0
 40
0.0326640372643108
 40
0.1249607538442208
 40
0.2386479620174383
 40
0.3652097120811556
 40
0.497019215154234
 40
0.6273147593125568
 40
0.7496368353391616
 40
0.8574644316367985
 40
0.9444185144703019
 40
1.0
 40
1.0
 40
1.0
 40
1.0
 10
3.8536707311828
 20
4.076111966017583
 30
0.0
 10
3.85397038618502
 20
4.076292502603677
 30
0.0
 10
3.855116757488349
 20
4.076983170071152
 30
0.0
 10
3.861179031461754
 20
4.087147038187422
 30
0.0
 10
3.863910604888656
 20
4.102380920193089
 30
0.0
 10
3.866197946908509
 20
4.122512688693787
 30
0.0
 10
3.866672651059567
 20
4.144204203277189
 30
0.0
 10
3.865814775695788
 20
4.165436779984897
 30
0.0
 10
3.863437357197026
 20
4.184141918977151
 30
0.0
 10
3.860084939084792
 20
4.198083417848379
 30
0.0
 10
3.854885915985853
 20
4.207166816884612
 30
0.0
 10
3.851768039603524
 20
4.20780729111282
 30
0.0
 10
3.850552229381432
 20
4.208057042872722
 30
0.0
  0
SPLINE
  5
D7
330
1F
100
AcDbEntity
  8
VISIBLE
100
AcDbSpline
210
0.0
220
0.0
230
1.0
 70
     8
 71
     3
 72
    11
 73
     7
 74
     0
 42
0.000000001
 43
0.0000000003398316
 40
0.0
 40
0.0
 40
0.0
 40
0.0
 40
0.2323983385909436
 40
0.4762562622250579
 40
0.733572645662668
 40
1.0
 40
1.0
 40
1.0
 40
1.0
 10
1.734637896803457
 20
2.542599542125863
 30
0.0
 10
1.721633495431728
 20
2.553878795853207
 30
0.0
 10
1.694983444371441
 20
2.576993484423882
 30
0.0
 10
1.66844482599483
 20
2.628734050715095
 30
0.0
 10
1.651461377966054
 20
2.690025455607895
 30
0.0
 10
1.64938072878937
 20
2.734909601508019
 30
0.0
 10
1.648322306863786
 20
2.757742073538454
 30
0.0
  0
SPLINE
  5
D8
330
1F
100
AcDbEntity
  8
VISIBLE
100
AcDbSpline
210
0.0
220
0.0
230
1.0
 70
     8
 71
     3
 72
    17
 73
    13
 74
     0
 42
0.000000001
 43
0.000000000459754
 40
0.0
 40
0.0
 40
0.0
 40
0.0
 40
0.0747325853363424
 40
0.1732270795279142
 40
0.2901952130193964
 40
0.4161560109681231
 40
0.5429255735423031
 40
0.6652832221909124
 40
0.7794313539531442
 40
0.8803513753998898
 40
0.9613352841900625
 40
1.0
 40
1.0
 40
1.0
 40
1.0
 10
1.557560188400913
 20
4.075057042872722
 30
0.0
 10
1.559803179823913
 20
4.076067311466304
 30
0.0
 10
1.565002342302553
 20
4.078409072790598
 30
0.0
 10
1.570599749748876
 20
4.091180284143923
 30
0.0
 10
1.575234613140359
 20
4.108662398231425
 30
0.0
 10
1.577668231212665
 20
4.129852240695318
 30
0.0
 10
1.577728384552547
 20
4.151411069610333
 30
0.0
 10
1.575696693002903
 20
4.171434912794248
 30
0.0
 10
1.571605591031967
 20
4.188576883622171
 30
0.0
 10
1.567024772562348
 20
4.201159875216569
 30
0.0
 10
1.559995631001411
 20
4.208036768274861
 30
0.0
 10
1.558169592100781
 20
4.2080520621166
 30
0.0
 10
1.557579503619725
 20
4.208057004355146
 30
0.0
  0
SPLINE
  5
D9
330
1F
100
AcDbEntity
  8
VISIBLE
100
AcDbSpline
210
0.0
220
0.0
230
1.0
 70
     8
 71
     3
 72
    17
 73
    13
 74
     0
 42
0.000000001
 43
0.0000000004589775
 40
0.0
 40
0.0
 40
0.0
 40
0.0
 40
0.0326640372643088
 40
0.1249607538442189
 40
0.2386479620174369
 40
0.3652097120811542
 40
0.497019215154233
 40
0.627314759312556
 40
0.7496368353391613
 40
0.8574644316367983
 40
0.944418514470302
 40
1.0
 40
1.0
 40
1.0
 40
1.0
 10
1.554441686599545
 20
4.20700211972786
 30
0.0
 10
1.554142031597324
 20
4.206821583141766
 30
0.0
 10
1.552995660293995
 20
4.206130915674291
 30
0.0
 10
1.54693338632059
 20
4.195967047558021
 30
0.0
 10
1.544201812893689
 20
4.180733165552354
 30
0.0
 10
1.541914470873835
 20
4.160601397051656
 30
0.0
 10
1.541439766722778
 20
4.138909882468254
 30
0.0
 10
1.542297642086556
 20
4.117677305760546
 30
0.0
 10
1.544675060585319
 20
4.098972166768292
 30
0.0
 10
1.548027478697552
 20
4.085030667897064
 30
0.0
 10
1.553226501796491
 20
4.075947268860832
 30
0.0
 10
1.55634437817882
 20
4.075306794632623
 30
0.0
 10
1.557560188400913
 20
4.075057042872722
 30
0.0
  0
SPLINE
  5
DA
330
1F
100
AcDbEntity
  8
VISIBLE
100
AcDbSpline
210
0.0
220
0.0
230
1.0
 70
     8
 71
     3
 72
    17
 73
    13
 74
     0
 42
0.000000001
 43
0.0000000005169854
 40
0.0
 40
0.0
 40
0.0
 40
0.0
 40
0.0747325853363424
 40
0.173227079527914
 40
0.2901952130193961
 40
0.4161560109681228
 40
0.542925573542303
 40
0.6652832221909118
 40
0.7794313539531437
 40
0.8803513753998891
 40
0.9613352841900615
 40
1.0
 40
1.0
 40
1.0
 40
1.0
 10
1.557560188400913
 20
4.69377547641095
 30
0.0
 10
1.559803179823913
 20
4.694785745004533
 30
0.0
 10
1.565002342302553
 20
4.697127506328827
 30
0.0
 10
1.570599749748876
 20
4.709898717682152
 30
0.0
 10
1.57523461314036
 20
4.727380831769655
 30
0.0
 10
1.577668231212664
 20
4.748570674233547
 30
0.0
 10
1.577728384552547
 20
4.770129503148563
 30
0.0
 10
1.575696693002903
 20
4.790153346332477
 30
0.0
 10
1.571605591031967
 20
4.807295317160401
 30
0.0
 10
1.567024772562348
 20
4.819878308754798
 30
0.0
 10
1.559995631001411
 20
4.826755201813091
 30
0.0
 10
1.558169592100782
 20
4.826770495654829
 30
0.0
 10
1.557579503619725
 20
4.826775437893375
 30
0.0
  0
SPLINE
  5
DB
330
1F
100
AcDbEntity
  8
VISIBLE
100
AcDbSpline
210
0.0
220
0.0
230
1.0
 70
     8
 71
     3
 72
    17
 73
    13
 74
     0
 42
0.000000001
 43
0.0000000005162823
 40
0.0
 40
0.0
 40
0.0
 40
0.0
 40
0.0326640372643085
 40
0.1249607538442187
 40
0.2386479620174367
 40
0.365209712081154
 40
0.4970192151542326
 40
0.6273147593125556
 40
0.7496368353391609
 40
0.8574644316367979
 40
0.9444185144703018
 40
1.0
 40
1.0
 40
1.0
 40
1.0
 10
1.554441686599545
 20
4.825720553266089
 30
0.0
 10
1.554142031597324
 20
4.825540016679994
 30
0.0
 10
1.552995660293994
 20
4.824849349212521
 30
0.0
 10
1.546933386320591
 20
4.81468548109625
 30
0.0
 10
1.544201812893688
 20
4.799451599090584
 30
0.0
 10
1.541914470873835
 20
4.779319830589886
 30
0.0
 10
1.541439766722778
 20
4.757628316006484
 30
0.0
 10
1.542297642086556
 20
4.736395739298775
 30
0.0
 10
1.544675060585318
 20
4.717690600306522
 30
0.0
 10
1.548027478697553
 20
4.703749101435294
 30
0.0
 10
1.553226501796491
 20
4.69466570239906
 30
0.0
 10
1.55634437817882
 20
4.694025228170852
 30
0.0
 10
1.557560188400913
 20
4.69377547641095
 30
0.0
  0
SPLINE
  5
DC
330
1F
100
AcDbEntity
  8
VISIBLE
100
AcDbSpline
210
0.0
220
0.0
230
1.0
 70
     8
 71
     3
 72
    12
 73
     8
 74
     0
 42
0.000000001
 43
0.0000000003461751
 40
0.0
 40
0.0
 40
0.0
 40
0.0
 40
0.1520481130712084
 40
0.3040175366917729
 40
0.5219182489350007
 40
0.7513992991865777
 40
1.0
 40
1.0
 40
1.0
 40
1.0
 10
1.781678168172508
 20
2.757742073538453
 30
0.0
 10
1.781961808755442
 20
2.753124040596023
 30
0.0
 10
1.782528943128817
 20
2.743890364681469
 30
0.0
 10
1.785719911295341
 20
2.730552804903847
 30
0.0
 10
1.799628326373043
 20
2.705264899342311
 30
0.0
 10
1.823398116438905
 20
2.685748400205981
 30
0.0
 10
1.845564368869656
 20
2.677034531457225
 30
0.0
 10
1.857090736225063
 20
2.672503352693528
 30
0.0
  0
SPLINE
  5
DD
330
1F
100
AcDbEntity
  8
VISIBLE
100
AcDbSpline
210
0.0
220
0.0
230
1.0
 70
     8
 71
     3
 72
    17
 73
    13
 74
     0
 42
0.000000001
 43
0.0000000005105223
 40
0.0
 40
0.0
 40
0.0
 40
0.0
 40
0.0558102213838757
 40
0.150069524120754
 40
0.2678089916413762
 40
0.4000307752634136
 40
0.5362219024411039
 40
0.6684079642397557
 40
0.7919398289485667
 40
0.899455543914467
 40
0.9764428141765416
 40
1.0
 40
1.0
 40
1.0
 40
1.0
 10
1.516556208891172
 20
4.763416259641835
 30
0.0
 10
1.517854406072801
 20
4.758463465568907
 30
0.0
 10
1.52134516150131
 20
4.745145771584497
 30
0.0
 10
1.533354034364133
 20
4.694650261580342
 30
0.0
 10
1.547062453919413
 20
4.620104623307391
 30
0.0
 10
1.557711154857512
 20
4.52320689910788
 30
0.0
 10
1.559508490311057
 20
4.420058669778589
 30
0.0
 10
1.552539784932166
 20
4.323044712961519
 30
0.0
 10
1.539623387860236
 20
4.238456636574293
 30
0.0
 10
1.526776941840985
 20
4.178239114385468
 30
0.0
 10
1.517595437138775
 20
4.142340082777033
 30
0.0
 10
1.516753476994549
 20
4.139161086536387
 30
0.0
 10
1.516556208916868
 20
4.13841625973948
 30
0.0
  0
LINE
  5
DE
330
1F
100
AcDbEntity
  8
VISIBLE
100
AcDbLine
 10
1.991556208891172
 20
4.753580187938876
 30
0.0
 11
1.991556208891172
 21
4.825819223390854
 31
0.0
  0
LINE
  5
DF
330
1F
100
AcDbEntity
  8
VISIBLE
100
AcDbLine
 10
3.416556208891173
 20
4.825819223390854
 30
0.0
 11
3.416556208891173
 21
4.753580187938877
 31
0.0
  0
ARC
  5
E0
330
1F
100
AcDbEntity
  8
VISIBLE
100
AcDbCircle
 10
3.154056208891173
 20
3.275916259641836
 30
0.0
 40
0.2
100
AcDbArc
 50
269.9999999999999
 51
0.0000000000001272
  0
LINE
  5
E1
330
1F
100
AcDbEntity
  8
VISIBLE
100
AcDbLine
 10
1.516556208891172
 20
5.075916259641836
 30
0.0
 11
1.543170232578253
 21
5.075916259641836
 31
0.0
  0
LINE
  5
E2
330
1F
100
AcDbEntity
  8
VISIBLE
100
AcDbLine
 10
1.516556208891172
 20
2.075916259641836
 30
0.0
 11
3.891556208891172
 21
2.075916259641836
 31
0.0
  0
ARC
  5
E3
330
1F
100
AcDbEntity
  8
VISIBLE
100
AcDbCircle
 10
3.154056208891173
 20
3.275916259641836
 30
0.0
 40
0.3499999999999995
100
AcDbArc
 50
270.0
 51
0.0
  0
ARC
  5
E4
330
1F
100
AcDbEntity
  8
VISIBLE
100
AcDbCircle
 10
2.254056208891172
 20
3.275916259641836
 30
0.0
 40
0.3499999999999998
100
AcDbArc
 50
180.0
 51
270.0
  0
ARC
  5
E5
330
1F
100
AcDbEntity
  8
VISIBLE
100
AcDbCircle
 10
2.254056208891172
 20
3.275916259641836
 30
0.0
 40
0.2
100
AcDbArc
 50
179.9999999999999
 51
270.0
  0
LINE
  5
E6
330
1F
100
AcDbEntity
  8
VISIBLE
100
AcDbLine
 10
3.864942185204092
 20
5.075916259641836
 30
0.0
 11
3.891556208891172
 21
5.075916259641836
 31
0.0
  0
ELLIPSE
  5
E7
330
1F
100
AcDbEntity
  8
VISIBLE
100
AcDbEllipse
 10
3.219206609617348
 20
2.588087778037924
 30
0.0
 11
-0.109375
 21
0.0
 31
0.0
210
0.0
220
0.0
230
1.0
 40
0.5773502691896267
 41
0.0
 42
6.283185307179586
  0
ELLIPSE
  5
E8
330
1F
100
AcDbEntity
  8
VISIBLE
100
AcDbEllipse
 10
2.188905808164999
 20
2.588087778037924
 30
0.0
 11
-0.109375
 21
0.0
 31
0.0
210
0.0
220
0.0
230
1.0
 40
0.5773502691896267
 41
0.0
 42
6.283185307179586
  0
ELLIPSE
  5
E9
330
1F
100
AcDbEntity
  8
VISIBLE
100
AcDbEllipse
 10
2.031805189415774
 20
4.760275476410951
 30
0.0
 11
0.0618674355375555
 21
-0.06186743553755482
 31
0.0
210
0.0
220
0.0
230
-1.0
 40
0.3941631806202249
 41
8.12859425985766
 42
9.97003259928315
  0
ELLIPSE
  5
EA
330
1F
100
AcDbEntity
  8
VISIBLE
100
AcDbEllipse
 10
3.37630722836657
 20
4.760275476410951
 30
0.0
 11
0.0618674355375555
 21
0.06186743553755482
 31
0.0
210
0.0
220
0.0
230
-1.0
 40
0.3941631806202249
 41
5.737930668665801
 42
7.579369008091293
  0
ELLIPSE
  5
EB
330
1F
100
AcDbEntity
  8
VISIBLE
100
AcDbEllipse
 10
2.704056208891172
 20
5.309249592975169
 30
0.0
 11
1.1875
 21
0.0
 31
0.0
210
0.0
220
0.0
230
1.0
 40
0.9333333333333338
 41
3.35370596406902
 42
3.617146968718674
  0
ELLIPSE
  5
EC
330
1F
100
AcDbEntity
  8
VISIBLE
100
AcDbEllipse
 10
2.704056208891172
 20
5.309249592975169
 30
0.0
 11
1.1875
 21
0.0
 31
0.0
210
0.0
220
0.0
230
1.0
 40
0.9333333333333338
 41
5.807630992050703
 42
6.071071996700358
  0
LINE
  5
F2
330
1F
100
AcDbEntity
  8
HIDDEN
100
AcDbLine
 10
3.416556208891173
 20
6.2622535782325
 30
0.0
 11
3.421681392015511
 21
6.2622535782325
 31
0.0
  0
LINE
  5
F3
330
1F
100
AcDbEntity
  8
HIDDEN
100
AcDbLine
 10
1.986431025766833
 20
6.2622535782325
 30
0.0
 11
1.991556208891172
 21
6.2622535782325
 31
0.0
  0
LINE
  5
F4
330
1F
100
AcDbEntity
  8
HIDDEN
100
AcDbLine
 10
3.83063249099558
 20
7.01397201177073
 30
0.0
 11
3.421681392015511
 21
7.01397201177073
 31
0.0
  0
LINE
  5
F5
330
1F
100
AcDbEntity
  8
HIDDEN
100
AcDbLine
 10
3.416556208891173
 20
6.880972011770729
 30
0.0
 11
3.86627157229087
 21
6.880972011770729
 31
0.0
  0
LINE
  5
F6
330
1F
100
AcDbEntity
  8
HIDDEN
100
AcDbLine
 10
3.866375010623285
 20
6.3952535782325
 30
0.0
 11
3.416556208891173
 21
6.3952535782325
 31
0.0
  0
LINE
  5
F7
330
1F
100
AcDbEntity
  8
HIDDEN
100
AcDbLine
 10
3.421681392015511
 20
6.2622535782325
 30
0.0
 11
3.830799471799781
 21
6.2622535782325
 31
0.0
  0
LINE
  5
F8
330
1F
100
AcDbEntity
  8
HIDDEN
100
AcDbLine
 10
1.991556208891172
 20
7.01397201177073
 30
0.0
 11
1.986431025766832
 21
7.01397201177073
 31
0.0
  0
LINE
  5
F9
330
1F
100
AcDbEntity
  8
HIDDEN
100
AcDbLine
 10
1.991556208891172
 20
6.3952535782325
 30
0.0
 11
1.541737407159059
 21
6.3952535782325
 31
0.0
  0
LINE
  5
FA
330
1F
100
AcDbEntity
  8
HIDDEN
100
AcDbLine
 10
1.577312945982563
 20
6.2622535782325
 30
0.0
 11
1.986431025766833
 21
6.2622535782325
 31
0.0
  0
LINE
  5
FB
330
1F
100
AcDbEntity
  8
HIDDEN
100
AcDbLine
 10
1.986431025766832
 20
7.01397201177073
 30
0.0
 11
1.577479926786765
 21
7.01397201177073
 31
0.0
  0
LINE
  5
FC
330
1F
100
AcDbEntity
  8
HIDDEN
100
AcDbLine
 10
1.541840845491475
 20
6.880972011770729
 30
0.0
 11
1.991556208891172
 21
6.880972011770729
 31
0.0
  0
LINE
  5
FD
330
1F
100
AcDbEntity
  8
HIDDEN
100
AcDbLine
 10
3.850204985557469
 20
6.950612795001615
 30
0.0
 11
3.416556208891173
 21
6.950612795001615
 31
0.0
  0
LINE
  5
FE
330
1F
100
AcDbEntity
  8
HIDDEN
100
AcDbLine
 10
3.416556208891173
 20
6.325612795001615
 30
0.0
 11
3.850687044418232
 21
6.325612795001615
 31
0.0
  0
LINE
  5
FF
330
1F
100
AcDbEntity
  8
HIDDEN
100
AcDbLine
 10
1.991556208891171
 20
6.950612795001615
 30
0.0
 11
1.557907432224876
 21
6.950612795001615
 31
0.0
  0
LINE
  5
100
330
1F
100
AcDbEntity
  8
HIDDEN
100
AcDbLine
 10
1.557425373364113
 20
6.325612795001615
 30
0.0
 11
1.991556208891171
 21
6.325612795001615
 31
0.0
  0
LINE
  5
101
330
1F
100
AcDbEntity
  8
HIDDEN
100
AcDbLine
 10
3.421681392015511
 20
7.01397201177073
 30
0.0
 11
3.416556208891173
 21
7.01397201177073
 31
0.0
  0
CIRCLE
  5
102
330
1F
100
AcDbEntity
  8
VISIBLE
100
AcDbCircle
 10
3.219206609617348
 20
7.458537457680441
 30
0.0
 40
0.109375
  0
CIRCLE
  5
103
330
1F
100
AcDbEntity
  8
VISIBLE
100
AcDbCircle
 10
2.188905808165
 20
7.458537457680441
 30
0.0
 40
0.109375
  0
CIRCLE
  5
104
330
1F
100
AcDbEntity
  8
VISIBLE
100
AcDbCircle
 10
2.188905808165
 20
5.817688132322792
 30
0.0
 40
0.109375
  0
CIRCLE
  5
105
330
1F
100
AcDbEntity
  8
VISIBLE
100
AcDbCircle
 10
3.219206609617348
 20
5.817688132322792
 30
0.0
 40
0.109375
  0
CIRCLE
  5
106
330
1F
100
AcDbEntity
  8
VISIBLE
100
AcDbCircle
 10
3.219206609617347
 20
7.45853745768044
 30
0.0
 40
0.0665
  0
CIRCLE
  5
107
330
1F
100
AcDbEntity
  8
VISIBLE
100
AcDbCircle
 10
2.188905808164999
 20
7.45853745768044
 30
0.0
 40
0.0665
  0
CIRCLE
  5
108
330
1F
100
AcDbEntity
  8
VISIBLE
100
AcDbCircle
 10
3.219206609617348
 20
5.817688132322791
 30
0.0
 40
0.0665
  0
CIRCLE
  5
109
330
1F
100
AcDbEntity
  8
VISIBLE
100
AcDbCircle
 10
2.188905808164999
 20
5.817688132322791
 30
0.0
 40
0.0665
  0
LINE
  5
10A
330
1F
100
AcDbEntity
  8
TANGENT_LINES
100
AcDbLine
 10
1.857090736225064
 20
7.312325393426812
 30
0.0
 11
3.551021681557281
 21
7.312325393426812
 31
0.0
  0
LINE
  5
10B
330
1F
100
AcDbEntity
  8
VISIBLE
100
AcDbLine
 10
3.551021681557283
 20
7.312325393426812
 30
0.0
 11
3.673474520978887
 21
7.323958540187081
 31
0.0
  0
LINE
  5
10C
330
1F
100
AcDbEntity
  8
VISIBLE
100
AcDbLine
 10
2.254056208891172
 20
6.163112795001616
 30
0.0
 11
3.154056208891173
 21
6.163112795001616
 31
0.0
  0
LINE
  5
10D
330
1F
100
AcDbEntity
  8
VISIBLE
100
AcDbLine
 10
2.254056208891172
 20
7.263112795001616
 30
0.0
 11
3.154056208891173
 21
7.263112795001616
 31
0.0
  0
LINE
  5
10E
330
1F
100
AcDbEntity
  8
VISIBLE
100
AcDbLine
 10
3.154056208891173
 20
7.113112795001617
 30
0.0
 11
2.254056208891172
 21
7.113112795001617
 31
0.0
  0
LINE
  5
10F
330
1F
100
AcDbEntity
  8
TANGENT_LINES
100
AcDbLine
 10
2.254056208891172
 20
7.113112795001617
 30
0.0
 11
2.254056208891172
 21
7.263112795001616
 31
0.0
  0
LINE
  5
110
330
1F
100
AcDbEntity
  8
VISIBLE
100
AcDbLine
 10
3.673474520978888
 20
5.95226704981615
 30
0.0
 11
3.551021681557281
 21
5.963900196576419
 31
0.0
  0
LINE
  5
111
330
1F
100
AcDbEntity
  8
TANGENT_LINES
100
AcDbLine
 10
2.254056208891172
 20
7.113112795001617
 30
0.0
 11
2.254056208891172
 21
6.163112795001616
 31
0.0
  0
LINE
  5
112
330
1F
100
AcDbEntity
  8
TANGENT_LINES
100
AcDbLine
 10
3.154056208891173
 20
7.113112795001617
 30
0.0
 11
3.154056208891173
 21
7.263112795001616
 31
0.0
  0
LINE
  5
113
330
1F
100
AcDbEntity
  8
VISIBLE
100
AcDbLine
 10
2.054056208891172
 20
7.113112795001616
 30
0.0
 11
1.991556208891172
 21
7.175612795001616
 31
0.0
  0
LINE
  5
114
330
1F
100
AcDbEntity
  8
VISIBLE
100
AcDbLine
 10
3.416556208891173
 20
7.175612795001616
 30
0.0
 11
3.354056208891173
 21
7.113112795001616
 31
0.0
  0
LINE
  5
115
330
1F
100
AcDbEntity
  8
TANGENT_LINES
100
AcDbLine
 10
3.154056208891173
 20
7.113112795001617
 30
0.0
 11
3.154056208891173
 21
6.163112795001616
 31
0.0
  0
LINE
  5
116
330
1F
100
AcDbEntity
  8
VISIBLE
100
AcDbLine
 10
3.354056208891173
 20
6.163112795001616
 30
0.0
 11
3.416556208891173
 21
6.100612795001615
 31
0.0
  0
LINE
  5
117
330
1F
100
AcDbEntity
  8
VISIBLE
100
AcDbLine
 10
3.354056208891173
 20
7.113112795001616
 30
0.0
 11
3.354056208891173
 21
6.163112795001616
 31
0.0
  0
LINE
  5
118
330
1F
100
AcDbEntity
  8
VISIBLE
100
AcDbLine
 10
3.416556208891173
 20
6.447237272094649
 30
0.0
 11
3.416556208891173
 21
6.82898831790858
 31
0.0
  0
LINE
  5
119
330
1F
100
AcDbEntity
  8
VISIBLE
100
AcDbLine
 10
1.991556208891171
 20
6.447237272094648
 30
0.0
 11
1.991556208891171
 21
6.339990447540025
 31
0.0
  0
LINE
  5
11A
330
1F
100
AcDbEntity
  8
VISIBLE
100
AcDbLine
 10
3.566556208891172
 20
6.013112795001615
 30
0.0
 11
3.504056208891173
 21
6.013112795001615
 31
0.0
  0
LINE
  5
11B
330
1F
100
AcDbEntity
  8
VISIBLE
100
AcDbLine
 10
1.991556208891171
 20
6.82898831790858
 30
0.0
 11
1.991556208891171
 21
6.447237272094648
 31
0.0
  0
LINE
  5
11C
330
1F
100
AcDbEntity
  8
VISIBLE
100
AcDbLine
 10
3.566556208891172
 20
6.888112795001615
 30
0.0
 11
3.864942185204092
 21
6.888112795001615
 31
0.0
  0
LINE
  5
11D
330
1F
100
AcDbEntity
  8
VISIBLE
100
AcDbLine
 10
1.841556208891171
 20
6.013112795001615
 30
0.0
 11
1.841556208891171
 21
6.388112795001615
 31
0.0
  0
LINE
  5
11E
330
1F
100
AcDbEntity
  8
VISIBLE
100
AcDbLine
 10
1.991556208891172
 20
6.262591480984335
 30
0.0
 11
1.991556208891171
 21
6.100612795001615
 31
0.0
  0
LINE
  5
11F
330
1F
100
AcDbEntity
  8
TANGENT_LINES
100
AcDbLine
 10
3.154056208891173
 20
6.013112795001616
 30
0.0
 11
3.154056208891173
 21
6.163112795001616
 31
0.0
  0
LINE
  5
120
330
1F
100
AcDbEntity
  8
VISIBLE
100
AcDbLine
 10
3.759790110918559
 20
7.181787493796795
 30
0.0
 11
3.626434249609837
 21
7.263112795001615
 31
0.0
  0
LINE
  5
121
330
1F
100
AcDbEntity
  8
VISIBLE
100
AcDbLine
 10
1.841556208891171
 20
6.888112795001615
 30
0.0
 11
1.991556208891171
 21
6.82898831790858
 31
0.0
  0
LINE
  5
122
330
1F
100
AcDbEntity
  8
VISIBLE
100
AcDbLine
 10
3.416556208891173
 20
6.82898831790858
 30
0.0
 11
3.416556208891173
 21
6.936235142463205
 31
0.0
  0
LINE
  5
123
330
1F
100
AcDbEntity
  8
TANGENT_LINES
100
AcDbLine
 10
2.254056208891172
 20
6.013112795001616
 30
0.0
 11
2.254056208891172
 21
6.163112795001616
 31
0.0
  0
LINE
  5
124
330
1F
100
AcDbEntity
  8
VISIBLE
100
AcDbLine
 10
1.781678168172508
 20
7.263112795001615
 30
0.0
 11
1.648322306863785
 21
7.181787493796794
 31
0.0
  0
LINE
  5
125
330
1F
100
AcDbEntity
  8
VISIBLE
100
AcDbLine
 10
3.566556208891172
 20
7.263112795001615
 30
0.0
 11
3.626434249609837
 21
7.263112795001615
 31
0.0
  0
LINE
  5
126
330
1F
100
AcDbEntity
  8
VISIBLE
100
AcDbLine
 10
1.904056208891172
 20
6.013112795001615
 30
0.0
 11
1.841556208891171
 21
6.013112795001615
 31
0.0
  0
LINE
  5
127
330
1F
100
AcDbEntity
  8
VISIBLE
100
AcDbLine
 10
1.841556208891171
 20
6.388112795001615
 30
0.0
 11
1.991556208891171
 21
6.447237272094648
 31
0.0
  0
LINE
  5
128
330
1F
100
AcDbEntity
  8
VISIBLE
100
AcDbLine
 10
3.626434249609836
 20
6.013112795001615
 30
0.0
 11
3.759790110918559
 21
6.094438096206434
 31
0.0
  0
LINE
  5
129
330
1F
100
AcDbEntity
  8
VISIBLE
100
AcDbLine
 10
1.841556208891171
 20
6.388112795001615
 30
0.0
 11
1.841556208891171
 21
6.888112795001615
 31
0.0
  0
LINE
  5
12A
330
1F
100
AcDbEntity
  8
VISIBLE
100
AcDbLine
 10
1.904056208891172
 20
6.013112795001615
 30
0.0
 11
1.991556208891171
 21
6.100612795001615
 31
0.0
  0
LINE
  5
12B
330
1F
100
AcDbEntity
  8
VISIBLE
100
AcDbLine
 10
1.841556208891171
 20
6.888112795001615
 30
0.0
 11
1.841556208891171
 21
7.263112795001615
 31
0.0
  0
LINE
  5
12C
330
1F
100
AcDbEntity
  8
VISIBLE
100
AcDbLine
 10
3.416556208891173
 20
6.447237272094649
 30
0.0
 11
3.566556208891172
 21
6.388112795001615
 31
0.0
  0
LINE
  5
12D
330
1F
100
AcDbEntity
  8
VISIBLE
100
AcDbLine
 10
1.781678168172508
 20
7.263112795001615
 30
0.0
 11
1.841556208891171
 21
7.263112795001615
 31
0.0
  0
LINE
  5
12E
330
1F
100
AcDbEntity
  8
VISIBLE
100
AcDbLine
 10
1.904056208891172
 20
7.263112795001615
 30
0.0
 11
1.991556208891171
 21
7.175612795001616
 31
0.0
  0
LINE
  5
12F
330
1F
100
AcDbEntity
  8
VISIBLE
100
AcDbLine
 10
1.734637896803457
 20
5.952267049816149
 30
0.0
 11
1.857090736225063
 21
5.963900196576419
 31
0.0
  0
LINE
  5
130
330
1F
100
AcDbEntity
  8
VISIBLE
100
AcDbLine
 10
3.504056208891173
 20
7.263112795001615
 30
0.0
 11
3.566556208891172
 21
7.263112795001615
 31
0.0
  0
LINE
  5
131
330
1F
100
AcDbEntity
  8
VISIBLE
100
AcDbLine
 10
3.416556208891173
 20
6.100612795001615
 30
0.0
 11
3.416556208891173
 21
6.262591480984335
 31
0.0
  0
LINE
  5
132
330
1F
100
AcDbEntity
  8
VISIBLE
100
AcDbLine
 10
3.416556208891173
 20
7.175612795001615
 30
0.0
 11
3.504056208891173
 21
7.263112795001615
 31
0.0
  0
LINE
  5
133
330
1F
100
AcDbEntity
  8
TANGENT_LINES
100
AcDbLine
 10
1.857090736225063
 20
5.963900196576419
 30
0.0
 11
3.551021681557281
 21
5.963900196576419
 31
0.0
  0
LINE
  5
134
330
1F
100
AcDbEntity
  8
VISIBLE
100
AcDbLine
 10
1.991556208891172
 20
6.100612795001616
 30
0.0
 11
2.054056208891172
 21
6.163112795001616
 31
0.0
  0
LINE
  5
135
330
1F
100
AcDbEntity
  8
VISIBLE
100
AcDbLine
 10
2.054056208891172
 20
7.113112795001616
 30
0.0
 11
2.054056208891172
 21
6.163112795001616
 31
0.0
  0
LINE
  5
136
330
1F
100
AcDbEntity
  8
VISIBLE
100
AcDbLine
 10
3.416556208891173
 20
7.013634109018895
 30
0.0
 11
3.416556208891173
 21
7.175612795001615
 31
0.0
  0
LINE
  5
137
330
1F
100
AcDbEntity
  8
VISIBLE
100
AcDbLine
 10
3.416556208891173
 20
6.100612795001615
 30
0.0
 11
3.504056208891173
 21
6.013112795001615
 31
0.0
  0
LINE
  5
138
330
1F
100
AcDbEntity
  8
VISIBLE
100
AcDbLine
 10
1.991556208891172
 20
6.936235142463203
 30
0.0
 11
1.991556208891171
 21
6.82898831790858
 31
0.0
  0
LINE
  5
139
330
1F
100
AcDbEntity
  8
VISIBLE
100
AcDbLine
 10
1.857090736225064
 20
7.312325393426812
 30
0.0
 11
1.734637896803458
 21
7.323958540187081
 31
0.0
  0
LINE
  5
13A
330
1F
100
AcDbEntity
  8
VISIBLE
100
AcDbLine
 10
1.841556208891171
 20
7.263112795001615
 30
0.0
 11
1.904056208891172
 21
7.263112795001615
 31
0.0
  0
LINE
  5
13B
330
1F
100
AcDbEntity
  8
VISIBLE
100
AcDbLine
 10
1.991556208891171
 20
7.175612795001616
 30
0.0
 11
1.991556208891171
 21
7.013634109018895
 31
0.0
  0
LINE
  5
13C
330
1F
100
AcDbEntity
  8
VISIBLE
100
AcDbLine
 10
3.416556208891173
 20
6.82898831790858
 30
0.0
 11
3.566556208891172
 21
6.888112795001615
 31
0.0
  0
LINE
  5
13D
330
1F
100
AcDbEntity
  8
VISIBLE
100
AcDbLine
 10
3.566556208891172
 20
6.388112795001615
 30
0.0
 11
3.566556208891172
 21
6.013112795001615
 31
0.0
  0
LINE
  5
13E
330
1F
100
AcDbEntity
  8
VISIBLE
100
AcDbLine
 10
1.781678168172507
 20
6.013112795001615
 30
0.0
 11
1.841556208891171
 21
6.013112795001615
 31
0.0
  0
LINE
  5
13F
330
1F
100
AcDbEntity
  8
VISIBLE
100
AcDbLine
 10
3.154056208891173
 20
6.013112795001616
 30
0.0
 11
2.254056208891172
 21
6.013112795001616
 31
0.0
  0
LINE
  5
140
330
1F
100
AcDbEntity
  8
VISIBLE
100
AcDbLine
 10
3.566556208891172
 20
7.263112795001615
 30
0.0
 11
3.566556208891172
 21
6.888112795001615
 31
0.0
  0
LINE
  5
141
330
1F
100
AcDbEntity
  8
VISIBLE
100
AcDbLine
 10
1.648322306863786
 20
6.094438096206435
 30
0.0
 11
1.781678168172507
 21
6.013112795001615
 31
0.0
  0
LINE
  5
142
330
1F
100
AcDbEntity
  8
VISIBLE
100
AcDbLine
 10
3.566556208891172
 20
6.013112795001615
 30
0.0
 11
3.626434249609836
 21
6.013112795001615
 31
0.0
  0
LINE
  5
143
330
1F
100
AcDbEntity
  8
VISIBLE
100
AcDbLine
 10
3.416556208891173
 20
6.339990447540026
 30
0.0
 11
3.416556208891173
 21
6.447237272094649
 31
0.0
  0
LINE
  5
144
330
1F
100
AcDbEntity
  8
VISIBLE
100
AcDbLine
 10
3.566556208891172
 20
6.388112795001615
 30
0.0
 11
3.864942185204092
 21
6.388112795001615
 31
0.0
  0
LINE
  5
145
330
1F
100
AcDbEntity
  8
VISIBLE
100
AcDbLine
 10
3.566556208891172
 20
6.888112795001615
 30
0.0
 11
3.566556208891172
 21
6.388112795001615
 31
0.0
  0
LINE
  5
146
330
1F
100
AcDbEntity
  8
VISIBLE
100
AcDbLine
 10
1.543170232578252
 20
6.888112795001615
 30
0.0
 11
1.841556208891171
 21
6.888112795001615
 31
0.0
  0
LINE
  5
147
330
1F
100
AcDbEntity
  8
VISIBLE
100
AcDbLine
 10
1.543170232578252
 20
6.388112795001615
 30
0.0
 11
1.841556208891171
 21
6.388112795001615
 31
0.0
  0
ARC
  5
148
330
1F
100
AcDbEntity
  8
VISIBLE
100
AcDbCircle
 10
2.704056208891172
 20
6.638112795001615
 30
0.0
 40
1.1875
100
AcDbArc
 50
215.2787091669893
 51
324.721290833011
  0
SPLINE
  5
149
330
1F
100
AcDbEntity
  8
VISIBLE
100
AcDbSpline
210
0.0
220
0.0
230
1.0
 70
     8
 71
     3
 72
    15
 73
    11
 74
     0
 42
0.000000001
 43
0.0000000008584977
 40
0.0
 40
0.0
 40
0.0
 40
0.0
 40
0.1249973548753948
 40
0.250001715981333
 40
0.3750008568335019
 40
0.4999999999999999
 40
0.6249991431664987
 40
0.7499982840186687
 40
0.8750026451246071
 40
1.0
 40
1.0
 40
1.0
 40
1.0
 10
3.551021681557286
 20
7.312325393426812
 30
0.0
 10
3.498639367233391
 20
7.376389907724793
 30
0.0
 10
3.393871802502907
 20
7.504522527202795
 30
0.0
 10
3.18489239119561
 20
7.643022891278886
 30
0.0
 10
2.951860426408905
 20
7.730671414095267
 30
0.0
 10
2.704056208891178
 20
7.760583485547094
 30
0.0
 10
2.456251991373447
 20
7.730671414095265
 30
0.0
 10
2.223220026586738
 20
7.643022891278886
 30
0.0
 10
2.014240615279442
 20
7.50452252720279
 30
0.0
 10
1.90947305054896
 20
7.376389907724792
 30
0.0
 10
1.857090736225067
 20
7.312325393426814
 30
0.0
  0
ARC
  5
14A
330
1F
100
AcDbEntity
  8
VISIBLE
100
AcDbCircle
 10
2.704056208891172
 20
6.638112795001615
 30
0.0
 40
1.1875
100
AcDbArc
 50
207.2472551861193
 51
215.278709166989
  0
SPLINE
  5
14B
330
1F
100
AcDbEntity
  8
VISIBLE
100
AcDbSpline
210
0.0
220
0.0
230
1.0
 70
     8
 71
     3
 72
    12
 73
     8
 74
     0
 42
0.000000001
 43
0.0000000006366797
 40
0.0
 40
0.0
 40
0.0
 40
0.0
 40
0.0642840090958356
 40
0.1752083619401167
 40
0.3949180969053821
 40
0.6744824318298368
 40
1.0
 40
1.0
 40
1.0
 40
1.0
 10
1.781678168172508
 20
6.013112795001615
 30
0.0
 10
1.782034674787326
 20
6.012829787017596
 30
0.0
 10
1.783006346294463
 20
6.012058438652838
 30
0.0
 10
1.786945725625859
 20
6.008988526530088
 30
0.0
 10
1.801615702695087
 20
5.998210820955321
 30
0.0
 10
1.824385245479873
 20
5.982873786783001
 30
0.0
 10
1.845650570888717
 20
5.97053703351241
 30
0.0
 10
1.857090736225063
 20
5.963900196576419
 30
0.0
  0
ARC
  5
14C
330
1F
100
AcDbEntity
  8
VISIBLE
100
AcDbCircle
 10
2.704056208891172
 20
6.638112795001615
 30
0.0
 40
1.1875
100
AcDbArc
 50
27.24725518611933
 51
35.27870916698912
  0
SPLINE
  5
14D
330
1F
100
AcDbEntity
  8
VISIBLE
100
AcDbSpline
210
0.0
220
0.0
230
1.0
 70
     8
 71
     3
 72
    12
 73
     8
 74
     0
 42
0.000000001
 43
0.0000000008214845
 40
0.0
 40
0.0
 40
0.0
 40
0.0
 40
0.0642840090958445
 40
0.175208361940124
 40
0.3949180969053906
 40
0.6744824318298421
 40
1.0
 40
1.0
 40
1.0
 40
1.0
 10
3.626434249609836
 20
7.263112795001615
 30
0.0
 10
3.626077742995018
 20
7.263395802985635
 30
0.0
 10
3.625106071487881
 20
7.264167151350393
 30
0.0
 10
3.621166692156484
 20
7.267237063473143
 30
0.0
 10
3.606496715087256
 20
7.27801476904791
 30
0.0
 10
3.58372717230247
 20
7.293351803220229
 30
0.0
 10
3.562461846893628
 20
7.30568855649082
 30
0.0
 10
3.551021681557281
 20
7.312325393426812
 30
0.0
  0
ARC
  5
14E
330
1F
100
AcDbEntity
  8
VISIBLE
100
AcDbCircle
 10
2.704056208891172
 20
6.638112795001615
 30
0.0
 40
1.1875
100
AcDbArc
 50
324.721290833011
 51
332.7527448138808
  0
ARC
  5
14F
330
1F
100
AcDbEntity
  8
VISIBLE
100
AcDbCircle
 10
2.704056208891172
 20
6.638112795001615
 30
0.0
 40
1.1875
100
AcDbArc
 50
35.27870916698912
 51
144.7212908330108
  0
SPLINE
  5
150
330
1F
100
AcDbEntity
  8
VISIBLE
100
AcDbSpline
210
0.0
220
0.0
230
1.0
 70
     8
 71
     3
 72
    12
 73
     8
 74
     0
 42
0.000000001
 43
0.0000000007083157
 40
0.0
 40
0.0
 40
0.0
 40
0.0
 40
0.3258630302900734
 40
0.6055858317983721
 40
0.8252513543080374
 40
0.9360222797830039
 40
1.0
 40
1.0
 40
1.0
 40
1.0
 10
3.551021681557281
 20
5.963900196576419
 30
0.0
 10
3.562471049819184
 20
5.970555275540678
 30
0.0
 10
3.583748625235696
 20
5.982923114649852
 30
0.0
 10
3.606529266593009
 20
5.998256260071052
 30
0.0
 10
3.621191955279027
 20
6.009006470442814
 30
0.0
 10
3.625124350170998
 20
6.012061612601212
 30
0.0
 10
3.626083201750119
 20
6.012831082283148
 30
0.0
 10
3.626434249609836
 20
6.013112795001615
 30
0.0
  0
SPLINE
  5
151
330
1F
100
AcDbEntity
  8
VISIBLE
100
AcDbSpline
210
0.0
220
0.0
230
1.0
 70
     8
 71
     3
 72
    12
 73
     8
 74
     0
 42
0.000000001
 43
0.0000000007605832
 40
0.0
 40
0.0
 40
0.0
 40
0.0
 40
0.3258630302900698
 40
0.6055858317983697
 40
0.8252513543080373
 40
0.9360222797830022
 40
1.0
 40
1.0
 40
1.0
 40
1.0
 10
1.857090736225064
 20
7.312325393426812
 30
0.0
 10
1.845641367963162
 20
7.305670314462552
 30
0.0
 10
1.82436379254665
 20
7.293302475353379
 30
0.0
 10
1.801583151189336
 20
7.27796932993218
 30
0.0
 10
1.786920462503318
 20
7.267219119560417
 30
0.0
 10
1.782988067611346
 20
7.264163977402021
 30
0.0
 10
1.782029216032226
 20
7.263394507720083
 30
0.0
 10
1.781678168172509
 20
7.263112795001615
 30
0.0
  0
SPLINE
  5
152
330
1F
100
AcDbEntity
  8
VISIBLE
100
AcDbSpline
210
0.0
220
0.0
230
1.0
 70
     8
 71
     3
 72
    15
 73
    11
 74
     0
 42
0.000000001
 43
0.0000000007003091
 40
0.0
 40
0.0
 40
0.0
 40
0.0
 40
0.1249973548753924
 40
0.2500017159813309
 40
0.3750008568335012
 40
0.4999999999999999
 40
0.6249991431664976
 40
0.7499982840186671
 40
0.8750026451246056
 40
1.0
 40
1.0
 40
1.0
 40
1.0
 10
1.857090736225065
 20
5.963900196576416
 30
0.0
 10
1.909473050548957
 20
5.899835682278439
 30
0.0
 10
2.014240615279437
 20
5.77170306280044
 30
0.0
 10
2.223220026586734
 20
5.633202698724346
 30
0.0
 10
2.456251991373445
 20
5.545554175907967
 30
0.0
 10
2.704056208891174
 20
5.515642104456138
 30
0.0
 10
2.9518604264089
 20
5.545554175907964
 30
0.0
 10
3.184892391195607
 20
5.633202698724343
 30
0.0
 10
3.393871802502903
 20
5.771703062800438
 30
0.0
 10
3.498639367233387
 20
5.899835682278439
 30
0.0
 10
3.551021681557281
 20
5.963900196576419
 30
0.0
  0
ARC
  5
153
330
1F
100
AcDbEntity
  8
VISIBLE
100
AcDbCircle
 10
2.704056208891172
 20
6.638112795001615
 30
0.0
 40
1.1875
100
AcDbArc
 50
144.721290833011
 51
152.7527448138807
  0
LINE
  5
154
330
1F
100
AcDbEntity
  8
VISIBLE
100
AcDbLine
 10
1.904056208891171
 20
7.263112795001616
 30
0.0
 11
2.254056208891172
 21
7.263112795001616
 31
0.0
  0
LINE
  5
155
330
1F
100
AcDbEntity
  8
VISIBLE
100
AcDbLine
 10
2.254056208891172
 20
7.113112795001616
 30
0.0
 11
2.054056208891172
 21
7.113112795001616
 31
0.0
  0
LINE
  5
156
330
1F
100
AcDbEntity
  8
VISIBLE
100
AcDbLine
 10
2.054056208891172
 20
6.163112795001616
 30
0.0
 11
2.254056208891172
 21
6.163112795001616
 31
0.0
  0
LINE
  5
157
330
1F
100
AcDbEntity
  8
VISIBLE
100
AcDbLine
 10
3.154056208891172
 20
7.263112795001616
 30
0.0
 11
3.504056208891174
 21
7.263112795001616
 31
0.0
  0
LINE
  5
158
330
1F
100
AcDbEntity
  8
VISIBLE
100
AcDbLine
 10
2.254056208891172
 20
6.013112795001616
 30
0.0
 11
1.904056208891172
 21
6.013112795001616
 31
0.0
  0
LINE
  5
159
330
1F
100
AcDbEntity
  8
VISIBLE
100
AcDbLine
 10
3.504056208891173
 20
6.013112795001616
 30
0.0
 11
3.154056208891173
 21
6.013112795001616
 31
0.0
  0
LINE
  5
15A
330
1F
100
AcDbEntity
  8
VISIBLE
100
AcDbLine
 10
3.354056208891173
 20
7.113112795001616
 30
0.0
 11
3.154056208891173
 21
7.113112795001616
 31
0.0
  0
LINE
  5
15B
330
1F
100
AcDbEntity
  8
VISIBLE
100
AcDbLine
 10
3.154056208891173
 20
6.163112795001616
 30
0.0
 11
3.354056208891173
 21
6.163112795001616
 31
0.0
  0
ARC
  5
15C
330
1F
100
AcDbEntity
  8
VISIBLE
100
AcDbCircle
 10
2.704056208891172
 20
6.638112795001615
 30
0.0
 40
1.1875
100
AcDbArc
 50
167.8468025309922
 51
192.1531974690079
  0
ARC
  5
15D
330
1F
100
AcDbEntity
  8
VISIBLE
100
AcDbCircle
 10
2.704056208891172
 20
6.638112795001615
 30
0.0
 40
1.1875
100
AcDbArc
 50
347.8468025309921
 51
12.15319746900782
  0
LINE
  5
15E
330
1F
100
AcDbEntity
  8
VISIBLE
100
AcDbLine
 10
1.991556208891172
 20
6.936235142463204
 30
0.0
 11
1.991556208891172
 21
7.013634109018895
 31
0.0
  0
LINE
  5
15F
330
1F
100
AcDbEntity
  8
VISIBLE
100
AcDbLine
 10
3.416556208891173
 20
7.013634109018895
 30
0.0
 11
3.416556208891173
 21
6.936235142463206
 31
0.0
  0
LINE
  5
160
330
1F
100
AcDbEntity
  8
VISIBLE
100
AcDbLine
 10
1.991556208891172
 20
6.262591480984335
 30
0.0
 11
1.991556208891172
 21
6.339990447540026
 31
0.0
  0
LINE
  5
161
330
1F
100
AcDbEntity
  8
VISIBLE
100
AcDbLine
 10
3.416556208891173
 20
6.339990447540025
 30
0.0
 11
3.416556208891173
 21
6.262591480984335
 31
0.0
  0
ARC
  5
162
330
1F
100
AcDbEntity
  8
VISIBLE
100
AcDbCircle
 10
2.704056208891172
 20
6.638112795001615
 30
0.0
 40
1.1875
100
AcDbArc
 50
152.7527448138808
 51
167.8468025309922
  0
ARC
  5
163
330
1F
100
AcDbEntity
  8
VISIBLE
100
AcDbCircle
 10
2.704056208891172
 20
6.638112795001615
 30
0.0
 40
1.1875
100
AcDbArc
 50
12.15319746900787
 51
27.24725518611928
  0
ELLIPSE
  5
164
330
1F
100
AcDbEntity
  8
VISIBLE
100
AcDbEllipse
 10
2.031805189415774
 20
6.328753578232501
 30
0.0
 11
-0.06099029382883259
 21
-0.06099029382883187
 31
0.0
210
0.0
220
0.0
230
-1.0
 40
0.4345523019122158
 41
5.772399769665314
 42
7.613838109090794
  0
ELLIPSE
  5
165
330
1F
100
AcDbEntity
  8
VISIBLE
100
AcDbEllipse
 10
3.37630722836657
 20
6.328753578232501
 30
0.0
 11
-0.06099029382883259
 21
0.06099029382883187
 31
0.0
210
0.0
220
0.0
230
-1.0
 40
0.4345523019122158
 41
8.09412515885817
 42
9.935563498283646
  0
ARC
  5
166
330
1F
100
AcDbEntity
  8
VISIBLE
100
AcDbCircle
 10
2.704056208891172
 20
6.638112795001615
 30
0.0
 40
1.1875
100
AcDbArc
 50
192.1531974690079
 51
207.2472551861193
  0
ELLIPSE
  5
167
330
1F
100
AcDbEntity
  8
VISIBLE
100
AcDbEllipse
 10
2.031805189415773
 20
6.94747201177073
 30
0.0
 11
0.0609902938288321
 21
-0.06099029382883198
 31
0.0
210
0.0
220
0.0
230
-1.0
 40
0.4345523019122159
 41
8.09412515885814
 42
9.935563498283646
  0
ELLIPSE
  5
168
330
1F
100
AcDbEntity
  8
VISIBLE
100
AcDbEllipse
 10
3.37630722836657
 20
6.94747201177073
 30
0.0
 11
0.0609902938288321
 21
0.06099029382883198
 31
0.0
210
0.0
220
0.0
230
-1.0
 40
0.4345523019122159
 41
5.772399769665329
 42
7.613838109090798
  0
ARC
  5
169
330
1F
100
AcDbEntity
  8
VISIBLE
100
AcDbCircle
 10
2.704056208891172
 20
6.638112795001615
 30
0.0
 40
1.1875
100
AcDbArc
 50
332.7527448138806
 51
347.8468025309921
  0
LINE
  5
16F
330
1F
100
AcDbEntity
  8
HIDDEN
100
AcDbLine
 10
9.03293064644779
 20
2.39994009234531
 30
0.0
 11
9.03293064644779
 21
2.52494009234531
 31
0.0
  0
LINE
  5
170
330
1F
100
AcDbEntity
  8
HIDDEN
100
AcDbLine
 10
8.81418064644779
 20
2.65123546373054
 30
0.0
 11
8.81418064644779
 21
2.39994009234531
 31
0.0
  0
LINE
  5
171
330
1F
100
AcDbEntity
  8
HIDDEN
100
AcDbLine
 10
7.39208132109014
 20
2.399940092345309
 30
0.0
 11
7.39208132109014
 21
2.651235463730539
 31
0.0
  0
LINE
  5
172
330
1F
100
AcDbEntity
  8
HIDDEN
100
AcDbLine
 10
7.17333132109014
 20
2.524940092345308
 30
0.0
 11
7.17333132109014
 21
2.399940092345309
 31
0.0
  0
LINE
  5
173
330
1F
100
AcDbEntity
  8
HIDDEN
100
AcDbLine
 10
7.565630983768965
 20
4.602400081021671
 30
0.0
 11
7.478130983768965
 21
4.640423407438989
 31
0.0
  0
LINE
  5
174
330
1F
100
AcDbEntity
  8
HIDDEN
100
AcDbLine
 10
7.34920632109014
 20
2.075916259641836
 30
0.0
 11
7.34920632109014
 21
2.399940092345309
 31
0.0
  0
LINE
  5
175
330
1F
100
AcDbEntity
  8
HIDDEN
100
AcDbLine
 10
7.216206321090141
 20
2.399940092345309
 30
0.0
 11
7.216206321090141
 21
2.075916259641836
 31
0.0
  0
LINE
  5
176
330
1F
100
AcDbEntity
  8
HIDDEN
100
AcDbLine
 10
8.478652297786246
 20
4.753580187938876
 30
0.0
 11
8.640630983768965
 21
4.602400081021671
 31
0.0
  0
LINE
  5
177
330
1F
100
AcDbEntity
  8
HIDDEN
100
AcDbLine
 10
7.912255460861999
 20
4.925916259641836
 30
0.0
 11
7.853130983768965
 21
5.075916259641835
 31
0.0
  0
LINE
  5
178
330
1F
100
AcDbEntity
  8
HIDDEN
100
AcDbLine
 10
8.640630983768965
 20
4.602400081021671
 30
0.0
 11
8.640630983768965
 21
4.013416259641836
 31
0.0
  0
LINE
  5
179
330
1F
100
AcDbEntity
  8
HIDDEN
100
AcDbLine
 10
8.640630983768965
 20
4.013416259641836
 30
0.0
 11
8.578130983768965
 21
3.888416259641836
 31
0.0
  0
LINE
  5
17A
330
1F
100
AcDbEntity
  8
HIDDEN
100
AcDbLine
 10
8.294006506675931
 20
4.925916259641836
 30
0.0
 11
8.353130983768965
 21
5.075916259641835
 31
0.0
  0
LINE
  5
17B
330
1F
100
AcDbEntity
  8
HIDDEN
100
AcDbLine
 10
8.578130983768967
 20
3.075916259641836
 30
0.0
 11
8.728130983768965
 21
2.925916259641836
 31
0.0
  0
LINE
  5
17C
330
1F
100
AcDbEntity
  8
TANGENT_HIDDEN
100
AcDbLine
 10
7.478130983768965
 20
3.275916259641836
 30
0.0
 11
7.628130983768965
 21
3.275916259641836
 31
0.0
  0
LINE
  5
17D
330
1F
100
AcDbEntity
  8
HIDDEN
100
AcDbLine
 10
7.565630983768965
 20
4.013416259641836
 30
0.0
 11
7.565630983768965
 21
4.602400081021671
 31
0.0
  0
LINE
  5
17E
330
1F
100
AcDbEntity
  8
TANGENT_HIDDEN
100
AcDbLine
 10
8.578130983768965
 20
3.275916259641836
 30
0.0
 11
7.628130983768965
 21
3.275916259641836
 31
0.0
  0
LINE
  5
17F
330
1F
100
AcDbEntity
  8
HIDDEN
100
AcDbLine
 10
8.640630983768965
 20
4.602400081021671
 30
0.0
 11
8.728130983768965
 21
4.640423407438989
 31
0.0
  0
LINE
  5
180
330
1F
100
AcDbEntity
  8
HIDDEN
100
AcDbLine
 10
7.565630983768965
 20
4.602400081021671
 30
0.0
 11
7.727609669751685
 21
4.753580187938876
 31
0.0
  0
LINE
  5
181
330
1F
100
AcDbEntity
  8
HIDDEN
100
AcDbLine
 10
8.578130983768965
 20
3.888416259641836
 30
0.0
 11
8.578130983768965
 21
3.275916259641836
 31
0.0
  0
LINE
  5
182
330
1F
100
AcDbEntity
  8
TANGENT_HIDDEN
100
AcDbLine
 10
8.578130983768965
 20
3.275916259641836
 30
0.0
 11
8.728130983768965
 21
3.275916259641836
 31
0.0
  0
LINE
  5
183
330
1F
100
AcDbEntity
  8
HIDDEN
100
AcDbLine
 10
7.478130983768965
 20
2.925916259641836
 30
0.0
 11
7.628130983768965
 21
3.075916259641836
 31
0.0
  0
LINE
  5
184
330
1F
100
AcDbEntity
  8
HIDDEN
100
AcDbLine
 10
7.805008636307376
 20
4.825819223390854
 30
0.0
 11
7.912255460861999
 21
4.925916259641836
 31
0.0
  0
LINE
  5
185
330
1F
100
AcDbEntity
  8
HIDDEN
100
AcDbLine
 10
7.912255460861999
 20
4.925916259641836
 30
0.0
 11
8.294006506675931
 21
4.925916259641836
 31
0.0
  0
LINE
  5
186
330
1F
100
AcDbEntity
  8
HIDDEN
100
AcDbLine
 10
8.294006506675931
 20
4.925916259641836
 30
0.0
 11
8.401253331230555
 21
4.825819223390854
 31
0.0
  0
LINE
  5
187
330
1F
100
AcDbEntity
  8
HIDDEN
100
AcDbLine
 10
8.640630983768965
 20
4.013416259641836
 30
0.0
 11
7.565630983768965
 21
4.013416259641836
 31
0.0
  0
LINE
  5
188
330
1F
100
AcDbEntity
  8
HIDDEN
100
AcDbLine
 10
8.99005564644779
 20
2.075916259641836
 30
0.0
 11
8.99005564644779
 21
2.39994009234531
 31
0.0
  0
LINE
  5
189
330
1F
100
AcDbEntity
  8
HIDDEN
100
AcDbLine
 10
8.857055646447789
 20
2.39994009234531
 30
0.0
 11
8.857055646447789
 21
2.075916259641836
 31
0.0
  0
LINE
  5
18A
330
1F
100
AcDbEntity
  8
HIDDEN
100
AcDbLine
 10
8.578130983768965
 20
3.888416259641836
 30
0.0
 11
7.628130983768965
 21
3.888416259641836
 31
0.0
  0
LINE
  5
18B
330
1F
100
AcDbEntity
  8
HIDDEN
100
AcDbLine
 10
7.628130983768965
 20
3.275916259641836
 30
0.0
 11
7.628130983768965
 21
3.888416259641836
 31
0.0
  0
LINE
  5
18C
330
1F
100
AcDbEntity
  8
HIDDEN
100
AcDbLine
 10
7.628130983768965
 20
3.888416259641836
 30
0.0
 11
7.565630983768965
 21
4.013416259641836
 31
0.0
  0
LINE
  5
18D
330
1F
100
AcDbEntity
  8
HIDDEN
100
AcDbLine
 10
8.578130983768967
 20
3.075916259641836
 30
0.0
 11
7.628130983768965
 21
3.075916259641836
 31
0.0
  0
ARC
  5
18E
330
1F
100
AcDbEntity
  8
HIDDEN
100
AcDbCircle
 10
8.41249020053808
 20
4.141557042872722
 30
0.0
 40
0.0665
100
AcDbArc
 50
73.483322145162
 51
113.4748266599538
  0
ARC
  5
18F
330
1F
100
AcDbEntity
  8
HIDDEN
100
AcDbCircle
 10
8.41249020053808
 20
4.141557042872722
 30
0.0
 40
0.0665
100
AcDbArc
 50
266.221338583395
 51
275.2591674658902
  0
ARC
  5
190
330
1F
100
AcDbEntity
  8
HIDDEN
100
AcDbCircle
 10
7.793771766999851
 20
4.760275476410951
 30
0.0
 40
0.0665
100
AcDbArc
 50
185.778388530448
 51
187.0554587815504
  0
ARC
  5
191
330
1F
100
AcDbEntity
  8
HIDDEN
100
AcDbCircle
 10
7.793771766999851
 20
4.760275476410951
 30
0.0
 40
0.0665
100
AcDbArc
 50
78.21876693510985
 51
80.27174344778896
  0
ARC
  5
192
330
1F
100
AcDbEntity
  8
HIDDEN
100
AcDbCircle
 10
8.41249020053808
 20
4.760275476410951
 30
0.0
 40
0.0665
100
AcDbArc
 50
99.72825655221419
 51
104.0562561319236
  0
ARC
  5
193
330
1F
100
AcDbEntity
  8
HIDDEN
100
AcDbCircle
 10
8.41249020053808
 20
4.760275476410951
 30
0.0
 40
0.0665
100
AcDbArc
 50
348.4356734643783
 51
354.221611469552
  0
ARC
  5
194
330
1F
100
AcDbEntity
  8
HIDDEN
100
AcDbCircle
 10
7.793771766999851
 20
4.141557042872722
 30
0.0
 40
0.0665
100
AcDbArc
 50
73.90185369573462
 51
113.5804076368298
  0
ARC
  5
195
330
1F
100
AcDbEntity
  8
HIDDEN
100
AcDbCircle
 10
7.793771766999851
 20
4.141557042872722
 30
0.0
 40
0.0665
100
AcDbArc
 50
266.2134069749725
 51
275.6499335646453
  0
LINE
  5
196
330
1F
100
AcDbEntity
  8
HIDDEN
100
AcDbLine
 10
8.578130983768965
 20
3.275916259641836
 30
0.0
 11
8.578130983768965
 21
3.075916259641836
 31
0.0
  0
LINE
  5
197
330
1F
100
AcDbEntity
  8
HIDDEN
100
AcDbLine
 10
7.628130983768965
 20
3.075916259641836
 30
0.0
 11
7.628130983768965
 21
3.275916259641836
 31
0.0
  0
LINE
  5
198
330
1F
100
AcDbEntity
  8
HIDDEN
100
AcDbLine
 10
8.81418064644779
 20
2.39994009234531
 30
0.0
 11
9.03293064644779
 21
2.39994009234531
 31
0.0
  0
ARC
  5
199
330
1F
100
AcDbEntity
  8
HIDDEN
100
AcDbCircle
 10
8.103130983768965
 20
4.450916259641835
 30
0.0
 40
0.3125
100
AcDbArc
 50
246.6682233952088
 51
287.9243487497461
  0
ARC
  5
19A
330
1F
100
AcDbEntity
  8
HIDDEN
100
AcDbCircle
 10
8.103130983768965
 20
4.450916259641835
 30
0.0
 40
0.3125
100
AcDbArc
 50
85.51948110826369
 51
94.72276331504457
  0
LINE
  5
19B
330
1F
100
AcDbEntity
  8
HIDDEN
100
AcDbLine
 10
7.17333132109014
 20
2.399940092345309
 30
0.0
 11
7.39208132109014
 21
2.399940092345309
 31
0.0
  0
ARC
  5
19C
330
1F
100
AcDbEntity
  8
HIDDEN
100
AcDbCircle
 10
8.41249020053808
 20
4.760275476410952
 30
0.0
 40
0.0665
100
AcDbArc
 50
354.2216114695512
 51
99.72825655221419
  0
ARC
  5
19D
330
1F
100
AcDbEntity
  8
HIDDEN
100
AcDbCircle
 10
7.793771766999852
 20
4.760275476410952
 30
0.0
 40
0.0665
100
AcDbArc
 50
80.27174344778972
 51
111.2418976534894
  0
LINE
  5
19E
330
1F
100
AcDbEntity
  8
VISIBLE
100
AcDbLine
 10
6.990630983768964
 20
2.419458003411892
 30
0.0
 11
6.915630983768965
 21
2.289554192844228
 31
0.0
  0
LINE
  5
19F
330
1F
100
AcDbEntity
  8
VISIBLE
100
AcDbLine
 10
8.777343582194161
 20
2.672503352693528
 30
0.0
 11
9.215630983768966
 21
2.419458003411893
 31
0.0
  0
LINE
  5
1A0
330
1F
100
AcDbEntity
  8
VISIBLE
100
AcDbLine
 10
7.559456284973785
 20
2.757742073538454
 30
0.0
 11
7.478130983768965
 21
2.757742073538454
 31
0.0
  0
LINE
  5
1A1
330
1F
100
AcDbEntity
  8
VISIBLE
100
AcDbLine
 10
6.990630983768964
 20
2.419458003411892
 30
0.0
 11
7.428918385343769
 21
2.672503352693528
 31
0.0
  0
LINE
  5
1A2
330
1F
100
AcDbEntity
  8
VISIBLE
100
AcDbLine
 10
9.290630983768965
 20
2.075916259641838
 30
0.0
 11
9.290630983768965
 21
2.289554192844229
 31
0.0
  0
LINE
  5
1A3
330
1F
100
AcDbEntity
  8
VISIBLE
100
AcDbLine
 10
6.915630983768965
 20
2.289554192844228
 30
0.0
 11
6.915630983768965
 21
2.075916259641838
 31
0.0
  0
LINE
  5
1A4
330
1F
100
AcDbEntity
  8
VISIBLE
100
AcDbLine
 10
7.478130983768965
 20
2.757742073538453
 30
0.0
 11
7.478130983768965
 21
4.725916259641836
 31
0.0
  0
LINE
  5
1A5
330
1F
100
AcDbEntity
  8
VISIBLE
100
AcDbLine
 10
8.728130983768965
 20
4.725916259641836
 30
0.0
 11
8.728130983768965
 21
2.757742073538453
 31
0.0
  0
LINE
  5
1A6
330
1F
100
AcDbEntity
  8
VISIBLE
100
AcDbLine
 10
7.559456284973784
 20
4.801819874099667
 30
0.0
 11
7.559456284973784
 21
2.757742073538453
 31
0.0
  0
LINE
  5
1A7
330
1F
100
AcDbEntity
  8
VISIBLE
100
AcDbLine
 10
7.478130983768965
 20
4.725916259641836
 30
0.0
 11
7.559456284973784
 21
4.801819874099667
 31
0.0
  0
LINE
  5
1A8
330
1F
100
AcDbEntity
  8
VISIBLE
100
AcDbLine
 10
9.290630983768965
 20
2.289554192844228
 30
0.0
 11
9.215630983768966
 21
2.419458003411893
 31
0.0
  0
LINE
  5
1A9
330
1F
100
AcDbEntity
  8
VISIBLE
100
AcDbLine
 10
8.728130983768965
 20
2.757742073538453
 30
0.0
 11
8.646805682564146
 21
2.757742073538453
 31
0.0
  0
LINE
  5
1AA
330
1F
100
AcDbEntity
  8
VISIBLE
100
AcDbLine
 10
8.777343582194161
 20
2.672503352693528
 30
0.0
 11
8.788976728954431
 21
2.542599542125862
 31
0.0
  0
LINE
  5
1AB
330
1F
100
AcDbEntity
  8
VISIBLE
100
AcDbLine
 10
8.646805682564146
 20
2.757742073538453
 30
0.0
 11
8.646805682564146
 21
4.801819874099667
 31
0.0
  0
LINE
  5
1AC
330
1F
100
AcDbEntity
  8
VISIBLE
100
AcDbLine
 10
7.4172852385835
 20
2.542599542125862
 30
0.0
 11
7.428918385343769
 21
2.672503352693528
 31
0.0
  0
LINE
  5
1AD
330
1F
100
AcDbEntity
  8
VISIBLE
100
AcDbLine
 10
8.646805682564146
 20
4.801819874099667
 30
0.0
 11
8.728130983768965
 21
4.725916259641836
 31
0.0
  0
ARC
  5
1AE
330
1F
100
AcDbEntity
  8
VISIBLE
100
AcDbCircle
 10
8.82655618061936
 20
2.757742073538453
 30
0.0
 40
0.0984251968503937
100
AcDbArc
 50
180.0
 51
239.9999999999992
  0
SPLINE
  5
1AF
330
1F
100
AcDbEntity
  8
VISIBLE
100
AcDbSpline
210
0.0
220
0.0
230
1.0
 70
     8
 71
     3
 72
    11
 73
     7
 74
     0
 42
0.000000001
 43
0.0000000009247574
 40
0.0
 40
0.0
 40
0.0
 40
0.0
 40
0.2470287195831293
 40
0.4971760043864092
 40
0.7483489617925211
 40
1.0
 40
1.0
 40
1.0
 40
1.0
 10
8.788976728954431
 20
2.542599542125864
 30
0.0
 10
8.769943260943279
 20
2.553774184395909
 30
0.0
 10
8.73163604066796
 20
2.576264540997537
 30
0.0
 10
8.6856940440782
 20
2.627240538329191
 30
0.0
 10
8.653261013807446
 20
2.688904192510561
 30
0.0
 10
8.648958823140743
 20
2.734781573253986
 30
0.0
 10
8.646805682564146
 20
2.757742073538454
 30
0.0
  0
SPLINE
  5
1B0
330
1F
100
AcDbEntity
  8
VISIBLE
100
AcDbSpline
210
0.0
220
0.0
230
1.0
 70
     8
 71
     3
 72
    11
 73
     7
 74
     0
 42
0.000000001
 43
0.0000000008090959
 40
0.0
 40
0.0
 40
0.0
 40
0.0
 40
0.2509280237788058
 40
0.502200581225855
 40
0.7523963441250625
 40
1.0
 40
1.0
 40
1.0
 40
1.0
 10
7.559456284973786
 20
2.757742073538454
 30
0.0
 10
7.55734728400555
 20
2.734931279118666
 30
0.0
 10
7.553126386330974
 20
2.689278370195514
 30
0.0
 10
7.520766301188423
 20
2.627499089133803
 30
0.0
 10
7.474843105907191
 20
2.576490884759584
 30
0.0
 10
7.436404476024826
 20
2.55385737110996
 30
0.0
 10
7.417285238583501
 20
2.542599542125863
 30
0.0
  0
CIRCLE
  5
1B1
330
1F
100
AcDbEntity
  8
VISIBLE
100
AcDbCircle
 10
8.412490200538079
 20
4.760275476410951
 30
0.0
 40
0.0665
  0
ARC
  5
1B2
330
1F
100
AcDbEntity
  8
VISIBLE
100
AcDbCircle
 10
7.379705786918572
 20
2.757742073538453
 30
0.0
 40
0.0984251968503937
100
AcDbArc
 50
299.9999999999996
 51
0.0
  0
SPLINE
  5
1B3
330
1F
100
AcDbEntity
  8
VISIBLE
100
AcDbSpline
210
0.0
220
0.0
230
1.0
 70
     8
 71
     3
 72
    11
 73
     7
 74
     0
 42
0.000000001
 43
0.0000000009665814
 40
0.0
 40
0.0
 40
0.0
 40
0.0
 40
0.1343758090160765
 40
0.367765109308304
 40
0.6565460191092717
 40
1.0
 40
1.0
 40
1.0
 40
1.0
 10
9.290630983768965
 20
2.289554192844229
 30
0.0
 10
9.281062046231835
 20
2.294420664589774
 30
0.0
 10
9.254873393787063
 20
2.307739419851983
 30
0.0
 10
9.15019197675151
 20
2.360298268441548
 30
0.0
 10
9.001910720469311
 20
2.435400675853303
 30
0.0
 10
8.863932003307543
 20
2.504864277903192
 30
0.0
 10
8.788976728954431
 20
2.542599542125863
 30
0.0
  0
CIRCLE
  5
1B4
330
1F
100
AcDbEntity
  8
VISIBLE
100
AcDbCircle
 10
8.412490200538079
 20
4.141557042872722
 30
0.0
 40
0.0665
  0
CIRCLE
  5
1B5
330
1F
100
AcDbEntity
  8
VISIBLE
100
AcDbCircle
 10
7.79377176699985
 20
4.760275476410951
 30
0.0
 40
0.0665
  0
SPLINE
  5
1B6
330
1F
100
AcDbEntity
  8
VISIBLE
100
AcDbSpline
210
0.0
220
0.0
230
1.0
 70
     8
 71
     3
 72
    11
 73
     7
 74
     0
 42
0.000000001
 43
0.0000000007886662
 40
0.0
 40
0.0
 40
0.0
 40
0.0
 40
0.3434503911222661
 40
0.6322339232771371
 40
0.8656201800404987
 40
1.0
 40
1.0
 40
1.0
 40
1.0
 10
7.417285238583501
 20
2.542599542125863
 30
0.0
 10
7.342331603285921
 20
2.504865354768003
 30
0.0
 10
7.204354672314246
 20
2.435403115295864
 30
0.0
 10
7.05606965178784
 20
2.360297942411883
 30
0.0
 10
6.951390693049678
 20
2.307740541626221
 30
0.0
 10
6.925200679203489
 20
2.294421061798433
 30
0.0
 10
6.915630983768965
 20
2.289554192844228
 30
0.0
  0
CIRCLE
  5
1B7
330
1F
100
AcDbEntity
  8
VISIBLE
100
AcDbCircle
 10
7.79377176699985
 20
4.141557042872722
 30
0.0
 40
0.0665
  0
CIRCLE
  5
1B8
330
1F
100
AcDbEntity
  8
VISIBLE
100
AcDbCircle
 10
8.103130983768967
 20
4.450916259641836
 30
0.0
 40
0.3125
  0
LINE
  5
1B9
330
1F
100
AcDbEntity
  8
VISIBLE
100
AcDbLine
 10
7.853130983768965
 20
5.075916259641836
 30
0.0
 11
8.353130983768965
 21
5.075916259641836
 31
0.0
  0
LINE
  5
1BA
330
1F
100
AcDbEntity
  8
VISIBLE
100
AcDbLine
 10
6.915630983768965
 20
2.075916259641836
 30
0.0
 11
9.290630983768965
 21
2.075916259641836
 31
0.0
  0
LINE
  5
1BB
330
1F
100
AcDbEntity
  8
VISIBLE
100
AcDbLine
 10
7.559456284973784
 20
4.801819874099666
 30
0.0
 11
7.853130983768965
 21
5.075916259641835
 31
0.0
  0
LINE
  5
1BC
330
1F
100
AcDbEntity
  8
VISIBLE
100
AcDbLine
 10
8.646805682564146
 20
4.801819874099667
 30
0.0
 11
8.353130983768965
 21
5.075916259641835
 31
0.0
  0
LINE
  5
1C0
330
1F
100
AcDbEntity
  8
VISIBLE
100
AcDbLine
 10
9.914377724568547
 20
6.200587458025334
 30
0.0
 11
9.93376868246369
 21
6.169642302661806
 31
0.0
  0
LINE
  5
1C1
330
1F
100
AcDbEntity
  8
TANGENT_LINES
100
AcDbLine
 10
9.286672619333755
 20
6.756541270172344
 30
0.0
 11
8.950796898270145
 21
6.562623332202008
 31
0.0
  0
LINE
  5
1C2
330
1F
100
AcDbEntity
  8
VISIBLE
100
AcDbLine
 10
9.286672619333755
 20
6.756541270172344
 30
0.0
 11
9.286672619333755
 21
7.006593348081459
 31
0.0
  0
LINE
  5
1C3
330
1F
100
AcDbEntity
  8
VISIBLE
100
AcDbLine
 10
9.286672619333755
 20
7.006593348081459
 30
0.0
 11
9.286672619333755
 21
7.083139902543434
 31
0.0
  0
LINE
  5
1C4
330
1F
100
AcDbEntity
  8
VISIBLE
100
AcDbLine
 10
9.410416306041402
 20
6.603448161248394
 30
0.0
 11
9.35738329745241
 21
6.634066783033185
 31
0.0
  0
LINE
  5
1C5
330
1F
100
AcDbEntity
  8
VISIBLE
100
AcDbLine
 10
9.0215075763888
 20
6.44014884506285
 30
0.0
 11
9.339705627922745
 21
6.256437114354111
 31
0.0
  0
LINE
  5
1C6
330
1F
100
AcDbEntity
  8
VISIBLE
100
AcDbLine
 10
9.916591576802082
 20
6.252773513018116
 30
0.0
 11
9.914031128993525
 21
6.255929109831449
 31
0.0
  0
LINE
  5
1C7
330
1F
100
AcDbEntity
  8
VISIBLE
100
AcDbLine
 10
9.243405448103509
 20
7.434718847871379
 30
0.0
 11
9.264575532421675
 21
7.42249629399152
 31
0.0
  0
LINE
  5
1C8
330
1F
100
AcDbEntity
  8
VISIBLE
100
AcDbLine
 10
9.286672619333755
 20
7.374836224155832
 30
0.0
 11
9.286672619333755
 21
7.323591540732624
 31
0.0
  0
LINE
  5
1C9
330
1F
100
AcDbEntity
  8
TANGENT_LINES
100
AcDbLine
 10
9.410416306041402
 20
6.297261943400497
 30
0.0
 11
9.339705627922745
 21
6.256437114354111
 31
0.0
  0
LINE
  5
1CA
330
1F
100
AcDbEntity
  8
VISIBLE
100
AcDbLine
 10
9.02649763731828
 20
7.549744423555968
 30
0.0
 11
9.131993010949197
 21
7.488836641191898
 31
0.0
  0
LINE
  5
1CB
330
1F
100
AcDbEntity
  8
VISIBLE
100
AcDbLine
 10
9.264575532421675
 20
7.42249629399152
 30
0.0
 11
9.286672619333755
 21
7.374836224155832
 31
0.0
  0
LINE
  5
1CC
330
1F
100
AcDbEntity
  8
VISIBLE
100
AcDbLine
 10
8.783068128922714
 20
6.419881528315129
 30
0.0
 11
8.801463709861917
 21
6.376059919519655
 31
0.0
  0
LINE
  5
1CD
330
1F
100
AcDbEntity
  8
VISIBLE
100
AcDbLine
 10
8.95521631565256
 20
7.386774568575932
 30
0.0
 11
9.131993010949197
 21
7.488836641191898
 31
0.0
  0
LINE
  5
1CE
330
1F
100
AcDbEntity
  8
VISIBLE
100
AcDbLine
 10
9.286672619333755
 20
7.006593348081459
 30
0.0
 11
8.950796898270145
 21
6.812675410111124
 31
0.0
  0
LINE
  5
1CF
330
1F
100
AcDbEntity
  8
VISIBLE
100
AcDbLine
 10
8.906602724445985
 20
6.863706446419108
 30
0.0
 11
8.950796898270145
 21
6.812675410111124
 31
0.0
  0
LINE
  5
1D0
330
1F
100
AcDbEntity
  8
TANGENT_LINES
100
AcDbLine
 10
8.810726797957111
 20
6.315822351871729
 30
0.0
 11
9.409621827110186
 21
5.970050145573872
 31
0.0
  0
LINE
  5
1D1
330
1F
100
AcDbEntity
  8
VISIBLE
100
AcDbLine
 10
9.20203983864654
 20
7.365939264949716
 30
0.0
 11
9.164122360194892
 21
7.384912042488628
 31
0.0
  0
LINE
  5
1D2
330
1F
100
AcDbEntity
  8
VISIBLE
100
AcDbLine
 10
9.164122360194892
 20
7.384912042488628
 30
0.0
 11
9.029152983584847
 21
7.306987436570463
 31
0.0
  0
LINE
  5
1D3
330
1F
100
AcDbEntity
  8
VISIBLE
100
AcDbLine
 10
8.906602724445985
 20
7.104158084608298
 30
0.0
 11
8.906602724445985
 21
6.863706446419108
 31
0.0
  0
LINE
  5
1D4
330
1F
100
AcDbEntity
  8
VISIBLE
100
AcDbLine
 10
9.286672619333755
 20
7.083139902543434
 30
0.0
 11
9.286672619333755
 21
7.323591540732624
 31
0.0
  0
LINE
  5
1D5
330
1F
100
AcDbEntity
  8
VISIBLE
100
AcDbLine
 10
9.741872609722595
 20
7.136722490666815
 30
0.0
 11
9.565095914425958
 21
7.03466041805085
 31
0.0
  0
LINE
  5
1D6
330
1F
100
AcDbEntity
  8
VISIBLE
100
AcDbLine
 10
9.565095914425958
 20
7.03466041805085
 30
0.0
 11
9.670591288056874
 21
6.97375263568678
 31
0.0
  0
LINE
  5
1D7
330
1F
100
AcDbEntity
  8
VISIBLE
100
AcDbLine
 10
9.495049086728613
 20
6.953354419293946
 30
0.0
 11
9.532966565180264
 21
7.016110529614961
 31
0.0
  0
LINE
  5
1D8
330
1F
100
AcDbEntity
  8
VISIBLE
100
AcDbLine
 10
9.529584730174815
 20
5.988879967627705
 30
0.0
 11
9.453683477271646
 21
5.999500661234853
 31
0.0
  0
LINE
  5
1D9
330
1F
100
AcDbEntity
  8
VISIBLE
100
AcDbLine
 10
9.942294462687578
 20
6.037003658229786
 30
0.0
 11
9.942294462687578
 21
6.195903405708531
 31
0.0
  0
LINE
  5
1DA
330
1F
100
AcDbEntity
  8
VISIBLE
100
AcDbLine
 10
8.754794462687578
 20
6.195903405708407
 30
0.0
 11
8.754794462687578
 21
6.037003658229786
 31
0.0
  0
LINE
  5
1DB
330
1F
100
AcDbEntity
  8
VISIBLE
100
AcDbLine
 10
9.4104163060414
 20
6.813281177652796
 30
0.0
 11
9.4104163060414
 21
6.793082410244828
 31
0.0
  0
LINE
  5
1DC
330
1F
100
AcDbEntity
  8
VISIBLE
100
AcDbLine
 10
9.43251339295348
 20
6.815226961926523
 30
0.0
 11
9.4104163060414
 21
6.793082410244828
 31
0.0
  0
LINE
  5
1DD
330
1F
100
AcDbEntity
  8
VISIBLE
100
AcDbLine
 10
9.286672619333755
 20
7.323591540732624
 30
0.0
 11
9.229404505700721
 21
7.352246800111703
 31
0.0
  0
LINE
  5
1DE
330
1F
100
AcDbEntity
  8
VISIBLE
100
AcDbLine
 10
9.453683477271646
 20
5.999500661234852
 30
0.0
 11
9.453683477271646
 21
6.803004408046664
 31
0.0
  0
LINE
  5
1DF
330
1F
100
AcDbEntity
  8
TANGENT_LINES
100
AcDbLine
 10
8.844730881092163
 20
6.562623332202008
 30
0.0
 11
8.950796898270145
 21
6.562623332202008
 31
0.0
  0
LINE
  5
1E0
330
1F
100
AcDbEntity
  8
VISIBLE
100
AcDbLine
 10
9.029152983584847
 20
7.306987436570463
 30
0.0
 11
8.991235505133199
 21
7.244231326249449
 31
0.0
  0
LINE
  5
1E1
330
1F
100
AcDbEntity
  8
VISIBLE
100
AcDbLine
 10
9.532966565180264
 20
7.016110529614961
 30
0.0
 11
9.565095914425958
 21
7.03466041805085
 31
0.0
  0
LINE
  5
1E2
330
1F
100
AcDbEntity
  8
VISIBLE
100
AcDbLine
 10
9.43251339295348
 20
6.815226961926523
 30
0.0
 11
9.453683477271646
 21
6.803004408046664
 31
0.0
  0
LINE
  5
1E3
330
1F
100
AcDbEntity
  8
VISIBLE
100
AcDbLine
 10
9.286672619333755
 20
7.083139902543434
 30
0.0
 11
8.906602724445985
 21
6.863706446419108
 31
0.0
  0
LINE
  5
1E4
330
1F
100
AcDbEntity
  8
VISIBLE
100
AcDbLine
 10
8.801463709861917
 20
7.179563666331465
 30
0.0
 11
8.822633794180081
 21
7.167341112451605
 31
0.0
  0
LINE
  5
1E5
330
1F
100
AcDbEntity
  8
VISIBLE
100
AcDbLine
 10
8.783068128922714
 20
6.419881528315128
 30
0.0
 11
8.783068128922714
 21
7.254372795969377
 31
0.0
  0
LINE
  5
1E6
330
1F
100
AcDbEntity
  8
VISIBLE
100
AcDbLine
 10
9.565095914425958
 20
7.03466041805085
 30
0.0
 11
9.43251339295348
 21
6.815226961926523
 31
0.0
  0
LINE
  5
1E7
330
1F
100
AcDbEntity
  8
VISIBLE
100
AcDbLine
 10
9.529584730174815
 20
6.823371235281953
 30
0.0
 11
9.529584730174815
 21
5.988879967627704
 31
0.0
  0
LINE
  5
1E8
330
1F
100
AcDbEntity
  8
VISIBLE
100
AcDbLine
 10
8.95521631565256
 20
7.386774568575932
 30
0.0
 11
9.029152983584847
 21
7.306987436570463
 31
0.0
  0
LINE
  5
1E9
330
1F
100
AcDbEntity
  8
VISIBLE
100
AcDbLine
 10
9.453683477271646
 20
6.803004408046664
 30
0.0
 11
9.529584730174815
 21
6.823371235281953
 31
0.0
  0
LINE
  5
1EA
330
1F
100
AcDbEntity
  8
VISIBLE
100
AcDbLine
 10
8.844730881092161
 20
7.119681042615918
 30
0.0
 11
8.822633794180081
 21
7.167341112451605
 31
0.0
  0
LINE
  5
1EB
330
1F
100
AcDbEntity
  8
VISIBLE
100
AcDbLine
 10
8.763320242911465
 20
6.285410318322099
 30
0.0
 11
8.810726797957111
 21
6.315822351871729
 31
0.0
  0
LINE
  5
1EC
330
1F
100
AcDbEntity
  8
VISIBLE
100
AcDbLine
 10
9.91402079645244
 20
6.210834233979293
 30
0.0
 11
9.91402079645244
 21
7.045325501633542
 31
0.0
  0
LINE
  5
1ED
330
1F
100
AcDbEntity
  8
VISIBLE
100
AcDbLine
 10
9.4104163060414
 20
6.813281177652796
 30
0.0
 11
9.467684419674434
 21
6.908063958675903
 31
0.0
  0
LINE
  5
1EE
330
1F
100
AcDbEntity
  8
VISIBLE
100
AcDbLine
 10
8.950796898270145
 20
6.812675410111124
 30
0.0
 11
8.950796898270145
 21
6.562623332202008
 31
0.0
  0
LINE
  5
1EF
330
1F
100
AcDbEntity
  8
VISIBLE
100
AcDbLine
 10
8.844730881092163
 20
6.562623332202008
 30
0.0
 11
8.844730881092161
 21
7.119681042615918
 31
0.0
  0
LINE
  5
1F0
330
1F
100
AcDbEntity
  8
VISIBLE
100
AcDbLine
 10
8.844730881092161
 20
7.119681042615918
 30
0.0
 11
8.906602724445985
 21
7.104158084608298
 31
0.0
  0
LINE
  5
1F1
330
1F
100
AcDbEntity
  8
VISIBLE
100
AcDbLine
 10
9.4104163060414
 20
6.793082410244828
 30
0.0
 11
9.4104163060414
 21
6.236024699830918
 31
0.0
  0
LINE
  5
1F2
330
1F
100
AcDbEntity
  8
TANGENT_LINES
100
AcDbLine
 10
8.801463709861917
 20
6.376059919519654
 30
0.0
 11
9.453683477271646
 21
5.999500661234852
 31
0.0
  0
LINE
  5
1F3
330
1F
100
AcDbEntity
  8
VISIBLE
100
AcDbLine
 10
8.849720942021643
 20
7.447682350940002
 30
0.0
 11
8.95521631565256
 21
7.386774568575932
 31
0.0
  0
LINE
  5
1F4
330
1F
100
AcDbEntity
  8
VISIBLE
100
AcDbLine
 10
9.914298339592579
 20
6.200426493768607
 30
0.0
 11
9.91402079645244
 21
6.210834233979293
 31
0.0
  0
LINE
  5
1F5
330
1F
100
AcDbEntity
  8
VISIBLE
100
AcDbLine
 10
9.131993010949197
 20
7.488836641191898
 30
0.0
 11
9.264575532421675
 21
7.42249629399152
 31
0.0
  0
LINE
  5
1F6
330
1F
100
AcDbEntity
  8
VISIBLE
100
AcDbLine
 10
8.801463709861917
 20
7.179563666331465
 30
0.0
 11
8.801463709861917
 21
6.376059919519654
 31
0.0
  0
LINE
  5
1F7
330
1F
100
AcDbEntity
  8
VISIBLE
100
AcDbLine
 10
8.783068128922714
 20
7.254372795969378
 30
0.0
 11
8.801463709861917
 21
7.179563666331465
 31
0.0
  0
LINE
  5
1F8
330
1F
100
AcDbEntity
  8
VISIBLE
100
AcDbLine
 10
9.286672619333755
 20
6.164581248999742
 30
0.0
 11
8.968474567799808
 21
6.34829297970848
 31
0.0
  0
LINE
  5
1F9
330
1F
100
AcDbEntity
  8
VISIBLE
100
AcDbLine
 10
9.874455131195072
 20
7.070382143466437
 30
0.0
 11
9.741872609722595
 21
7.136722490666815
 31
0.0
  0
LINE
  5
1FA
330
1F
100
AcDbEntity
  8
VISIBLE
100
AcDbLine
 10
9.131993010949197
 20
7.488836641191898
 30
0.0
 11
9.164122360194892
 21
7.384912042488628
 31
0.0
  0
LINE
  5
1FB
330
1F
100
AcDbEntity
  8
TANGENT_LINES
100
AcDbLine
 10
9.286672619333755
 20
6.164581248999742
 30
0.0
 11
9.339705627922745
 21
6.256437114354111
 31
0.0
  0
LINE
  5
1FC
330
1F
100
AcDbEntity
  8
VISIBLE
100
AcDbLine
 10
9.91402079645244
 20
7.045325501633542
 30
0.0
 11
9.895625215513238
 21
7.058159589586578
 31
0.0
  0
LINE
  5
1FD
330
1F
100
AcDbEntity
  8
VISIBLE
100
AcDbLine
 10
9.243405448103509
 20
7.434718847871379
 30
0.0
 11
9.16750419520034
 21
7.476327062320966
 31
0.0
  0
LINE
  5
1FE
330
1F
100
AcDbEntity
  8
TANGENT_LINES
100
AcDbLine
 10
8.968474567799808
 20
6.34829297970848
 30
0.0
 11
9.0215075763888
 21
6.44014884506285
 31
0.0
  0
LINE
  5
1FF
330
1F
100
AcDbEntity
  8
VISIBLE
100
AcDbLine
 10
9.874455131195072
 20
7.070382143466437
 30
0.0
 11
9.895625215513238
 21
7.058159589586578
 31
0.0
  0
LINE
  5
200
330
1F
100
AcDbEntity
  8
VISIBLE
100
AcDbLine
 10
8.96387083807902
 20
7.198940865631405
 30
0.0
 11
8.906602724445985
 21
7.104158084608298
 31
0.0
  0
LINE
  5
201
330
1F
100
AcDbEntity
  8
VISIBLE
100
AcDbLine
 10
9.741872609722595
 20
7.136722490666815
 30
0.0
 11
9.847367983353513
 21
7.075814708302746
 31
0.0
  0
LINE
  5
202
330
1F
100
AcDbEntity
  8
VISIBLE
100
AcDbLine
 10
8.822633794180081
 20
7.167341112451605
 30
0.0
 11
8.95521631565256
 21
7.386774568575932
 31
0.0
  0
LINE
  5
203
330
1F
100
AcDbEntity
  8
TANGENT_LINES
100
AcDbLine
 10
9.35738329745241
 20
6.634066783033185
 30
0.0
 11
9.0215075763888
 21
6.44014884506285
 31
0.0
  0
LINE
  5
204
330
1F
100
AcDbEntity
  8
VISIBLE
100
AcDbLine
 10
9.448802505195106
 20
5.889646949667926
 30
0.0
 11
9.409621827110186
 21
5.970050145573872
 31
0.0
  0
SPLINE
  5
205
330
1F
100
AcDbEntity
  8
VISIBLE
100
AcDbSpline
210
0.0
220
0.0
230
1.0
 70
     8
 71
     3
 72
    31
 73
    27
 74
     0
 42
0.000000001
 43
0.0000000011361047
 40
0.0
 40
0.0
 40
0.0
 40
0.0
 40
0.0428894803116394
 40
0.0851645051388517
 40
0.1269707774482849
 40
0.1681677925686098
 40
0.2087111561650988
 40
0.2487953102648095
 40
0.2884740832266119
 40
0.3278678456428461
 40
0.3672230534639894
 40
0.4065395850981334
 40
0.4458300528802435
 40
0.485345870945338
 40
0.5251914662169841
 40
0.5654684300298725
 40
0.6063815948712099
 40
0.6478494116530549
 40
0.6897906545279222
 40
0.7323578961339626
 40
0.7755528884641624
 40
0.8193368621203487
 40
0.8638185456504127
 40
0.9088515408575234
 40
0.9542153069845455
 40
1.0
 40
1.0
 40
1.0
 40
1.0
 10
8.81072679795711
 20
6.315822351871727
 30
0.0
 10
8.808711712292538
 20
6.302821018396391
 30
0.0
 10
8.804710410057382
 20
6.277004614851121
 30
0.0
 10
8.802800203913515
 20
6.238814769205743
 30
0.0
 10
8.80398383887524
 20
6.20142909424472
 30
0.0
 10
8.808461748378898
 20
6.165374022180205
 30
0.0
 10
8.816155025807701
 20
6.131019460701687
 30
0.0
 10
8.82708557813462
 20
6.098374810397989
 30
0.0
 10
8.841139906089309
 20
6.06770062933688
 30
0.0
 10
8.858264562347026
 20
6.039188010363228
 30
0.0
 10
8.878454961241907
 20
6.012849587791902
 30
0.0
 10
8.901418658049254
 20
5.988979227429309
 30
0.0
 10
8.92692073661491
 20
5.967899168136421
 30
0.0
 10
8.9549518201214
 20
5.949612616913927
 30
0.0
 10
8.985297942225111
 20
5.934229069847449
 30
0.0
 10
9.017772852890829
 20
5.921865536691922
 30
0.0
 10
9.052369924332343
 20
5.912521135369857
 30
0.0
 10
9.088639510506985
 20
5.906264191382858
 30
0.0
 10
9.126169619395617
 20
5.903213617656232
 30
0.0
 10
9.164951764651748
 20
5.903365602206376
 30
0.0
 10
9.204740255345392
 20
5.906693203657955
 30
0.0
 10
9.245233340534352
 20
5.913194284912167
 30
0.0
 10
9.286430291058517
 20
5.922848789981538
 30
0.0
 10
9.327880744516605
 20
5.935584586102162
 30
0.0
 10
9.369076894949425
 20
5.951043738580176
 30
0.0
 10
9.396065305237586
 20
5.963695201604354
 30
0.0
 10
9.409621827110186
 20
5.970050145573872
 30
0.0
  0
SPLINE
  5
206
330
1F
100
AcDbEntity
  8
VISIBLE
100
AcDbSpline
210
0.0
220
0.0
230
1.0
 70
     8
 71
     3
 72
    12
 73
     8
 74
     0
 42
0.000000001
 43
0.0000000011723722
 40
0.0
 40
0.0
 40
0.0
 40
0.0
 40
0.201958231424488
 40
0.3795639287043572
 40
0.5647919119126854
 40
0.779886684415311
 40
1.0
 40
1.0
 40
1.0
 40
1.0
 10
9.93376868246369
 20
6.169642302661806
 30
0.0
 10
9.932768444377933
 20
6.168453231071885
 30
0.0
 10
9.930888578948375
 20
6.166218468561844
 30
0.0
 10
9.927188430813645
 20
6.16529051585782
 30
0.0
 10
9.9235481814458
 20
6.167019926835857
 30
0.0
 10
9.920491542722976
 20
6.171148808370242
 30
0.0
 10
9.919199986208495
 20
6.174372834534439
 30
0.0
 10
9.918546761246807
 20
6.176003436326909
 30
0.0
  0
SPLINE
  5
207
330
1F
100
AcDbEntity
  8
VISIBLE
100
AcDbSpline
210
0.0
220
0.0
230
1.0
 70
     8
 71
     3
 72
    11
 73
     7
 74
     0
 42
0.000000001
 43
0.000000001172375
 40
0.0
 40
0.0
 40
0.0
 40
0.0
 40
0.1424978360274277
 40
0.4654554953288216
 40
0.8246326411555923
 40
1.0
 40
1.0
 40
1.0
 40
1.0
 10
9.918546761246807
 20
6.176003436326909
 30
0.0
 10
9.91838004127387
 20
6.176457059812998
 30
0.0
 10
9.917835466494719
 20
6.177938777362515
 30
0.0
 10
9.915497072425309
 20
6.186598107356143
 30
0.0
 10
9.914463623639465
 20
6.197467218239835
 30
0.0
 10
9.914339169205734
 20
6.1996954729754
 30
0.0
 10
9.914298339592579
 20
6.200426493768607
 30
0.0
  0
SPLINE
  5
208
330
1F
100
AcDbEntity
  8
VISIBLE
100
AcDbSpline
210
0.0
220
0.0
230
1.0
 70
     8
 71
     3
 72
    15
 73
    11
 74
     0
 42
0.000000001
 43
0.0000000011283524
 40
0.0
 40
0.0
 40
0.0
 40
0.0
 40
0.1146588451536951
 40
0.2330729173399327
 40
0.354340037511894
 40
0.4787869521543224
 40
0.6052727442278485
 40
0.735412265424507
 40
0.866470998871667
 40
1.0
 40
1.0
 40
1.0
 40
1.0
 10
9.529584730174815
 20
5.988879967627705
 30
0.0
 10
9.52931838593186
 20
5.984190036062403
 30
0.0
 10
9.528776974323897
 20
5.974656571543512
 30
0.0
 10
9.524174524216006
 20
5.960116401740074
 30
0.0
 10
9.517180240375048
 20
5.945904846478156
 30
0.0
 10
9.50748587229855
 20
5.932234396498723
 30
0.0
 10
9.49570458076861
 20
5.919661971679519
 30
0.0
 10
9.48158154145055
 20
5.908044357146096
 30
0.0
 10
9.466121874995967
 20
5.897890240559204
 30
0.0
 10
9.454611450015255
 20
5.892411762849609
 30
0.0
 10
9.448802505195106
 20
5.889646949667926
 30
0.0
  0
SPLINE
  5
209
330
1F
100
AcDbEntity
  8
VISIBLE
100
AcDbSpline
210
0.0
220
0.0
230
1.0
 70
     8
 71
     3
 72
    15
 73
    11
 74
     0
 42
0.000000001
 43
0.0000000010909802
 40
0.0
 40
0.0
 40
0.0
 40
0.0
 40
0.1244438767544883
 40
0.2508387686809465
 40
0.3798172068348152
 40
0.5077504726071773
 40
0.6356577977487408
 40
0.7611080693900919
 40
0.8835618195695985
 40
1.0
 40
1.0
 40
1.0
 40
1.0
 10
8.763320242911465
 20
6.285410318322099
 30
0.0
 10
8.76436899705058
 20
6.290912749698089
 30
0.0
 10
8.766482947561974
 20
6.302003878864916
 30
0.0
 10
8.7698452938832
 20
6.319032766246629
 30
0.0
 10
8.773276387786948
 20
6.336799905471406
 30
0.0
 10
8.77641954953063
 20
6.35426301118736
 30
0.0
 10
8.779203994402652
 20
6.371857622120576
 30
0.0
 10
8.781326007527591
 20
6.388768413181215
 30
0.0
 10
8.782791598871693
 20
6.405058612137847
 30
0.0
 10
8.782977512746447
 20
6.415024204562571
 30
0.0
 10
8.783068128922714
 20
6.419881528315129
 30
0.0
  0
SPLINE
  5
20A
330
1F
100
AcDbEntity
  8
VISIBLE
100
AcDbSpline
210
0.0
220
0.0
230
1.0
 70
     8
 71
     3
 72
    15
 73
    11
 74
     0
 42
0.000000001
 43
0.0000000011225296
 40
0.0
 40
0.0
 40
0.0
 40
0.0
 40
0.1472939831530583
 40
0.2874179229888179
 40
0.4203655433989339
 40
0.5463307500508279
 40
0.6658492711175292
 40
0.7799925691918278
 40
0.8905471639916309
 40
1.0
 40
1.0
 40
1.0
 40
1.0
 10
9.409621827110186
 20
5.970050145573872
 30
0.0
 10
9.412957613869631
 20
5.970395129256943
 30
0.0
 10
9.419466806447698
 20
5.971068303350892
 30
0.0
 10
9.428219514529085
 20
5.973214499462156
 30
0.0
 10
9.43583122264434
 20
5.976097889290809
 30
0.0
 10
9.44219026586628
 20
5.97971568430795
 30
0.0
 10
9.447255638646691
 20
5.983963137753451
 30
0.0
 10
9.450919651780264
 20
5.988754770020043
 30
0.0
 10
9.453256251402479
 20
5.993976808445253
 30
0.0
 10
9.453541544881897
 20
5.997665534470231
 30
0.0
 10
9.453683477271646
 20
5.999500661234852
 30
0.0
  0
SPLINE
  5
20B
330
1F
100
AcDbEntity
  8
VISIBLE
100
AcDbSpline
210
0.0
220
0.0
230
1.0
 70
     8
 71
     3
 72
    10
 73
     6
 74
     0
 42
0.000000001
 43
0.000000001174145
 40
0.0
 40
0.0
 40
0.0
 40
0.0
 40
0.09206068503113
 40
0.5432444220862899
 40
1.0
 40
1.0
 40
1.0
 40
1.0
 10
9.942294462351027
 20
6.195886788535333
 30
0.0
 10
9.942300680646778
 20
6.195768984222502
 30
0.0
 10
9.94233737442632
 20
6.195073828241185
 30
0.0
 10
9.941004150913098
 20
6.180340118694641
 30
0.0
 10
9.936190352384433
 20
6.173222800522519
 30
0.0
 10
9.93376868246369
 20
6.169642302661806
 30
0.0
  0
SPLINE
  5
20C
330
1F
100
AcDbEntity
  8
VISIBLE
100
AcDbSpline
210
0.0
220
0.0
230
1.0
 70
     8
 71
     3
 72
    11
 73
     7
 74
     0
 42
0.000000001
 43
0.0000000011771542
 40
0.0
 40
0.0
 40
0.0
 40
0.0
 40
0.2534039324701624
 40
0.5176133492943925
 40
0.767267064093828
 40
1.0
 40
1.0
 40
1.0
 40
1.0
 10
9.916575615243579
 20
6.252794335873205
 30
0.0
 10
9.919871836375064
 20
6.248569075608543
 30
0.0
 10
9.926604833938484
 20
6.239938384301139
 30
0.0
 10
9.935446800346073
 20
6.224641871135338
 30
0.0
 10
9.94118981678238
 20
6.209788958820758
 30
0.0
 10
9.941934959673237
 20
6.200411196713445
 30
0.0
 10
9.942294462351027
 20
6.195886788535333
 30
0.0
  0
SPLINE
  5
20D
330
1F
100
AcDbEntity
  8
VISIBLE
100
AcDbSpline
210
0.0
220
0.0
230
1.0
 70
     8
 71
     3
 72
    15
 73
    11
 74
     0
 42
0.000000001
 43
0.0000000010906356
 40
0.0
 40
0.0
 40
0.0
 40
0.0
 40
0.1103191331274488
 40
0.2267480444953857
 40
0.3480649937636135
 40
0.4732749135352549
 40
0.6015834765982613
 40
0.7323865877682796
 40
0.8652680739322851
 40
1.0
 40
1.0
 40
1.0
 40
1.0
 10
8.801463709861917
 20
6.376059919519654
 30
0.0
 10
8.801480167608851
 20
6.374104753777467
 30
0.0
 10
8.801513994578192
 20
6.370086139815072
 30
0.0
 10
8.801808511762312
 20
6.363463252276823
 30
0.0
 10
8.802330965440982
 20
6.356318210975792
 30
0.0
 10
8.803152790773384
 20
6.34871902790638
 30
0.0
 10
8.804325180367346
 20
6.340779067948066
 30
0.0
 10
8.805927762759039
 20
6.332589195436773
 30
0.0
 10
8.807977241365462
 20
6.324225450879149
 30
0.0
 10
8.809806063900663
 20
6.318636267198777
 30
0.0
 10
8.810726797957111
 20
6.315822351871729
 30
0.0
  0
SPLINE
  5
20E
330
1F
100
AcDbEntity
  8
VISIBLE
100
AcDbSpline
210
0.0
220
0.0
230
1.0
 70
     8
 71
     3
 72
    14
 73
    10
 74
     0
 42
0.000000001
 43
0.0000000012114368
 40
0.0
 40
0.0
 40
0.0
 40
0.0
 40
0.1457928775441908
 40
0.304134787534694
 40
0.4653053905962295
 40
0.6209279781088423
 40
0.7646429339018103
 40
0.8916045496401771
 40
1.0
 40
1.0
 40
1.0
 40
1.0
 10
9.863267018033605
 20
6.989157396280767
 30
0.0
 10
9.861251311541231
 20
6.986823882890359
 30
0.0
 10
9.8570463978574
 20
6.981956000376785
 30
0.0
 10
9.851761171983012
 20
6.972119873844767
 30
0.0
 10
9.84770977801706
 20
6.961465589289478
 30
0.0
 10
9.845443206404461
 20
6.9509649113881
 30
0.0
 10
9.845205236552655
 20
6.94187598502916
 30
0.0
 10
9.84675253893658
 20
6.934521106885212
 30
0.0
 10
9.849502727215697
 20
6.93199434577477
 30
0.0
 10
9.850769346918394
 20
6.930830627119288
 30
0.0
  0
SPLINE
  5
20F
330
1F
100
AcDbEntity
  8
VISIBLE
100
AcDbSpline
210
0.0
220
0.0
230
1.0
 70
     8
 71
     3
 72
    10
 73
     6
 74
     0
 42
0.000000001
 43
0.0000000012127211
 40
0.0
 40
0.0
 40
0.0
 40
0.0
 40
0.269573394351062
 40
0.6432255927336609
 40
1.0
 40
1.0
 40
1.0
 40
1.0
 10
9.875038358007991
 20
6.993606490792053
 30
0.0
 10
9.874198894909233
 20
6.993969937857402
 30
0.0
 10
9.872195862857138
 20
6.994837154203434
 30
0.0
 10
9.866785794653412
 20
6.99258154346654
 30
0.0
 10
9.864421734988355
 20
6.990281059769012
 30
0.0
 10
9.863267018033605
 20
6.989157396280767
 30
0.0
  0
SPLINE
  5
210
330
1F
100
AcDbEntity
  8
VISIBLE
100
AcDbSpline
210
0.0
220
0.0
230
1.0
 70
     8
 71
     3
 72
    18
 73
    14
 74
     0
 42
0.000000001
 43
0.0000000012130443
 40
0.0
 40
0.0
 40
0.0
 40
0.0
 40
0.0129838914862755
 40
0.0934759397272561
 40
0.1853238947272311
 40
0.2924796894948689
 40
0.4118274382034431
 40
0.5370662474456577
 40
0.6601040013040278
 40
0.7735102217430385
 40
0.8727200652492155
 40
0.9563557875320674
 40
1.0
 40
1.0
 40
1.0
 40
1.0
 10
9.850769346918394
 20
6.930830627119288
 30
0.0
 10
9.850789028792825
 20
6.930813626077282
 30
0.0
 10
9.850930726042053
 20
6.930691229153406
 30
0.0
 10
9.856513018575267
 20
6.929279285598998
 30
0.0
 10
9.86160160490872
 20
6.933039427175323
 30
0.0
 10
9.867587670868053
 20
6.939448243766241
 30
0.0
 10
9.872743910350543
 20
6.948834699734419
 30
0.0
 10
9.876819320899067
 20
6.959833795726346
 30
0.0
 10
9.879276597868708
 20
6.970887410572776
 30
0.0
 10
9.879887811667073
 20
6.980607175370767
 30
0.0
 10
9.879272591463112
 20
6.987855134225613
 30
0.0
 10
9.87644036261613
 20
6.992800062384291
 30
0.0
 10
9.875396349479614
 20
6.993400575283091
 30
0.0
 10
9.875038358007991
 20
6.993606490792053
 30
0.0
  0
SPLINE
  5
211
330
1F
100
AcDbEntity
  8
VISIBLE
100
AcDbSpline
210
0.0
220
0.0
230
1.0
 70
     8
 71
     3
 72
    14
 73
    10
 74
     0
 42
0.000000001
 43
0.0000000011970419
 40
0.0
 40
0.0
 40
0.0
 40
0.0
 40
0.1457928775441907
 40
0.3041347875346938
 40
0.4653053905962298
 40
0.6209279781088421
 40
0.7646429339018104
 40
0.8916045496401781
 40
1.0
 40
1.0
 40
1.0
 40
1.0
 10
9.863267018033605
 20
6.736566653510305
 30
0.0
 10
9.861251311541231
 20
6.734233140119898
 30
0.0
 10
9.8570463978574
 20
6.729365257606324
 30
0.0
 10
9.851761171983012
 20
6.719529131074306
 30
0.0
 10
9.84770977801706
 20
6.708874846519017
 30
0.0
 10
9.845443206404461
 20
6.698374168617638
 30
0.0
 10
9.845205236552655
 20
6.689285242258698
 30
0.0
 10
9.84675253893658
 20
6.68193036411475
 30
0.0
 10
9.849502727215697
 20
6.679403603004309
 30
0.0
 10
9.850769346918394
 20
6.678239884348828
 30
0.0
  0
SPLINE
  5
212
330
1F
100
AcDbEntity
  8
VISIBLE
100
AcDbSpline
210
0.0
220
0.0
230
1.0
 70
     8
 71
     3
 72
    10
 73
     6
 74
     0
 42
0.000000001
 43
0.0000000011983296
 40
0.0
 40
0.0
 40
0.0
 40
0.0
 40
0.2695733943510628
 40
0.6432255927336609
 40
1.0
 40
1.0
 40
1.0
 40
1.0
 10
9.875038358007991
 20
6.741015748021591
 30
0.0
 10
9.874198894909233
 20
6.741379195086941
 30
0.0
 10
9.872195862857138
 20
6.742246411432973
 30
0.0
 10
9.866785794653412
 20
6.739990800696079
 30
0.0
 10
9.864421734988355
 20
6.737690316998552
 30
0.0
 10
9.863267018033605
 20
6.736566653510305
 30
0.0
  0
SPLINE
  5
213
330
1F
100
AcDbEntity
  8
VISIBLE
100
AcDbSpline
210
0.0
220
0.0
230
1.0
 70
     8
 71
     3
 72
    18
 73
    14
 74
     0
 42
0.000000001
 43
0.0000000011986593
 40
0.0
 40
0.0
 40
0.0
 40
0.0
 40
0.0129838914862768
 40
0.0934759397272571
 40
0.1853238947272327
 40
0.2924796894948696
 40
0.4118274382034435
 40
0.5370662474456578
 40
0.6601040013040276
 40
0.7735102217430375
 40
0.8727200652492146
 40
0.9563557875320667
 40
1.0
 40
1.0
 40
1.0
 40
1.0
 10
9.850769346918394
 20
6.678239884348828
 30
0.0
 10
9.850789028792825
 20
6.678222883306821
 30
0.0
 10
9.850930726042053
 20
6.678100486382945
 30
0.0
 10
9.856513018575267
 20
6.676688542828537
 30
0.0
 10
9.86160160490872
 20
6.680448684404862
 30
0.0
 10
9.867587670868053
 20
6.68685750099578
 30
0.0
 10
9.872743910350543
 20
6.696243956963958
 30
0.0
 10
9.876819320899067
 20
6.707243052955884
 30
0.0
 10
9.879276597868706
 20
6.718296667802315
 30
0.0
 10
9.879887811667073
 20
6.728016432600305
 30
0.0
 10
9.879272591463112
 20
6.735264391455152
 30
0.0
 10
9.87644036261613
 20
6.740209319613831
 30
0.0
 10
9.875396349479614
 20
6.740809832512629
 30
0.0
 10
9.875038358007991
 20
6.741015748021591
 30
0.0
  0
SPLINE
  5
214
330
1F
100
AcDbEntity
  8
VISIBLE
100
AcDbSpline
210
0.0
220
0.0
230
1.0
 70
     8
 71
     3
 72
    14
 73
    10
 74
     0
 42
0.000000001
 43
0.0000000011863787
 40
0.0
 40
0.0
 40
0.0
 40
0.0
 40
0.1533043438694036
 40
0.3100892440641249
 40
0.4648043943004017
 40
0.6109353635811827
 40
0.7461332722732601
 40
0.8737255919997613
 40
1.0
 40
1.0
 40
1.0
 40
1.0
 10
9.644517018033604
 20
6.862862024895536
 30
0.0
 10
9.641007423329908
 20
6.861381773204489
 30
0.0
 10
9.633908553583806
 20
6.858387662820427
 30
0.0
 10
9.624662010019286
 20
6.850591095217046
 30
0.0
 10
9.617635083881005
 20
6.841265696917434
 30
0.0
 10
9.61388429232622
 20
6.831383449014127
 30
0.0
 10
9.613706867947421
 20
6.822284371843783
 30
0.0
 10
9.616712658160978
 20
6.814488261393261
 30
0.0
 10
9.620937189406558
 20
6.811304147268463
 30
0.0
 10
9.62303848951347
 20
6.809720355135817
 30
0.0
  0
SPLINE
  5
215
330
1F
100
AcDbEntity
  8
VISIBLE
100
AcDbSpline
210
0.0
220
0.0
230
1.0
 70
     8
 71
     3
 72
    10
 73
     6
 74
     0
 42
0.000000001
 43
0.0000000011881734
 40
0.0
 40
0.0
 40
0.0
 40
0.0
 40
0.3061505414177121
 40
0.6841533749677914
 40
1.0
 40
1.0
 40
1.0
 40
1.0
 10
9.665276476493945
 20
6.86212182251435
 30
0.0
 10
9.663594724394757
 20
6.862937664937566
 30
0.0
 10
9.659836519789959
 20
6.864760824696488
 30
0.0
 10
9.650560220202385
 20
6.864714107236942
 30
0.0
 10
9.646407413609433
 20
6.863441381363594
 30
0.0
 10
9.644517018033604
 20
6.862862024895536
 30
0.0
  0
SPLINE
  5
216
330
1F
100
AcDbEntity
  8
VISIBLE
100
AcDbSpline
210
0.0
220
0.0
230
1.0
 70
     8
 71
     3
 72
    18
 73
    14
 74
     0
 42
0.000000001
 43
0.0000000011887348
 40
0.0
 40
0.0
 40
0.0
 40
0.0
 40
0.0098381723809358
 40
0.1079737243299855
 40
0.2131612823398769
 40
0.3246359482877846
 40
0.439193047224855
 40
0.5528548762723847
 40
0.6622129283395057
 40
0.7650258321293902
 40
0.8609414874215406
 40
0.9528735476663313
 40
1.0
 40
1.0
 40
1.0
 40
1.0
 10
9.62303848951347
 20
6.809720355135817
 30
0.0
 10
9.623051119691263
 20
6.809710898135554
 30
0.0
 10
9.623189735613245
 20
6.809607107766785
 30
0.0
 10
9.632337759170365
 20
6.805880354089504
 30
0.0
 10
9.641170323628709
 20
6.807291927408978
 30
0.0
 10
9.651975498757787
 20
6.811251761330645
 30
0.0
 10
9.66126643781497
 20
6.818495900092663
 30
0.0
 10
9.668487750866934
 20
6.827622903417371
 30
0.0
 10
9.672896643038868
 20
6.837483981289131
 30
0.0
 10
9.674067980069804
 20
6.847101888498143
 30
0.0
 10
9.672626529285758
 20
6.855163442725935
 30
0.0
 10
9.667190975225754
 20
6.861088139183686
 30
0.0
 10
9.66576106735911
 20
6.861860180398224
 30
0.0
 10
9.665276476493945
 20
6.86212182251435
 30
0.0
  0
SPLINE
  5
217
330
1F
100
AcDbEntity
  8
VISIBLE
100
AcDbSpline
210
0.0
220
0.0
230
1.0
 70
     8
 71
     3
 72
    12
 73
     8
 74
     0
 42
0.000000001
 43
0.0000000011836186
 40
0.0
 40
0.0
 40
0.0
 40
0.0
 40
0.2127794381782136
 40
0.4225515660244692
 40
0.6243914967514179
 40
0.8257311827189346
 40
1.0
 40
1.0
 40
1.0
 40
1.0
 10
9.76838911401709
 20
6.636618334848583
 30
0.0
 10
9.762385136763271
 20
6.633534968468667
 30
0.0
 10
9.750462039246433
 20
6.627411814353702
 30
0.0
 10
9.731051546478664
 20
6.623073981281824
 30
0.0
 10
9.71300881712163
 20
6.62275220181444
 30
0.0
 10
9.695086962061456
 20
6.62677217652621
 30
0.0
 10
9.68677658674031
 20
6.631107599918111
 30
0.0
 10
9.682920871904644
 20
6.633119080223761
 30
0.0
  0
SPLINE
  5
218
330
1F
100
AcDbEntity
  8
VISIBLE
100
AcDbSpline
210
0.0
220
0.0
230
1.0
 70
     8
 71
     3
 72
    22
 73
    18
 74
     0
 42
0.000000001
 43
0.0000000012066202
 40
0.0
 40
0.0
 40
0.0
 40
0.0
 40
0.0323349113253681
 40
0.085920562290446
 40
0.1439464741221842
 40
0.2055832686557149
 40
0.272824040202674
 40
0.3418408809165272
 40
0.4148441672219901
 40
0.4885836181988183
 40
0.5644871898826841
 40
0.6408055296045106
 40
0.7178193864475193
 40
0.7935115774293517
 40
0.8687511185522675
 40
0.934845538759863
 40
1.0
 40
1.0
 40
1.0
 40
1.0
 10
9.839185795230987
 20
6.903743401329085
 30
0.0
 10
9.840357456792738
 20
6.903061995875575
 30
0.0
 10
9.843470804443106
 20
6.90125136033295
 30
0.0
 10
9.852724600947948
 20
6.891763599428153
 30
0.0
 10
9.858677936955209
 20
6.878318517911532
 30
0.0
 10
9.862728560822115
 20
6.861798266161256
 30
0.0
 10
9.864382937063763
 20
6.841673981387083
 30
0.0
 10
9.863830783697248
 20
6.820638354784982
 30
0.0
 10
9.861079008470686
 20
6.797001321989943
 30
0.0
 10
9.856346115596583
 20
6.773424392556302
 30
0.0
 10
9.84931929484702
 20
6.748709535184982
 30
0.0
 10
9.840199804871022
 20
6.724602581565819
 30
0.0
 10
9.828485220147371
 20
6.70084672864129
 30
0.0
 10
9.815061121127005
 20
6.679540800944027
 30
0.0
 10
9.798744614184502
 20
6.660149820742457
 30
0.0
 10
9.784428292055972
 20
6.646957793633499
 30
0.0
 10
9.773709919608057
 20
6.640048326708326
 30
0.0
 10
9.76838911401709
 20
6.636618334848583
 30
0.0
  0
SPLINE
  5
219
330
1F
100
AcDbEntity
  8
VISIBLE
100
AcDbSpline
210
0.0
220
0.0
230
1.0
 70
     8
 71
     3
 72
    27
 73
    23
 74
     0
 42
0.000000001
 43
0.0000000012048881
 40
0.0
 40
0.0
 40
0.0
 40
0.0
 40
0.0233485795930339
 40
0.0722338516155324
 40
0.1214320019460033
 40
0.1724363203540664
 40
0.2234915386622547
 40
0.2769051463889736
 40
0.3303841231047702
 40
0.386054574813858
 40
0.4424543096823393
 40
0.5004621939603155
 40
0.5589771811281382
 40
0.6181697156282777
 40
0.675818235992195
 40
0.7327960961287453
 40
0.7859247223861866
 40
0.83697752829547
 40
0.8836290049574667
 40
0.9275355935239068
 40
0.9683872039652458
 40
1.0
 40
1.0
 40
1.0
 40
1.0
 10
9.682920871904644
 20
6.633119080223761
 30
0.0
 10
9.681940344660664
 20
6.633661157044767
 30
0.0
 10
9.67890687278866
 20
6.635338188253311
 30
0.0
 10
9.664031865011559
 20
6.647163634532553
 30
0.0
 10
9.654132923635965
 20
6.661630670706678
 30
0.0
 10
9.646181447892403
 20
6.680454354212974
 30
0.0
 10
9.64279299517124
 20
6.700068568904744
 30
0.0
 10
9.643197829558645
 20
6.722137703676687
 30
0.0
 10
9.64732951147638
 20
6.743587633950009
 30
0.0
 10
9.655106775750237
 20
6.766161979634907
 30
0.0
 10
9.665850305588942
 20
6.787931786820864
 30
0.0
 10
9.679691068653298
 20
6.809742914799363
 30
0.0
 10
9.695708441243164
 20
6.830317152104904
 30
0.0
 10
9.714023563129523
 20
6.849970229303341
 30
0.0
 10
9.732695571874599
 20
6.866956167118811
 30
0.0
 10
9.75250830178326
 20
6.88209522851566
 30
0.0
 10
9.77068701613278
 20
6.893505418470659
 30
0.0
 10
9.788724362316612
 20
6.902294780596824
 30
0.0
 10
9.804658147151354
 20
6.907383787018008
 30
0.0
 10
9.8192151793045
 20
6.909376086705275
 30
0.0
 10
9.832171224072782
 20
6.907380962998817
 30
0.0
 10
9.837055163335185
 20
6.904848287820601
 30
0.0
 10
9.839185795230987
 20
6.903743401329085
 30
0.0
  0
SPLINE
  5
21A
330
1F
100
AcDbEntity
  8
VISIBLE
100
AcDbSpline
210
0.0
220
0.0
230
1.0
 70
     8
 71
     3
 72
    10
 73
     6
 74
     0
 42
0.000000001
 43
0.0000000010815245
 40
0.0
 40
0.0
 40
0.0
 40
0.0
 40
0.0895822558333023
 40
0.5390083416488075
 40
1.0
 40
1.0
 40
1.0
 40
1.0
 10
8.754794463024128
 20
6.195863704488237
 30
0.0
 10
8.75478838883859
 20
6.196223115587699
 30
0.0
 10
8.754751841012862
 20
6.19838565970863
 30
0.0
 10
8.756122811830313
 20
6.244851577244842
 30
0.0
 10
8.760900866404437
 20
6.271776722639063
 30
0.0
 10
8.763320242911465
 20
6.285410318322097
 30
0.0
  0
SPLINE
  5
21B
330
1F
100
AcDbEntity
  8
VISIBLE
100
AcDbSpline
210
0.0
220
0.0
230
1.0
 70
     8
 71
     3
 72
    33
 73
    29
 74
     0
 42
0.000000001
 43
0.0000000011327396
 40
0.0
 40
0.0
 40
0.0
 40
0.0
 40
0.0477765860494537
 40
0.0946530360132589
 40
0.1405812254221636
 40
0.1755492063707584
 40
0.2100490203112067
 40
0.2440738422960226
 40
0.2776189949171609
 40
0.3106821404824499
 40
0.354620631651027
 40
0.397816633403595
 40
0.4402791192768606
 40
0.4820334363839086
 40
0.5231237735618254
 40
0.563615050879119
 40
0.603720778848105
 40
0.643659575065284
 40
0.6835283347409936
 40
0.7144318890303899
 40
0.7453890435597829
 40
0.7764355512083186
 40
0.8076082008338008
 40
0.8389442138311368
 40
0.8781221180735513
 40
0.9181200991509958
 40
0.9590150891044298
 40
1.0
 40
1.0
 40
1.0
 40
1.0
 10
9.448802505195106
 20
5.889646949667926
 30
0.0
 10
9.432237384261974
 20
5.882736494710443
 30
0.0
 10
9.399419238012998
 20
5.869045781412478
 30
0.0
 10
9.351764726942644
 20
5.853404767653994
 30
0.0
 10
9.303338901056016
 20
5.841079552889891
 30
0.0
 10
9.275383698476798
 20
5.835561345540067
 30
0.0
 10
9.247167960938455
 20
5.830929385216885
 30
0.0
 10
9.220675510791601
 20
5.827726965759697
 30
0.0
 10
9.193630020475267
 20
5.825660916056981
 30
0.0
 10
9.16827130441457
 20
5.824547329578293
 30
0.0
 10
9.122560024870202
 20
5.825338607882602
 30
0.0
 10
9.080417796962074
 20
5.829999430320965
 30
0.0
 10
9.038628883797875
 20
5.837994772912118
 30
0.0
 10
8.999487324038743
 20
5.849288542850797
 30
0.0
 10
8.962633233628948
 20
5.863759045481897
 30
0.0
 10
8.928463390693912
 20
5.881189590926089
 30
0.0
 10
8.896659259064721
 20
5.901884408084836
 30
0.0
 10
8.868193210207373
 20
5.924695131865352
 30
0.0
 10
8.84192929857448
 20
5.951664354878116
 30
0.0
 10
8.827906261104422
 20
5.968919771303192
 30
0.0
 10
8.814392969004047
 20
5.987546453852091
 30
0.0
 10
8.80262214474621
 20
6.0064715562191
 30
0.0
 10
8.791748756991817
 20
6.02702526103938
 30
0.0
 10
8.78222007353067
 20
6.047848305389789
 30
0.0
 10
8.769928379395369
 20
6.082046578992606
 30
0.0
 10
8.761461099127024
 20
6.117734904763036
 30
0.0
 10
8.75576620352621
 20
6.156667090168042
 30
0.0
 10
8.75511861358706
 20
6.182788604119704
 30
0.0
 10
8.754794463024128
 20
6.195863704488237
 30
0.0
  0
SPLINE
  5
21C
330
1F
100
AcDbEntity
  8
VISIBLE
100
AcDbSpline
210
0.0
220
0.0
230
1.0
 70
     8
 71
     3
 72
    14
 73
    10
 74
     0
 42
0.000000001
 43
0.0000000011719482
 40
0.0
 40
0.0
 40
0.0
 40
0.0
 40
0.1533043438694038
 40
0.3100892440641249
 40
0.464804394300402
 40
0.6109353635811829
 40
0.7461332722732612
 40
0.8737255919997613
 40
1.0
 40
1.0
 40
1.0
 40
1.0
 10
9.644517018033604
 20
6.610271282125075
 30
0.0
 10
9.641007423329908
 20
6.608791030434028
 30
0.0
 10
9.633908553583806
 20
6.605796920049965
 30
0.0
 10
9.624662010019286
 20
6.598000352446585
 30
0.0
 10
9.617635083881005
 20
6.588674954146973
 30
0.0
 10
9.61388429232622
 20
6.578792706243665
 30
0.0
 10
9.613706867947421
 20
6.569693629073321
 30
0.0
 10
9.616712658160978
 20
6.561897518622799
 30
0.0
 10
9.620937189406558
 20
6.558713404498001
 30
0.0
 10
9.62303848951347
 20
6.557129612365356
 30
0.0
  0
SPLINE
  5
21D
330
1F
100
AcDbEntity
  8
VISIBLE
100
AcDbSpline
210
0.0
220
0.0
230
1.0
 70
     8
 71
     3
 72
    10
 73
     6
 74
     0
 42
0.000000001
 43
0.0000000011737608
 40
0.0
 40
0.0
 40
0.0
 40
0.0
 40
0.3061505414177109
 40
0.6841533749677907
 40
1.0
 40
1.0
 40
1.0
 40
1.0
 10
9.665276476493943
 20
6.609531079743889
 30
0.0
 10
9.663594724394757
 20
6.610346922167104
 30
0.0
 10
9.659836519789959
 20
6.612170081926026
 30
0.0
 10
9.650560220202385
 20
6.612123364466481
 30
0.0
 10
9.646407413609433
 20
6.610850638593133
 30
0.0
 10
9.644517018033604
 20
6.610271282125075
 30
0.0
  0
SPLINE
  5
21E
330
1F
100
AcDbEntity
  8
VISIBLE
100
AcDbSpline
210
0.0
220
0.0
230
1.0
 70
     8
 71
     3
 72
    18
 73
    14
 74
     0
 42
0.000000001
 43
0.0000000011743349
 40
0.0
 40
0.0
 40
0.0
 40
0.0
 40
0.0098381723809375
 40
0.1079737243299866
 40
0.2131612823398777
 40
0.3246359482877854
 40
0.4391930472248555
 40
0.552854876272385
 40
0.662212928339506
 40
0.76502583212939
 40
0.8609414874215403
 40
0.9528735476663299
 40
1.0
 40
1.0
 40
1.0
 40
1.0
 10
9.62303848951347
 20
6.557129612365356
 30
0.0
 10
9.623051119691263
 20
6.557120155365093
 30
0.0
 10
9.623189735613245
 20
6.557016364996324
 30
0.0
 10
9.632337759170365
 20
6.553289611319043
 30
0.0
 10
9.641170323628709
 20
6.554701184638517
 30
0.0
 10
9.651975498757787
 20
6.558661018560183
 30
0.0
 10
9.66126643781497
 20
6.565905157322202
 30
0.0
 10
9.668487750866934
 20
6.575032160646909
 30
0.0
 10
9.67289664303887
 20
6.58489323851867
 30
0.0
 10
9.674067980069804
 20
6.594511145727681
 30
0.0
 10
9.672626529285758
 20
6.602572699955474
 30
0.0
 10
9.667190975225754
 20
6.608497396413225
 30
0.0
 10
9.66576106735911
 20
6.609269437627762
 30
0.0
 10
9.665276476493943
 20
6.609531079743889
 30
0.0
  0
ELLIPSE
  5
21F
330
1F
100
AcDbEntity
  8
VISIBLE
100
AcDbEllipse
 10
9.4104163060414
 20
6.746335062910747
 30
0.0
 11
0.08750000000000036
 21
-0.1515544456622768
 31
0.0
210
0.0
220
0.0
230
1.0
 40
0.577350269189626
 41
3.926990816987232
 42
5.497787143782151
  0
ELLIPSE
  5
220
330
1F
100
AcDbEntity
  8
VISIBLE
100
AcDbEllipse
 10
9.35738329745241
 20
6.715716441125957
 30
0.0
 11
-0.05000000000000071
 21
0.08660254037844428
 31
0.0
210
0.0
220
0.0
230
-1.0
 40
0.577350269189627
 41
3.926990816987244
 42
5.497787143782149
  0
ELLIPSE
  5
221
330
1F
100
AcDbEntity
  8
VISIBLE
100
AcDbEllipse
 10
8.98726267188987
 20
7.215179487251826
 30
0.0
 11
0.01662499999999945
 21
0.02879534467583245
 31
0.0
210
0.0
220
0.0
230
1.0
 40
0.5773502691896221
 41
2.457046395508143
 42
6.898793363262187
  0
ELLIPSE
  5
222
330
1F
100
AcDbEntity
  8
VISIBLE
100
AcDbEllipse
 10
9.20601267188987
 20
7.088884115866595
 30
0.0
 11
0.01662500000000001
 21
0.02879534467583261
 31
0.0
210
0.0
220
0.0
230
1.0
 40
0.5773502691896255
 41
0.0
 42
6.283185307179586
  0
ELLIPSE
  5
223
330
1F
100
AcDbEntity
  8
VISIBLE
100
AcDbEllipse
 10
9.339705627922745
 20
6.338086772446884
 30
0.0
 11
0.05000000000000071
 21
-0.08660254037844428
 31
0.0
210
0.0
220
0.0
230
1.0
 40
0.577350269189627
 41
5.497787143782134
 42
7.068583470577032
  0
ELLIPSE
  5
224
330
1F
100
AcDbEntity
  8
VISIBLE
100
AcDbEllipse
 10
9.348544462687578
 20
7.261748529621373
 30
0.0
 11
-0.59375
 21
0.0
 31
0.0
210
0.0
220
0.0
230
1.0
 40
0.5773502691896256
 41
5.285673833302908
 42
5.709900454261364
  0
ELLIPSE
  5
225
330
1F
100
AcDbEntity
  8
VISIBLE
100
AcDbEllipse
 10
9.20601267188987
 20
7.341474858637056
 30
0.0
 11
0.01662499999999945
 21
0.02879534467583245
 31
0.0
210
0.0
220
0.0
230
1.0
 40
0.5773502691896221
 41
0.9551882707122039
 42
5.396935238466339
  0
ELLIPSE
  5
226
330
1F
100
AcDbEntity
  8
VISIBLE
100
AcDbEllipse
 10
9.348544462687578
 20
6.037003658229784
 30
0.0
 11
-0.59375
 21
0.0
 31
0.0
210
0.0
220
0.0
230
1.0
 40
0.5773502691896256
 41
0.0
 42
3.141592653589793
  0
ELLIPSE
  5
227
330
1F
100
AcDbEntity
  8
VISIBLE
100
AcDbEllipse
 10
8.876347370628913
 20
6.106971986218133
 30
0.0
 11
-0.0546875
 21
0.0
 31
0.0
210
0.0
220
0.0
230
1.0
 40
0.5773502691896185
 41
4.532771513108401
 42
5.332748889085594
  0
ELLIPSE
  5
228
330
1F
100
AcDbEntity
  8
VISIBLE
100
AcDbEllipse
 10
9.348544462687578
 20
7.261748529621373
 30
0.0
 11
-0.59375
 21
0.0
 31
0.0
210
0.0
220
0.0
230
1.0
 40
0.5773502691896256
 41
2.144081179713115
 42
2.568307800671574
  0
ELLIPSE
  5
229
330
1F
100
AcDbEntity
  8
VISIBLE
100
AcDbEllipse
 10
8.98726267188987
 20
6.962588744481365
 30
0.0
 11
0.01662500000000001
 21
0.02879534467583261
 31
0.0
210
0.0
220
0.0
230
1.0
 40
0.5773502691896255
 41
0.0
 42
6.283185307179586
  0
ELLIPSE
  5
22A
330
1F
100
AcDbEntity
  8
VISIBLE
100
AcDbEllipse
 10
8.968474567799808
 20
6.491179881370832
 30
0.0
 11
-0.08750000000000036
 21
0.1515544456622768
 31
0.0
210
0.0
220
0.0
230
-1.0
 40
0.577350269189626
 41
3.926990816987242
 42
5.497787143782146
  0
ELLIPSE
  5
22B
330
1F
100
AcDbEntity
  8
VISIBLE
100
AcDbEllipse
 10
9.286672619333755
 20
6.307468150662094
 30
0.0
 11
-0.08750000000000036
 21
0.1515544456622768
 31
0.0
210
0.0
220
0.0
230
-1.0
 40
0.577350269189626
 41
2.356194490192347
 42
3.926990816987242
  0
ELLIPSE
  5
22C
330
1F
100
AcDbEntity
  8
VISIBLE
100
AcDbEllipse
 10
9.0215075763888
 20
6.521798503155622
 30
0.0
 11
0.05000000000000071
 21
-0.08660254037844428
 31
0.0
210
0.0
220
0.0
230
1.0
 40
0.577350269189627
 41
3.926990816987227
 42
5.497787143782134
  0
ELLIPSE
  5
22D
330
1F
100
AcDbEntity
  8
VISIBLE
100
AcDbEllipse
 10
9.240613712313358
 20
5.896662715789898
 30
0.0
 11
-0.0546875
 21
0.0
 31
0.0
210
0.0
220
0.0
230
1.0
 40
0.5773502691896185
 41
4.53277151310942
 42
5.33274888908435
  0
ELLIPSE
  5
22E
330
1F
100
AcDbEntity
  8
VISIBLE
100
AcDbEllipse
 10
9.09663767188987
 20
7.15203180155921
 30
0.0
 11
-0.07812499999999993
 21
-0.1353164693413186
 31
0.0
210
0.0
220
0.0
230
-1.0
 40
0.577350269189626
 41
0.0
 42
6.283185307179586
  0
ELLIPSE
  5
22F
330
1F
100
AcDbEntity
  8
VISIBLE
100
AcDbEllipse
 10
9.220242835422265
 20
7.333259069891016
 30
0.0
 11
-0.01208144248442932
 21
0.0433577262521604
 31
0.0
210
0.0
220
0.0
230
-1.0
 40
0.3304313125179233
 41
5.653111504058534
 42
7.494549843484068
  0
ELLIPSE
  5
230
330
1F
100
AcDbEntity
  8
VISIBLE
100
AcDbEllipse
 10
8.876347370628913
 20
6.183782957256875
 30
0.0
 11
-0.0460963062915546
 21
-0.04216264981195078
 31
0.0
210
0.0
220
0.0
230
1.0
 40
0.6979016682780882
 41
3.358852029852383
 42
9.642037337031967
  0
ELLIPSE
  5
231
330
1F
100
AcDbEntity
  8
VISIBLE
100
AcDbEllipse
 10
9.348544462687578
 20
7.357006464062941
 30
0.0
 11
0.4275248673416367
 21
0.6902786653036882
 31
0.0
210
0.0
220
0.0
230
1.0
 40
0.5968912543189613
 41
4.255299173406982
 42
4.518740178056635
  0
ELLIPSE
  5
232
330
1F
100
AcDbEntity
  8
VISIBLE
100
AcDbEllipse
 10
9.348544462687578
 20
7.357006464062941
 30
0.0
 11
0.4275248673416367
 21
0.6902786653036882
 31
0.0
210
0.0
220
0.0
230
1.0
 40
0.5968912543189613
 41
8.084559452604886
 42
8.348000457254539
  0
ELLIPSE
  5
233
330
1F
100
AcDbEntity
  8
VISIBLE
100
AcDbEllipse
 10
9.348544462687578
 20
7.357006464062941
 30
0.0
 11
-0.5936731786267401
 21
0.3202744920774742
 31
0.0
210
0.0
220
0.0
230
-1.0
 40
0.0298209478413736
 41
7.264610379619292
 42
7.528051384268951
  0
ELLIPSE
  5
234
330
1F
100
AcDbEntity
  8
VISIBLE
100
AcDbEllipse
 10
9.47684608995289
 20
6.932518369042365
 30
0.0
 11
0.01748370577882915
 21
0.02829859894276571
 31
0.0
210
0.0
220
0.0
230
-1.0
 40
0.2384611133163171
 41
6.891678671517569
 42
8.733117010943127
  0
ELLIPSE
  5
235
330
1F
100
AcDbEntity
  8
VISIBLE
100
AcDbEllipse
 10
9.240613712313358
 20
5.97347368682864
 30
0.0
 11
-0.0460963062915546
 21
-0.04216264981195078
 31
0.0
210
0.0
220
0.0
230
1.0
 40
0.6979016682780882
 41
3.358852029852348
 42
9.642037337031933
  0
ELLIPSE
  5
236
330
1F
100
AcDbEntity
  8
VISIBLE
100
AcDbEllipse
 10
9.348544462687578
 20
7.357006464062941
 30
0.0
 11
-0.5936731786267401
 21
0.3202744920774742
 31
0.0
210
0.0
220
0.0
230
-1.0
 40
0.0298209478413736
 41
9.718535407600932
 42
9.981976412250589
  0
ELLIPSE
  5
237
330
1F
100
AcDbEntity
  8
VISIBLE
100
AcDbEllipse
 10
9.001492835422265
 20
7.206963698505785
 30
0.0
 11
0.0394302020887825
 21
-0.02436113722500549
 31
0.0
210
0.0
220
0.0
230
-1.0
 40
0.7170861281866898
 41
8.49694409931193
 42
10.33838243873743
  0
LINE
  5
238
330
1F
100
AcDbEntity
  8
BORDER_FRAME
100
AcDbLine
 10
0.399
 20
0.38
 30
0.0
 11
0.399
 21
8.12
 31
0.0
  0
LINE
  5
23B
330
1F
100
AcDbEntity
  8
BORDER_FRAME
100
AcDbLine
 10
0.399
 20
8.12
 30
0.0
 11
10.639
 21
8.12
 31
0.0
  0
LINE
  5
23C
330
1F
100
AcDbEntity
  8
BORDER_FRAME
100
AcDbLine
 10
10.639
 20
8.12
 30
0.0
 11
10.639
 21
0.38
 31
0.0
  0
LINE
  5
23D
330
1F
100
AcDbEntity
  8
BORDER_FRAME
100
AcDbLine
 10
10.639
 20
0.38
 30
0.0
 11
0.399
 21
0.38
 31
0.0
  0
LINE
  5
23E
330
1F
100
AcDbEntity
  8
BORDER_ZONES
100
AcDbLine
 10
5.519
 20
0.38
 30
0.0
 11
5.519
 21
0.019
 31
0.0
  0
LINE
  5
240
330
1F
100
AcDbEntity
  8
BORDER_ZONES
100
AcDbLine
 10
5.519
 20
8.12
 30
0.0
 11
5.519
 21
8.481
 31
0.0
  0
MTEXT
  5
241
330
1F
100
AcDbEntity
  8
BORDER_ZONES
100
AcDbMText
 10
2.769
 20
0.19
 30
0.0
 40
0.18
 41
0.0
 71
     5
 72
     1
  1
2
  7
ONSHAPE-STANDARD
  0
MTEXT
  5
243
330
1F
100
AcDbEntity
  8
BORDER_ZONES
100
AcDbMText
 10
2.769
 20
8.309999999999999
 30
0.0
 40
0.18
 41
0.0
 71
     5
 72
     1
  1
2
  7
ONSHAPE-STANDARD
  0
MTEXT
  5
244
330
1F
100
AcDbEntity
  8
BORDER_ZONES
100
AcDbMText
 10
8.269
 20
0.19
 30
0.0
 40
0.18
 41
0.0
 71
     5
 72
     1
  1
1
  7
ONSHAPE-STANDARD
  0
MTEXT
  5
245
330
1F
100
AcDbEntity
  8
BORDER_ZONES
100
AcDbMText
 10
8.269
 20
8.309999999999999
 30
0.0
 40
0.18
 41
0.0
 71
     5
 72
     1
  1
1
  7
ONSHAPE-STANDARD
  0
LINE
  5
246
330
1F
100
AcDbEntity
  8
BORDER_ZONES
100
AcDbLine
 10
0.399
 20
4.25
 30
0.0
 11
0.038
 21
4.25
 31
0.0
  0
LINE
  5
247
330
1F
100
AcDbEntity
  8
BORDER_ZONES
100
AcDbLine
 10
10.639
 20
4.25
 30
0.0
 11
11.0
 21
4.25
 31
0.0
  0
MTEXT
  5
248
330
1F
100
AcDbEntity
  8
BORDER_ZONES
100
AcDbMText
 10
0.209
 20
2.125
 30
0.0
 40
0.18
 41
0.0
 71
     5
 72
     1
  1
A
  7
ONSHAPE-STANDARD
  0
MTEXT
  5
249
330
1F
100
AcDbEntity
  8
BORDER_ZONES
100
AcDbMText
 10
10.829
 20
2.125
 30
0.0
 40
0.18
 41
0.0
 71
     5
 72
     1
  1
A
  7
ONSHAPE-STANDARD
  0
MTEXT
  5
24A
330
1F
100
AcDbEntity
  8
BORDER_ZONES
100
AcDbMText
 10
0.209
 20
6.375
 30
0.0
 40
0.18
 41
0.0
 71
     5
 72
     1
  1
B
  7
ONSHAPE-STANDARD
  0
MTEXT
  5
24B
330
1F
100
AcDbEntity
  8
BORDER_ZONES
100
AcDbMText
 10
10.829
 20
6.375
 30
0.0
 40
0.18
 41
0.0
 71
     5
 72
     1
  1
B
  7
ONSHAPE-STANDARD
  0
LINE
  5
24C
330
1F
100
AcDbEntity
  8
TITLE_BLOCK
100
AcDbLine
 10
4.563999999999999
 20
0.38
 30
0.0
 11
4.563999999999999
 21
1.88
 31
0.0
  0
LINE
  5
24E
330
1F
100
AcDbEntity
  8
TITLE_BLOCK
100
AcDbLine
 10
4.563999999999999
 20
0.38
 30
0.0
 11
5.763999999999999
 21
0.38
 31
0.0
  0
LINE
  5
24F
330
1F
100
AcDbEntity
  8
TITLE_BLOCK
100
AcDbLine
 10
4.563999999999999
 20
0.6799999999999999
 30
0.0
 11
5.763999999999999
 21
0.6799999999999999
 31
0.0
  0
LINE
  5
250
330
1F
100
AcDbEntity
  8
TITLE_BLOCK
100
AcDbLine
 10
4.563999999999999
 20
0.8
 30
0.0
 11
5.763999999999999
 21
0.8
 31
0.0
  0
LINE
  5
251
330
1F
100
AcDbEntity
  8
TITLE_BLOCK
100
AcDbLine
 10
4.563999999999999
 20
1.004
 30
0.0
 11
5.763999999999999
 21
1.004
 31
0.0
  0
LINE
  5
252
330
1F
100
AcDbEntity
  8
TITLE_BLOCK
100
AcDbLine
 10
4.563999999999999
 20
1.178
 30
0.0
 11
5.763999999999999
 21
1.178
 31
0.0
  0
LINE
  5
253
330
1F
100
AcDbEntity
  8
TITLE_BLOCK
100
AcDbLine
 10
4.563999999999999
 20
1.88
 30
0.0
 11
5.763999999999999
 21
1.88
 31
0.0
  0
MTEXT
  5
254
330
1F
100
AcDbEntity
  8
TITLE_BLOCK
100
AcDbMText
 10
4.590399999999999
 20
1.8368
 30
0.0
 40
0.048
 41
1.176
 71
     1
 72
     1
  1
UNLESS OTHERWISE SPECIFIED, DIMENSIONS ARE IN INCHES
  7
ONSHAPE-STANDARD
  0
MTEXT
  5
255
330
1F
100
AcDbEntity
  8
TITLE_BLOCK
100
AcDbMText
 10
4.590399999999999
 20
1.6568
 30
0.0
 40
0.048
 41
0.5880000000000005
 71
     1
 72
     1
  1
    .XX = ±.0-^J  .XXX = ±.00-^J.XXXX = ±.000-
  7
ONSHAPE-STANDARD
  0
MTEXT
  5
256
330
1F
100
AcDbEntity
  8
TITLE_BLOCK
100
AcDbMText
 10
5.18776
 20
1.66112
 30
0.0
 40
0.0432
 41
0.5879999999999996
 71
     1
 72
     1
  1
^JANGULAR = ± °^JFRACTIONAL = ±
  7
ONSHAPE-STANDARD
  0
MTEXT
  5
257
330
1F
100
AcDbEntity
  8
TITLE_BLOCK
100
AcDbMText
 10
4.590399999999999
 20
1.3688
 30
0.0
 40
0.048
 41
0.5880000000000005
 71
     1
 72
     1
  1
SURFACE FINISH
  7
ONSHAPE-STANDARD
  0
LINE
  5
258
330
1F
100
AcDbEntity
  8
TITLE_BLOCK
100
AcDbLine
 10
5.104
 20
1.298
 30
0.0
 11
5.134
 21
1.246038475772934
 31
0.0
  0
LINE
  5
259
330
1F
100
AcDbEntity
  8
TITLE_BLOCK
100
AcDbLine
 10
5.134
 20
1.246038475772934
 30
0.0
 11
5.197
 21
1.355157676649773
 31
0.0
  0
LINE
  5
25A
330
1F
100
AcDbEntity
  8
TITLE_BLOCK
100
AcDbLine
 10
5.197
 20
1.355157676649773
 30
0.0
 11
5.263
 21
1.355157676649773
 31
0.0
  0
MTEXT
  5
25B
330
1F
100
AcDbEntity
  8
TITLE_BLOCK
100
AcDbMText
 10
5.164
 20
1.12184
 30
0.0
 40
0.0624
 41
1.176
 71
     2
 72
     1
  1
DO NOT SCALE DRAWING
  7
ONSHAPE-STANDARD
  0
MTEXT
  5
25C
330
1F
100
AcDbEntity
  8
TITLE_BLOCK
100
AcDbMText
 10
5.164
 20
0.9608
 30
0.0
 40
0.048
 41
1.176
 71
     2
 72
     1
  1
BREAK ALL SHARP EDGES AND REMOVE BURRS
  7
ONSHAPE-STANDARD
  0
CIRCLE
  5
25D
330
1F
100
AcDbEntity
  8
TITLE_BLOCK
100
AcDbCircle
 10
5.029
 20
0.5287999999999999
 30
0.0
 40
0.054
  0
CIRCLE
  5
25E
330
1F
100
AcDbEntity
  8
TITLE_BLOCK
100
AcDbCircle
 10
5.029
 20
0.5287999999999999
 30
0.0
 40
0.108
  0
LINE
  5
25F
330
1F
100
AcDbEntity
  8
TITLE_BLOCK
100
AcDbLine
 10
5.056
 20
0.5287999999999999
 30
0.0
 11
5.002
 21
0.5287999999999999
 31
0.0
  0
LINE
  5
260
330
1F
100
AcDbEntity
  8
TITLE_BLOCK
100
AcDbLine
 10
5.029
 20
0.5558
 30
0.0
 11
5.029
 21
0.5017999999999999
 31
0.0
  0
LINE
  5
261
330
1F
100
AcDbEntity
  8
TITLE_BLOCK
100
AcDbLine
 10
5.083
 20
0.5287999999999999
 30
0.0
 11
5.164
 21
0.5287999999999999
 31
0.0
  0
LINE
  5
262
330
1F
100
AcDbEntity
  8
TITLE_BLOCK
100
AcDbLine
 10
5.029
 20
0.5828
 30
0.0
 11
5.029
 21
0.6638
 31
0.0
  0
LINE
  5
263
330
1F
100
AcDbEntity
  8
TITLE_BLOCK
100
AcDbLine
 10
4.975
 20
0.5287999999999999
 30
0.0
 11
4.894
 21
0.5287999999999999
 31
0.0
  0
LINE
  5
264
330
1F
100
AcDbEntity
  8
TITLE_BLOCK
100
AcDbLine
 10
5.029
 20
0.4747999999999999
 30
0.0
 11
5.029
 21
0.3937999999999999
 31
0.0
  0
LINE
  5
265
330
1F
100
AcDbEntity
  8
TITLE_BLOCK
100
AcDbLine
 10
5.406999999999999
 20
0.4208
 30
0.0
 11
5.406999999999999
 21
0.6367999999999999
 31
0.0
  0
LINE
  5
266
330
1F
100
AcDbEntity
  8
TITLE_BLOCK
100
AcDbLine
 10
5.406999999999999
 20
0.6367999999999999
 30
0.0
 11
5.191
 21
0.5828
 31
0.0
  0
LINE
  5
267
330
1F
100
AcDbEntity
  8
TITLE_BLOCK
100
AcDbLine
 10
5.191
 20
0.5828
 30
0.0
 11
5.191
 21
0.4747999999999999
 31
0.0
  0
LINE
  5
268
330
1F
100
AcDbEntity
  8
TITLE_BLOCK
100
AcDbLine
 10
5.191
 20
0.4747999999999999
 30
0.0
 11
5.406999999999999
 21
0.4208
 31
0.0
  0
LINE
  5
269
330
1F
100
AcDbEntity
  8
TITLE_BLOCK
100
AcDbLine
 10
5.326
 20
0.5287999999999999
 30
0.0
 11
5.4205
 21
0.5287999999999999
 31
0.0
  0
LINE
  5
26A
330
1F
100
AcDbEntity
  8
TITLE_BLOCK
100
AcDbLine
 10
5.309799999999999
 20
0.5287999999999999
 30
0.0
 11
5.2882
 21
0.5287999999999999
 31
0.0
  0
LINE
  5
26B
330
1F
100
AcDbEntity
  8
TITLE_BLOCK
100
AcDbLine
 10
5.271999999999999
 20
0.5287999999999999
 30
0.0
 11
5.177499999999999
 21
0.5287999999999999
 31
0.0
  0
MTEXT
  5
26C
330
1F
100
AcDbEntity
  8
TITLE_BLOCK
100
AcDbMText
 10
5.164
 20
0.7568
 30
0.0
 40
0.048
 41
1.176
 71
     2
 72
     1
  1
THIRD ANGLE PROJECTION
  7
ONSHAPE-STANDARD
  0
LINE
  5
26D
330
1F
100
AcDbEntity
  8
TITLE_BLOCK
100
AcDbLine
 10
5.763999999999999
 20
0.38
 30
0.0
 11
5.763999999999999
 21
1.88
 31
0.0
  0
LINE
  5
26E
330
1F
100
AcDbEntity
  8
TITLE_BLOCK
100
AcDbLine
 10
6.364
 20
0.8
 30
0.0
 11
6.364
 21
1.88
 31
0.0
  0
LINE
  5
26F
330
1F
100
AcDbEntity
  8
TITLE_BLOCK
100
AcDbLine
 10
7.113999999999999
 20
0.8
 30
0.0
 11
7.113999999999999
 21
1.88
 31
0.0
  0
LINE
  5
270
330
1F
100
AcDbEntity
  8
TITLE_BLOCK
100
AcDbLine
 10
6.664
 20
0.38
 30
0.0
 11
6.664
 21
0.8
 31
0.0
  0
LINE
  5
271
330
1F
100
AcDbEntity
  8
TITLE_BLOCK
100
AcDbLine
 10
5.763999999999999
 20
1.88
 30
0.0
 11
7.564
 21
1.88
 31
0.0
  0
LINE
  5
272
330
1F
100
AcDbEntity
  8
TITLE_BLOCK
100
AcDbLine
 10
5.763999999999999
 20
1.7
 30
0.0
 11
7.564
 21
1.7
 31
0.0
  0
LINE
  5
273
330
1F
100
AcDbEntity
  8
TITLE_BLOCK
100
AcDbLine
 10
5.763999999999999
 20
1.52
 30
0.0
 11
7.564
 21
1.52
 31
0.0
  0
LINE
  5
274
330
1F
100
AcDbEntity
  8
TITLE_BLOCK
100
AcDbLine
 10
5.763999999999999
 20
1.34
 30
0.0
 11
7.564
 21
1.34
 31
0.0
  0
LINE
  5
275
330
1F
100
AcDbEntity
  8
TITLE_BLOCK
100
AcDbLine
 10
5.763999999999999
 20
1.16
 30
0.0
 11
7.564
 21
1.16
 31
0.0
  0
LINE
  5
276
330
1F
100
AcDbEntity
  8
TITLE_BLOCK
100
AcDbLine
 10
5.763999999999999
 20
0.98
 30
0.0
 11
7.564
 21
0.98
 31
0.0
  0
LINE
  5
277
330
1F
100
AcDbEntity
  8
TITLE_BLOCK
100
AcDbLine
 10
5.763999999999999
 20
0.8
 30
0.0
 11
7.564
 21
0.8
 31
0.0
  0
MTEXT
  5
278
330
1F
100
AcDbEntity
  8
TITLE_BLOCK
100
AcDbMText
 10
6.3904
 20
1.8368
 30
0.0
 40
0.048
 41
0.7349999999999991
 71
     1
 72
     1
  1
NAME
  7
ONSHAPE-STANDARD
  0
MTEXT
  5
279
330
1F
100
AcDbEntity
  8
TITLE_BLOCK
100
AcDbMText
 10
7.339
 20
1.8368
 30
0.0
 40
0.048
 41
0.4410000000000011
 71
     2
 72
     1
  1
DATE
  7
ONSHAPE-STANDARD
  0
MTEXT
  5
27A
330
1F
100
AcDbEntity
  8
TITLE_BLOCK
100
AcDbMText
 10
5.790399999999999
 20
1.6568
 30
0.0
 40
0.048
 41
0.5880000000000005
 71
     1
 72
     1
  1
DRAWN
  7
ONSHAPE-STANDARD
  0
MTEXT
  5
27B
102
{ACAD_XDICTIONARY
360
27C
102
}
330
1F
100
AcDbEntity
  8
TITLE_BLOCK
100
AcDbMText
 10
6.738999999999999
 20
1.61
 30
0.0
 40
0.04032
 41
0.7499999999999991
 71
     5
 72
     1
  1
MARIAJOSÉ RODRÍGUEZ
  7
ONSHAPE-STANDARD-FIELDS
1001
ACAD
1000
ACAD_MTEXT_DEFINED_HEIGHT_BEGIN
1070
    46
1040
0.1800000000000002
1000
ACAD_MTEXT_DEFINED_HEIGHT_END
  0
MTEXT
  5
282
102
{ACAD_XDICTIONARY
360
283
102
}
330
1F
100
AcDbEntity
  8
TITLE_BLOCK
100
AcDbMText
 10
7.339
 20
1.61
 30
0.0
 40
0.04032
 41
0.4500000000000011
 71
     5
 72
     1
  1
10/22/2025
  7
ONSHAPE-STANDARD-FIELDS
1001
ACAD
1000
ACAD_MTEXT_DEFINED_HEIGHT_BEGIN
1070
    46
1040
0.1800000000000002
1000
ACAD_MTEXT_DEFINED_HEIGHT_END
  0
MTEXT
  5
288
330
1F
100
AcDbEntity
  8
TITLE_BLOCK
100
AcDbMText
 10
5.790399999999999
 20
1.4768
 30
0.0
 40
0.048
 41
0.5880000000000005
 71
     1
 72
     1
  1
CHECKED
  7
ONSHAPE-STANDARD
  0
MTEXT
  5
289
330
1F
100
AcDbEntity
  8
TITLE_BLOCK
100
AcDbMText
 10
6.738999999999999
 20
1.43
 30
0.0
 40
0.04032
 41
0.7499999999999991
 71
     5
 72
     1
  1
 
  7
ONSHAPE-STANDARD-FIELDS
1001
ACAD
1000
ACAD_MTEXT_DEFINED_HEIGHT_BEGIN
1070
    46
1040
0.1800000000000002
1000
ACAD_MTEXT_DEFINED_HEIGHT_END
  0
MTEXT
  5
28A
330
1F
100
AcDbEntity
  8
TITLE_BLOCK
100
AcDbMText
 10
7.339
 20
1.43
 30
0.0
 40
0.04032
 41
0.4500000000000011
 71
     5
 72
     1
  1
 
  7
ONSHAPE-STANDARD-FIELDS
1001
ACAD
1000
ACAD_MTEXT_DEFINED_HEIGHT_BEGIN
1070
    46
1040
0.1800000000000002
1000
ACAD_MTEXT_DEFINED_HEIGHT_END
  0
MTEXT
  5
28B
330
1F
100
AcDbEntity
  8
TITLE_BLOCK
100
AcDbMText
 10
5.790399999999999
 20
1.2968
 30
0.0
 40
0.048
 41
0.5880000000000005
 71
     1
 72
     1
  1
APPROVED
  7
ONSHAPE-STANDARD
  0
MTEXT
  5
28C
102
{ACAD_XDICTIONARY
360
28D
102
}
330
1F
100
AcDbEntity
  8
TITLE_BLOCK
100
AcDbMText
 10
6.738999999999999
 20
1.25
 30
0.0
 40
0.04032
 41
0.7499999999999991
 71
     5
 72
     1
  1
----
  7
ONSHAPE-STANDARD-FIELDS
1001
ACAD
1000
ACAD_MTEXT_DEFINED_HEIGHT_BEGIN
1070
    46
1040
0.1799999999999997
1000
ACAD_MTEXT_DEFINED_HEIGHT_END
  0
MTEXT
  5
292
102
{ACAD_XDICTIONARY
360
293
102
}
330
1F
100
AcDbEntity
  8
TITLE_BLOCK
100
AcDbMText
 10
7.339
 20
1.25
 30
0.0
 40
0.04032
 41
0.4500000000000011
 71
     5
 72
     1
  1
----
  7
ONSHAPE-STANDARD-FIELDS
1001
ACAD
1000
ACAD_MTEXT_DEFINED_HEIGHT_BEGIN
1070
    46
1040
0.1799999999999997
1000
ACAD_MTEXT_DEFINED_HEIGHT_END
  0
MTEXT
  5
298
330
1F
100
AcDbEntity
  8
TITLE_BLOCK
100
AcDbMText
 10
6.064
 20
1.07
 30
0.0
 40
0.072
 41
0.6000000000000005
 71
     5
 72
     1
  1
 
  7
ONSHAPE-STANDARD-FIELDS
1001
ACAD
1000
ACAD_MTEXT_DEFINED_HEIGHT_BEGIN
1070
    46
1040
0.1800000000000002
1000
ACAD_MTEXT_DEFINED_HEIGHT_END
  0
MTEXT
  5
299
330
1F
100
AcDbEntity
  8
TITLE_BLOCK
100
AcDbMText
 10
6.738999999999999
 20
1.07
 30
0.0
 40
0.04032
 41
0.7499999999999991
 71
     5
 72
     1
  1
 
  7
ONSHAPE-STANDARD-FIELDS
1001
ACAD
1000
ACAD_MTEXT_DEFINED_HEIGHT_BEGIN
1070
    46
1040
0.1800000000000002
1000
ACAD_MTEXT_DEFINED_HEIGHT_END
  0
MTEXT
  5
29A
330
1F
100
AcDbEntity
  8
TITLE_BLOCK
100
AcDbMText
 10
7.339
 20
1.07
 30
0.0
 40
0.04032
 41
0.4500000000000011
 71
     5
 72
     1
  1
 
  7
ONSHAPE-STANDARD-FIELDS
1001
ACAD
1000
ACAD_MTEXT_DEFINED_HEIGHT_BEGIN
1070
    46
1040
0.1800000000000002
1000
ACAD_MTEXT_DEFINED_HEIGHT_END
  0
MTEXT
  5
29B
330
1F
100
AcDbEntity
  8
TITLE_BLOCK
100
AcDbMText
 10
6.064
 20
0.89
 30
0.0
 40
0.072
 41
0.6000000000000005
 71
     5
 72
     1
  1
 
  7
ONSHAPE-STANDARD-FIELDS
1001
ACAD
1000
ACAD_MTEXT_DEFINED_HEIGHT_BEGIN
1070
    46
1040
0.1799999999999999
1000
ACAD_MTEXT_DEFINED_HEIGHT_END
  0
MTEXT
  5
29C
330
1F
100
AcDbEntity
  8
TITLE_BLOCK
100
AcDbMText
 10
6.738999999999999
 20
0.89
 30
0.0
 40
0.04032
 41
0.7499999999999991
 71
     5
 72
     1
  1
 
  7
ONSHAPE-STANDARD-FIELDS
1001
ACAD
1000
ACAD_MTEXT_DEFINED_HEIGHT_BEGIN
1070
    46
1040
0.1799999999999999
1000
ACAD_MTEXT_DEFINED_HEIGHT_END
  0
MTEXT
  5
29D
330
1F
100
AcDbEntity
  8
TITLE_BLOCK
100
AcDbMText
 10
7.339
 20
0.89
 30
0.0
 40
0.04032
 41
0.4500000000000011
 71
     5
 72
     1
  1
 
  7
ONSHAPE-STANDARD-FIELDS
1001
ACAD
1000
ACAD_MTEXT_DEFINED_HEIGHT_BEGIN
1070
    46
1040
0.1799999999999999
1000
ACAD_MTEXT_DEFINED_HEIGHT_END
  0
MTEXT
  5
29E
330
1F
100
AcDbEntity
  8
TITLE_BLOCK
100
AcDbMText
 10
5.790399999999999
 20
0.7568
 30
0.0
 40
0.048
 41
0.8820000000000003
 71
     1
 72
     1
  1
MATERIAL
  7
ONSHAPE-STANDARD
  0
MTEXT
  5
29F
330
1F
100
AcDbEntity
  8
TITLE_BLOCK
100
AcDbMText
 10
6.214
 20
0.5900000000000001
 30
0.0
 40
0.072
 41
0.9000000000000004
 71
     5
 72
     1
  1
 
  7
ONSHAPE-STANDARD-FIELDS
1001
ACAD
1000
ACAD_MTEXT_DEFINED_HEIGHT_BEGIN
1070
    46
1040
0.42
1000
ACAD_MTEXT_DEFINED_HEIGHT_END
  0
MTEXT
  5
2A0
330
1F
100
AcDbEntity
  8
TITLE_BLOCK
100
AcDbMText
 10
6.690399999999999
 20
0.7568
 30
0.0
 40
0.048
 41
0.8820000000000003
 71
     1
 72
     1
  1
FINISH
  7
ONSHAPE-STANDARD
  0
MTEXT
  5
2A1
330
1F
100
AcDbEntity
  8
TITLE_BLOCK
100
AcDbMText
 10
7.114
 20
0.5900000000000001
 30
0.0
 40
0.072
 41
0.9000000000000004
 71
     5
 72
     1
  1
 
  7
ONSHAPE-STANDARD-FIELDS
1001
ACAD
1000
ACAD_MTEXT_DEFINED_HEIGHT_BEGIN
1070
    46
1040
0.42
1000
ACAD_MTEXT_DEFINED_HEIGHT_END
  0
LINE
  5
2A2
330
1F
100
AcDbEntity
  8
TITLE_BLOCK
100
AcDbLine
 10
7.564
 20
0.38
 30
0.0
 11
7.564
 21
1.88
 31
0.0
  0
LINE
  5
2A3
330
1F
100
AcDbEntity
  8
TITLE_BLOCK
100
AcDbLine
 10
7.939
 20
0.575
 30
0.0
 11
7.939
 21
0.875
 31
0.0
  0
LINE
  5
2A4
330
1F
100
AcDbEntity
  8
TITLE_BLOCK
100
AcDbLine
 10
8.223999999999998
 20
0.38
 30
0.0
 11
8.223999999999998
 21
0.575
 31
0.0
  0
LINE
  5
2A5
330
1F
100
AcDbEntity
  8
TITLE_BLOCK
100
AcDbLine
 10
9.588999999999999
 20
0.38
 30
0.0
 11
9.588999999999999
 21
0.575
 31
0.0
  0
LINE
  5
2A6
330
1F
100
AcDbEntity
  8
TITLE_BLOCK
100
AcDbLine
 10
10.339
 20
0.575
 30
0.0
 11
10.339
 21
0.875
 31
0.0
  0
LINE
  5
2A7
330
1F
100
AcDbEntity
  8
TITLE_BLOCK
100
AcDbLine
 10
7.564
 20
0.575
 30
0.0
 11
10.639
 21
0.575
 31
0.0
  0
LINE
  5
2A8
330
1F
100
AcDbEntity
  8
TITLE_BLOCK
100
AcDbLine
 10
7.564
 20
0.875
 30
0.0
 11
10.639
 21
0.875
 31
0.0
  0
LINE
  5
2A9
330
1F
100
AcDbEntity
  8
TITLE_BLOCK
100
AcDbLine
 10
7.564
 20
1.505
 30
0.0
 11
10.639
 21
1.505
 31
0.0
  0
LINE
  5
2AA
330
1F
100
AcDbEntity
  8
TITLE_BLOCK
100
AcDbLine
 10
7.564
 20
1.88
 30
0.0
 11
10.639
 21
1.88
 31
0.0
  0
MTEXT
  5
2AB
330
1F
100
AcDbEntity
  8
TITLE_BLOCK
100
AcDbMText
 10
7.5904
 20
1.4618
 30
0.0
 40
0.048
 41
0.3675
 71
     1
 72
     1
  1
TITLE
  7
ONSHAPE-STANDARD
  0
MTEXT
  5
2AC
102
{ACAD_XDICTIONARY
360
2AD
102
}
330
1F
100
AcDbEntity
  8
TITLE_BLOCK
100
AcDbMText
 10
9.1015
 20
1.385
 30
0.0
 40
0.1152
 41
2.774999999999999
 71
     5
 72
     1
  1
Universal Joint
  7
ONSHAPE-STANDARD-FIELDS
1001
ACAD
1000
ACAD_MTEXT_DEFINED_HEIGHT_BEGIN
1070
    46
1040
0.189
1000
ACAD_MTEXT_DEFINED_HEIGHT_END
  0
MTEXT
  5
2B2
102
{ACAD_XDICTIONARY
360
2B3
102
}
330
1F
100
AcDbEntity
  8
TITLE_BLOCK
100
AcDbMText
 10
9.1015
 20
1.196
 30
0.0
 40
0.1152
 41
2.774999999999999
 71
     5
 72
     1
  1
Flange
  7
ONSHAPE-STANDARD-FIELDS
1001
ACAD
1000
ACAD_MTEXT_DEFINED_HEIGHT_BEGIN
1070
    46
1040
0.189
1000
ACAD_MTEXT_DEFINED_HEIGHT_END
  0
MTEXT
  5
2B8
102
{ACAD_XDICTIONARY
360
2B9
102
}
330
1F
100
AcDbEntity
  8
TITLE_BLOCK
100
AcDbMText
 10
9.1015
 20
1.007
 30
0.0
 40
0.1152
 41
2.774999999999999
 71
     5
 72
     1
  1
Made by Onshape
  7
ONSHAPE-STANDARD-FIELDS
1001
ACAD
1000
ACAD_MTEXT_DEFINED_HEIGHT_BEGIN
1070
    46
1040
0.189
1000
ACAD_MTEXT_DEFINED_HEIGHT_END
  0
MTEXT
  5
2BE
330
1F
100
AcDbEntity
  8
TITLE_BLOCK
100
AcDbMText
 10
7.58512
 20
0.84044
 30
0.0
 40
0.0384
 41
0.3675
 71
     1
 72
     1
  1
SIZE
  7
ONSHAPE-STANDARD
  0
MTEXT
  5
2BF
102
{ACAD_XDICTIONARY
360
2C0
102
}
330
1F
100
AcDbEntity
  8
TITLE_BLOCK
100
AcDbMText
 10
7.7515
 20
0.725
 30
0.0
 40
0.144
 41
0.375
 71
     5
 72
     1
  1
A
  7
ONSHAPE-STANDARD-FIELDS
1001
ACAD
1000
ACAD_MTEXT_DEFINED_HEIGHT_BEGIN
1070
    46
1040
0.3
1000
ACAD_MTEXT_DEFINED_HEIGHT_END
  0
MTEXT
  5
2C5
330
1F
100
AcDbEntity
  8
TITLE_BLOCK
100
AcDbMText
 10
7.96012
 20
0.84044
 30
0.0
 40
0.0384
 41
2.351999999999999
 71
     1
 72
     1
  1
DWG NO.
  7
ONSHAPE-STANDARD
  0
MTEXT
  5
2C6
102
{ACAD_XDICTIONARY
360
2C7
102
}
330
1F
100
AcDbEntity
  8
TITLE_BLOCK
100
AcDbMText
 10
9.139
 20
0.725
 30
0.0
 40
0.144
 41
2.399999999999999
 71
     5
 72
     1
  1
----
  7
ONSHAPE-STANDARD-FIELDS
1001
ACAD
1000
ACAD_MTEXT_DEFINED_HEIGHT_BEGIN
1070
    46
1040
0.3
1000
ACAD_MTEXT_DEFINED_HEIGHT_END
  0
MTEXT
  5
2CC
330
1F
100
AcDbEntity
  8
TITLE_BLOCK
100
AcDbMText
 10
10.36012
 20
0.84044
 30
0.0
 40
0.0384
 41
0.2940000000000007
 71
     1
 72
     1
  1
REV.
  7
ONSHAPE-STANDARD
  0
MTEXT
  5
2CD
102
{ACAD_XDICTIONARY
360
2CE
102
}
330
1F
100
AcDbEntity
  8
TITLE_BLOCK
100
AcDbMText
 10
10.504
 20
0.725
 30
0.0
 40
0.144
 41
0.2700000000000014
 71
     5
 72
     1
  1
-
  7
ONSHAPE-STANDARD-FIELDS
1001
ACAD
1000
ACAD_MTEXT_DEFINED_HEIGHT_BEGIN
1070
    46
1040
0.3
1000
ACAD_MTEXT_DEFINED_HEIGHT_END
  0
MTEXT
  5
2D3
330
1F
100
AcDbEntity
  8
TITLE_BLOCK
100
AcDbMText
 10
7.58512
 20
0.5404399999999999
 30
0.0
 40
0.0384
 41
0.6467999999999984
 71
     1
 72
     1
  1
SCALE
  7
ONSHAPE-STANDARD
  0
MTEXT
  5
2D4
102
{ACAD_XDICTIONARY
360
2D5
102
}
330
1F
100
AcDbEntity
  8
TITLE_BLOCK
100
AcDbMText
 10
7.923999999999999
 20
0.4775
 30
0.0
 40
0.0864
 41
0.5999999999999988
 71
     5
 72
     1
  1
1:2
  7
ONSHAPE-STANDARD-FIELDS
1001
ACAD
1000
ACAD_MTEXT_DEFINED_HEIGHT_BEGIN
1070
    46
1040
0.195
1000
ACAD_MTEXT_DEFINED_HEIGHT_END
  0
MTEXT
  5
2DA
330
1F
100
AcDbEntity
  8
TITLE_BLOCK
100
AcDbMText
 10
8.245119999999998
 20
0.5404399999999999
 30
0.0
 40
0.0384
 41
1.3377
 71
     1
 72
     1
  1
WEIGHT
  7
ONSHAPE-STANDARD
  0
MTEXT
  5
2DB
330
1F
100
AcDbEntity
  8
TITLE_BLOCK
100
AcDbMText
 10
8.9065
 20
0.4775
 30
0.0
 40
0.0864
 41
1.365
 71
     5
 72
     1
  1
 
  7
ONSHAPE-STANDARD-FIELDS
1001
ACAD
1000
ACAD_MTEXT_DEFINED_HEIGHT_BEGIN
1070
    46
1040
0.195
1000
ACAD_MTEXT_DEFINED_HEIGHT_END
  0
MTEXT
  5
2DC
330
1F
100
AcDbEntity
  8
TITLE_BLOCK
100
AcDbMText
 10
9.610119999999998
 20
0.5404399999999999
 30
0.0
 40
0.0384
 41
1.029000000000001
 71
     1
 72
     1
  1
SHEET
  7
ONSHAPE-STANDARD
  0
MTEXT
  5
2DD
102
{ACAD_XDICTIONARY
360
2DE
102
}
330
1F
100
AcDbEntity
  8
TITLE_BLOCK
100
AcDbMText
 10
10.144
 20
0.4775
 30
0.0
 40
0.0864
 41
0.9900000000000002
 71
     5
 72
     1
  1
1 of 1
  7
ONSHAPE-STANDARD-FIELDS
1001
ACAD
1000
ACAD_MTEXT_DEFINED_HEIGHT_BEGIN
1070
    46
1040
0.195
1000
ACAD_MTEXT_DEFINED_HEIGHT_END
  0
MTEXT
  5
2E3
102
{ACAD_XDICTIONARY
360
2E4
102
}
330
1F
100
AcDbEntity
  8
ANNOTATION_TEXT
 62
     7
 60
     1
100
AcDbMText
 10
2.704056208891172
 20
1.766916259641838
 30
0.0
 40
0.12
 41
0.0
 71
     2
 72
     1
  1

  7
ONSHAPE-STANDARD-VIEW-LABE
1001
ACAD
1000
ACAD_MTEXT_DEFINED_HEIGHT_BEGIN
1070
    46
1040
0.12
1000
ACAD_MTEXT_DEFINED_HEIGHT_END
  0
MTEXT
  5
2EB
102
{ACAD_XDICTIONARY
360
2EC
102
}
330
1F
100
AcDbEntity
  8
ANNOTATION_TEXT
 62
     7
 60
     1
100
AcDbMText
 10
2.704056208891172
 20
5.271862795001614
 30
0.0
 40
0.12
 41
0.0
 71
     2
 72
     1
  1

  7
ONSHAPE-STANDARD-VIEW-LABE
1001
ACAD
1000
ACAD_MTEXT_DEFINED_HEIGHT_BEGIN
1070
    46
1040
0.12
1000
ACAD_MTEXT_DEFINED_HEIGHT_END
  0
MTEXT
  5
2F2
102
{ACAD_XDICTIONARY
360
2F3
102
}
330
1F
100
AcDbEntity
  8
ANNOTATION_TEXT
 62
     7
 60
     1
100
AcDbMText
 10
8.103130983768965
 20
1.771416259641838
 30
0.0
 40
0.12
 41
0.0
 71
     2
 72
     1
  1

  7
ONSHAPE-STANDARD-VIEW-LABE
1001
ACAD
1000
ACAD_MTEXT_DEFINED_HEIGHT_BEGIN
1070
    46
1040
0.12
1000
ACAD_MTEXT_DEFINED_HEIGHT_END
  0
MTEXT
  5
2F5
102
{ACAD_XDICTIONARY
360
2F6
102
}
330
1F
100
AcDbEntity
  8
ANNOTATION_TEXT
 62
     7
100
AcDbMText
 10
9.348544656600442
 20
5.541424811515567
 30
0.0
 40
0.12
 41
0.0
 71
     2
 72
     1
  1
SCALE 1:4
  7
ONSHAPE-STANDARD-VIEW-LABE
1001
ACAD
1000
ACAD_MTEXT_DEFINED_HEIGHT_BEGIN
1070
    46
1040
0.12
1000
ACAD_MTEXT_DEFINED_HEIGHT_END
  0
LINE
  5
2FA
330
1F
100
AcDbEntity
  8
CENTERMARKS
  6
CONTINUOUS
100
AcDbLine
 10
8.389215200538079
 20
4.760275476410951
 30
0.0
 11
8.435765200538079
 21
4.760275476410951
 31
0.0
  0
LINE
  5
2FB
330
1F
100
AcDbEntity
  8
CENTERMARKS
  6
CONTINUOUS
100
AcDbLine
 10
8.412490200538079
 20
4.737000476410951
 30
0.0
 11
8.412490200538079
 21
4.783550476410951
 31
0.0
  0
LINE
  5
2FC
330
1F
100
AcDbEntity
  8
CENTERMARKS
  6
CENTER
100
AcDbLine
 10
8.365940200538079
 20
4.760275476410951
 30
0.0
 11
8.29944020053808
 21
4.760275476410951
 31
0.0
  0
LINE
  5
2FD
330
1F
100
AcDbEntity
  8
CENTERMARKS
  6
CENTER
100
AcDbLine
 10
8.459040200538078
 20
4.760275476410951
 30
0.0
 11
8.525540200538078
 21
4.760275476410951
 31
0.0
  0
LINE
  5
2FE
330
1F
100
AcDbEntity
  8
CENTERMARKS
  6
CENTER
100
AcDbLine
 10
8.412490200538079
 20
4.806825476410951
 30
0.0
 11
8.412490200538079
 21
4.873325476410951
 31
0.0
  0
LINE
  5
2FF
330
1F
100
AcDbEntity
  8
CENTERMARKS
  6
CENTER
100
AcDbLine
 10
8.412490200538079
 20
4.713725476410951
 30
0.0
 11
8.412490200538079
 21
4.64722547641095
 31
0.0
  0
LINE
  5
302
330
1F
100
AcDbEntity
  8
CENTERMARKS
  6
CONTINUOUS
100
AcDbLine
 10
8.389215200538079
 20
4.141557042872722
 30
0.0
 11
8.435765200538079
 21
4.141557042872722
 31
0.0
  0
LINE
  5
303
330
1F
100
AcDbEntity
  8
CENTERMARKS
  6
CONTINUOUS
100
AcDbLine
 10
8.412490200538079
 20
4.118282042872722
 30
0.0
 11
8.412490200538079
 21
4.164832042872722
 31
0.0
  0
LINE
  5
304
330
1F
100
AcDbEntity
  8
CENTERMARKS
  6
CENTER
100
AcDbLine
 10
8.365940200538079
 20
4.141557042872722
 30
0.0
 11
8.29944020053808
 21
4.141557042872722
 31
0.0
  0
LINE
  5
305
330
1F
100
AcDbEntity
  8
CENTERMARKS
  6
CENTER
100
AcDbLine
 10
8.459040200538078
 20
4.141557042872722
 30
0.0
 11
8.525540200538078
 21
4.141557042872722
 31
0.0
  0
LINE
  5
306
330
1F
100
AcDbEntity
  8
CENTERMARKS
  6
CENTER
100
AcDbLine
 10
8.412490200538079
 20
4.188107042872722
 30
0.0
 11
8.412490200538079
 21
4.254607042872722
 31
0.0
  0
LINE
  5
307
330
1F
100
AcDbEntity
  8
CENTERMARKS
  6
CENTER
100
AcDbLine
 10
8.412490200538079
 20
4.095007042872722
 30
0.0
 11
8.412490200538079
 21
4.028507042872722
 31
0.0
  0
LINE
  5
30A
330
1F
100
AcDbEntity
  8
CENTERMARKS
  6
CONTINUOUS
100
AcDbLine
 10
7.77049676699985
 20
4.760275476410951
 30
0.0
 11
7.81704676699985
 21
4.760275476410951
 31
0.0
  0
LINE
  5
30B
330
1F
100
AcDbEntity
  8
CENTERMARKS
  6
CONTINUOUS
100
AcDbLine
 10
7.79377176699985
 20
4.737000476410951
 30
0.0
 11
7.79377176699985
 21
4.783550476410951
 31
0.0
  0
LINE
  5
30C
330
1F
100
AcDbEntity
  8
CENTERMARKS
  6
CENTER
100
AcDbLine
 10
7.74722176699985
 20
4.760275476410951
 30
0.0
 11
7.68072176699985
 21
4.760275476410951
 31
0.0
  0
LINE
  5
30D
330
1F
100
AcDbEntity
  8
CENTERMARKS
  6
CENTER
100
AcDbLine
 10
7.84032176699985
 20
4.760275476410951
 30
0.0
 11
7.90682176699985
 21
4.760275476410951
 31
0.0
  0
LINE
  5
30E
330
1F
100
AcDbEntity
  8
CENTERMARKS
  6
CENTER
100
AcDbLine
 10
7.79377176699985
 20
4.806825476410951
 30
0.0
 11
7.79377176699985
 21
4.873325476410951
 31
0.0
  0
LINE
  5
30F
330
1F
100
AcDbEntity
  8
CENTERMARKS
  6
CENTER
100
AcDbLine
 10
7.79377176699985
 20
4.713725476410951
 30
0.0
 11
7.79377176699985
 21
4.64722547641095
 31
0.0
  0
LINE
  5
312
330
1F
100
AcDbEntity
  8
CENTERMARKS
  6
CONTINUOUS
100
AcDbLine
 10
7.77049676699985
 20
4.141557042872722
 30
0.0
 11
7.81704676699985
 21
4.141557042872722
 31
0.0
  0
LINE
  5
313
330
1F
100
AcDbEntity
  8
CENTERMARKS
  6
CONTINUOUS
100
AcDbLine
 10
7.79377176699985
 20
4.118282042872722
 30
0.0
 11
7.79377176699985
 21
4.164832042872722
 31
0.0
  0
LINE
  5
314
330
1F
100
AcDbEntity
  8
CENTERMARKS
  6
CENTER
100
AcDbLine
 10
7.74722176699985
 20
4.141557042872722
 30
0.0
 11
7.68072176699985
 21
4.141557042872722
 31
0.0
  0
LINE
  5
315
330
1F
100
AcDbEntity
  8
CENTERMARKS
  6
CENTER
100
AcDbLine
 10
7.84032176699985
 20
4.141557042872722
 30
0.0
 11
7.90682176699985
 21
4.141557042872722
 31
0.0
  0
LINE
  5
316
330
1F
100
AcDbEntity
  8
CENTERMARKS
  6
CENTER
100
AcDbLine
 10
7.79377176699985
 20
4.188107042872722
 30
0.0
 11
7.79377176699985
 21
4.254607042872722
 31
0.0
  0
LINE
  5
317
330
1F
100
AcDbEntity
  8
CENTERMARKS
  6
CENTER
100
AcDbLine
 10
7.79377176699985
 20
4.095007042872722
 30
0.0
 11
7.79377176699985
 21
4.028507042872722
 31
0.0
  0
LINE
  5
31A
330
1F
100
AcDbEntity
  8
CENTERLINES
100
AcDbLine
 10
2.188905808164999
 20
2.489940092345309
 30
0.0
 11
2.188905808164999
 21
1.985916259641836
 31
0.0
  0
LINE
  5
31D
330
1F
100
AcDbEntity
  8
CENTERLINES
100
AcDbLine
 10
2.188905808164999
 20
1.985916259641836
 30
0.0
 11
2.188905808164999
 21
2.672503352693528
 31
0.0
  0
LINE
  5
320
330
1F
100
AcDbEntity
  8
CENTERLINES
100
AcDbLine
 10
3.219206609617346
 20
2.757742073538453
 30
0.0
 11
3.219206609617348
 21
1.985916259641836
 31
0.0
  0
LINE
  5
323
330
1F
100
AcDbEntity
  8
CENTERLINES
100
AcDbLine
 10
7.28270632109014
 20
2.804160726256809
 30
0.0
 11
7.28270632109014
 21
1.985916259641836
 31
0.0
  0
LINE
  5
326
330
1F
100
AcDbEntity
  8
CENTERLINES
100
AcDbLine
 10
8.92355564644779
 20
2.71480225376255
 30
0.0
 11
8.92355564644779
 21
1.985916259641836
 31
0.0
  0
LINE
  5
329
330
1F
100
AcDbEntity
  8
CENTERMARKS
  6
CONTINUOUS
100
AcDbLine
 10
3.195931609617348
 20
5.817688132322791
 30
0.0
 11
3.242481609617347
 21
5.817688132322791
 31
0.0
  0
LINE
  5
32A
330
1F
100
AcDbEntity
  8
CENTERMARKS
  6
CONTINUOUS
100
AcDbLine
 10
3.219206609617348
 20
5.794413132322791
 30
0.0
 11
3.219206609617348
 21
5.840963132322791
 31
0.0
  0
LINE
  5
32B
330
1F
100
AcDbEntity
  8
CENTERMARKS
  6
CENTER
100
AcDbLine
 10
3.172656609617348
 20
5.817688132322791
 30
0.0
 11
3.106156609617348
 21
5.817688132322791
 31
0.0
  0
LINE
  5
32C
330
1F
100
AcDbEntity
  8
CENTERMARKS
  6
CENTER
100
AcDbLine
 10
3.265756609617347
 20
5.817688132322791
 30
0.0
 11
3.332256609617347
 21
5.817688132322791
 31
0.0
  0
LINE
  5
32D
330
1F
100
AcDbEntity
  8
CENTERMARKS
  6
CENTER
100
AcDbLine
 10
3.219206609617348
 20
5.864238132322791
 30
0.0
 11
3.219206609617348
 21
5.930738132322791
 31
0.0
  0
LINE
  5
32E
330
1F
100
AcDbEntity
  8
CENTERMARKS
  6
CENTER
100
AcDbLine
 10
3.219206609617348
 20
5.771138132322791
 30
0.0
 11
3.219206609617348
 21
5.704638132322792
 31
0.0
  0
LINE
  5
331
330
1F
100
AcDbEntity
  8
CENTERMARKS
  6
CONTINUOUS
100
AcDbLine
 10
2.165630808164999
 20
5.817688132322791
 30
0.0
 11
2.212180808164999
 21
5.817688132322791
 31
0.0
  0
LINE
  5
332
330
1F
100
AcDbEntity
  8
CENTERMARKS
  6
CONTINUOUS
100
AcDbLine
 10
2.188905808164999
 20
5.794413132322791
 30
0.0
 11
2.188905808164999
 21
5.840963132322791
 31
0.0
  0
LINE
  5
333
330
1F
100
AcDbEntity
  8
CENTERMARKS
  6
CENTER
100
AcDbLine
 10
2.142355808164999
 20
5.817688132322791
 30
0.0
 11
2.075855808164999
 21
5.817688132322791
 31
0.0
  0
LINE
  5
334
330
1F
100
AcDbEntity
  8
CENTERMARKS
  6
CENTER
100
AcDbLine
 10
2.235455808164999
 20
5.817688132322791
 30
0.0
 11
2.301955808164999
 21
5.817688132322791
 31
0.0
  0
LINE
  5
335
330
1F
100
AcDbEntity
  8
CENTERMARKS
  6
CENTER
100
AcDbLine
 10
2.188905808164999
 20
5.864238132322791
 30
0.0
 11
2.188905808164999
 21
5.930738132322791
 31
0.0
  0
LINE
  5
336
330
1F
100
AcDbEntity
  8
CENTERMARKS
  6
CENTER
100
AcDbLine
 10
2.188905808164999
 20
5.771138132322791
 30
0.0
 11
2.188905808164999
 21
5.704638132322792
 31
0.0
  0
LINE
  5
339
330
1F
100
AcDbEntity
  8
CENTERMARKS
  6
CONTINUOUS
100
AcDbLine
 10
2.165630808164999
 20
7.45853745768044
 30
0.0
 11
2.212180808164999
 21
7.45853745768044
 31
0.0
  0
LINE
  5
33A
330
1F
100
AcDbEntity
  8
CENTERMARKS
  6
CONTINUOUS
100
AcDbLine
 10
2.188905808164999
 20
7.43526245768044
 30
0.0
 11
2.188905808164999
 21
7.48181245768044
 31
0.0
  0
LINE
  5
33B
330
1F
100
AcDbEntity
  8
CENTERMARKS
  6
CENTER
100
AcDbLine
 10
2.142355808164999
 20
7.45853745768044
 30
0.0
 11
2.075855808164999
 21
7.45853745768044
 31
0.0
  0
LINE
  5
33C
330
1F
100
AcDbEntity
  8
CENTERMARKS
  6
CENTER
100
AcDbLine
 10
2.235455808164999
 20
7.45853745768044
 30
0.0
 11
2.301955808164999
 21
7.45853745768044
 31
0.0
  0
LINE
  5
33D
330
1F
100
AcDbEntity
  8
CENTERMARKS
  6
CENTER
100
AcDbLine
 10
2.188905808164999
 20
7.50508745768044
 30
0.0
 11
2.188905808164999
 21
7.571587457680439
 31
0.0
  0
LINE
  5
33E
330
1F
100
AcDbEntity
  8
CENTERMARKS
  6
CENTER
100
AcDbLine
 10
2.188905808164999
 20
7.41198745768044
 30
0.0
 11
2.188905808164999
 21
7.345487457680441
 31
0.0
  0
LINE
  5
341
330
1F
100
AcDbEntity
  8
CENTERMARKS
  6
CONTINUOUS
100
AcDbLine
 10
3.195931609617347
 20
7.45853745768044
 30
0.0
 11
3.242481609617347
 21
7.45853745768044
 31
0.0
  0
LINE
  5
342
330
1F
100
AcDbEntity
  8
CENTERMARKS
  6
CONTINUOUS
100
AcDbLine
 10
3.219206609617347
 20
7.43526245768044
 30
0.0
 11
3.219206609617347
 21
7.48181245768044
 31
0.0
  0
LINE
  5
343
330
1F
100
AcDbEntity
  8
CENTERMARKS
  6
CENTER
100
AcDbLine
 10
3.172656609617347
 20
7.45853745768044
 30
0.0
 11
3.106156609617347
 21
7.45853745768044
 31
0.0
  0
LINE
  5
344
330
1F
100
AcDbEntity
  8
CENTERMARKS
  6
CENTER
100
AcDbLine
 10
3.265756609617347
 20
7.45853745768044
 30
0.0
 11
3.332256609617347
 21
7.45853745768044
 31
0.0
  0
LINE
  5
345
330
1F
100
AcDbEntity
  8
CENTERMARKS
  6
CENTER
100
AcDbLine
 10
3.219206609617347
 20
7.50508745768044
 30
0.0
 11
3.219206609617347
 21
7.571587457680439
 31
0.0
  0
LINE
  5
346
330
1F
100
AcDbEntity
  8
CENTERMARKS
  6
CENTER
100
AcDbLine
 10
3.219206609617347
 20
7.41198745768044
 30
0.0
 11
3.219206609617347
 21
7.345487457680441
 31
0.0
  0
LINE
  5
349
330
1F
100
AcDbEntity
  8
CENTERMARKS
  6
CONTINUOUS
100
AcDbLine
 10
2.659056208891172
 20
6.638112795001615
 30
0.0
 11
2.749056208891172
 21
6.638112795001615
 31
0.0
  0
LINE
  5
34A
330
1F
100
AcDbEntity
  8
CENTERMARKS
  6
CONTINUOUS
100
AcDbLine
 10
2.704056208891172
 20
6.593112795001615
 30
0.0
 11
2.704056208891172
 21
6.683112795001615
 31
0.0
  0
LINE
  5
34B
330
1F
100
AcDbEntity
  8
CENTERMARKS
  6
CENTER
100
AcDbLine
 10
2.614056208891173
 20
6.638112795001615
 30
0.0
 11
1.426556208891172
 21
6.638112795001615
 31
0.0
  0
LINE
  5
34C
330
1F
100
AcDbEntity
  8
CENTERMARKS
  6
CENTER
100
AcDbLine
 10
2.794056208891172
 20
6.638112795001615
 30
0.0
 11
3.981556208891172
 21
6.638112795001615
 31
0.0
  0
LINE
  5
34D
330
1F
100
AcDbEntity
  8
CENTERMARKS
  6
CENTER
100
AcDbLine
 10
2.704056208891172
 20
6.728112795001615
 30
0.0
 11
2.704056208891172
 21
7.915612795001615
 31
0.0
  0
LINE
  5
34E
330
1F
100
AcDbEntity
  8
CENTERMARKS
  6
CENTER
100
AcDbLine
 10
2.704056208891172
 20
6.548112795001615
 30
0.0
 11
2.704056208891172
 21
5.360612795001615
 31
0.0
  0
LINE
  5
351
330
1F
100
AcDbEntity
  8
CENTERMARKS
  6
CONTINUOUS
100
AcDbLine
 10
8.058130983768967
 20
4.450916259641836
 30
0.0
 11
8.148130983768967
 21
4.450916259641836
 31
0.0
  0
LINE
  5
352
330
1F
100
AcDbEntity
  8
CENTERMARKS
  6
CONTINUOUS
100
AcDbLine
 10
8.103130983768967
 20
4.405916259641836
 30
0.0
 11
8.103130983768967
 21
4.495916259641836
 31
0.0
  0
LINE
  5
353
330
1F
100
AcDbEntity
  8
CENTERMARKS
  6
CENTER
100
AcDbLine
 10
8.013130983768967
 20
4.450916259641836
 30
0.0
 11
7.700630983768967
 21
4.450916259641836
 31
0.0
  0
LINE
  5
354
330
1F
100
AcDbEntity
  8
CENTERMARKS
  6
CENTER
100
AcDbLine
 10
8.193130983768967
 20
4.450916259641836
 30
0.0
 11
8.505630983768967
 21
4.450916259641836
 31
0.0
  0
LINE
  5
355
330
1F
100
AcDbEntity
  8
CENTERMARKS
  6
CENTER
100
AcDbLine
 10
8.103130983768967
 20
4.540916259641836
 30
0.0
 11
8.103130983768967
 21
4.853416259641836
 31
0.0
  0
LINE
  5
356
330
1F
100
AcDbEntity
  8
CENTERMARKS
  6
CENTER
100
AcDbLine
 10
8.103130983768967
 20
4.360916259641836
 30
0.0
 11
8.103130983768967
 21
4.048416259641836
 31
0.0
  0
CIRCLE
  5
359
330
1F
100
AcDbEntity
  8
CENTERLINES
 48
2.0
100
AcDbCircle
 10
8.103130983768965
 20
4.450916259641837
 30
0.0
 40
0.4374999999999997
  0
INSERT
  5
35A
102
{ACAD_REACTORS
102
}
102
{ACAD_XDICTIONARY
360
35B
102
}
330
1F
100
AcDbEntity
  8
ANNOTATION_TEXT
 62
     7
100
AcDbBlockReference
  2
*U1
 10
8.930370630486227
 20
5.074109758335351
 30
0.0
  0
SOLID
  5
374
330
1F
100
AcDbEntity
  8
ANNOTATION_LINES
 62
     7
100
AcDbTrace
 10
8.613516907152874
 20
4.906051034127634
 30
0.0
 11
8.461214627458304
 21
4.805532301545905
 31
0.0
 12
8.5726836814672
 22
4.950012923078211
 32
0.0
 13
8.5726836814672
 23
4.950012923078211
 33
0.0
  0
LINE
  5
375
330
1F
100
AcDbEntity
  8
ANNOTATION_LINES
 62
     7
100
AcDbLine
 10
8.461214627458304
 20
4.805532301545905
 30
-2.617974749622811
 11
8.750370630486227
 21
5.074109758335351
 31
2.617974749622811
  0
LINE
  5
376
330
1F
100
AcDbEntity
  8
ANNOTATION_LINES
 62
     7
100
AcDbLine
 10
8.750370630486227
 20
5.074109758335351
 30
0.0
 11
8.930370630486227
 21
5.074109758335351
 31
0.0
  0
INSERT
  5
377
102
{ACAD_REACTORS
102
}
102
{ACAD_XDICTIONARY
360
378
102
}
330
1F
100
AcDbEntity
  8
ANNOTATION_TEXT
 62
     7
100
AcDbBlockReference
  2
*U2
 10
4.055362181059569
 20
5.531927489094891
 30
0.0
  0
SOLID
  5
393
330
1F
100
AcDbEntity
  8
ANNOTATION_LINES
 62
     7
100
AcDbTrace
 10
3.472534840735253
 20
5.674640245432865
 30
0.0
 11
3.319484549998492
 21
5.774016341680368
 31
0.0
 12
3.49649193731624
 22
5.72964985844195
 32
0.0
 13
3.49649193731624
 23
5.72964985844195
 33
0.0
  0
LINE
  5
394
330
1F
100
AcDbEntity
  8
ANNOTATION_LINES
 62
     7
100
AcDbLine
 10
3.319484549998492
 20
5.774016341680368
 30
-2.787212833271075
 11
3.875362181059569
 21
5.531927489094891
 31
2.787212833271075
  0
LINE
  5
395
330
1F
100
AcDbEntity
  8
ANNOTATION_LINES
 62
     7
100
AcDbLine
 10
3.875362181059569
 20
5.531927489094891
 30
0.0
 11
4.055362181059569
 21
5.531927489094891
 31
0.0
  0
DIMENSION
  5
396
102
{ACAD_REACTORS
102
}
102
{ACAD_XDICTIONARY
360
397
102
}
330
1F
100
AcDbEntity
  8
ANNOTATION_TEXT
100
AcDbDimension
  2
*D3
 10
1.724285064239461
 20
5.967139804406705
 30
1.5
 11
4.846877199782112
 21
7.735738679936702
 31
0.0
 70
   163
  3
ONSHAPE-STANDARD$3
100
AcDbDiametricDimension
 15
3.683827353542883
 25
7.309085785596525
 35
1.5
 40
0.0
1001
ACAD
1000
DSTYLE
1002
{
1070
   287
1070
     3
1070
     4
1000
[]
1070
   289
1070
     3
1070
   279
1070
     0
1070
   172
1070
     0
1070
   144
1040
2.0
1070
     3
1000
%%c<>
1002
}
1001
ACAD_DSTYLE_DIMRADIAL_EXTE
1070
   387
1070
     1
1070
   388
1040
0.6157296308174662
1070
   390
1040
2.525863022772325
1001
ACAD_DIMASSOC_CALC_DIMLFAC
1040
-2.0
1001
ACAD_DIMASSOC_DIMLFAC
1040
-2.0
1001
ACAD_DIMASSOC_OVERRIDDEN_D
1040
0.0
  0
DIMENSION
  5
3AF
102
{ACAD_REACTORS
102
}
102
{ACAD_XDICTIONARY
360
3B0
102
}
330
1F
100
AcDbEntity
  8
ANNOTATION_TEXT
100
AcDbDimension
  2
*D4
 10
8.521897831166696
 20
4.577567661215469
 30
5.235949499245621
 11
6.366447280893304
 21
4.089004869894739
 31
0.0
 70
   163
  3
ONSHAPE-STANDARD$3
100
AcDbDiametricDimension
 15
7.684364136371235
 25
4.324264858068205
 35
5.235949499245621
 40
0.0
1001
ACAD
1000
DSTYLE
1002
{
1070
   287
1070
     3
1070
     4
1000
[]
1070
   289
1070
     3
1070
   279
1070
     0
1070
   172
1070
     0
1070
   144
1040
2.0
1070
     3
1000
%%c<>
1002
}
1001
ACAD_DSTYLE_DIMRADIAL_EXTE
1070
   387
1070
     1
1070
   388
1040
0.0
1070
   390
1040
6.283185307179586
1001
ACAD_DIMASSOC_CALC_DIMLFAC
1040
-2.0
1001
ACAD_DIMASSOC_DIMLFAC
1040
-2.0
1001
ACAD_DIMASSOC_OVERRIDDEN_D
1040
0.0
  0
DIMENSION
  5
3BD
102
{ACAD_REACTORS
102
}
102
{ACAD_XDICTIONARY
360
3BE
102
}
330
1F
100
AcDbEntity
  8
ANNOTATION_TEXT
100
AcDbDimension
  2
*D5
 10
7.831449974150215
 20
4.60533672140949
 30
-4.503667734056657
 11
9.661047246042124
 21
3.872367217813039
 31
0.0
 70
   163
  3
ONSHAPE-STANDARD$3
100
AcDbDiametricDimension
 15
8.37481199338772
 25
4.296495797874183
 35
-4.503667734056657
 40
0.0
1001
ACAD
1000
DSTYLE
1002
{
1070
   287
1070
     3
1070
     4
1000
[]
1070
   289
1070
     3
1070
   279
1070
     0
1070
   172
1070
     0
1070
   144
1040
2.0
1070
     3
1000
%%c<>
1002
}
1001
ACAD_DSTYLE_DIMRADIAL_EXTE
1070
   387
1070
     1
1070
   388
1040
0.0
1070
   390
1040
6.283185307179586
1001
ACAD_DIMASSOC_CALC_DIMLFAC
1040
-2.0
1001
ACAD_DIMASSOC_DIMLFAC
1040
-2.0
1001
ACAD_DIMASSOC_OVERRIDDEN_D
1040
0.0
  0
DIMENSION
  5
3CB
102
{ACAD_REACTORS
102
}
102
{ACAD_XDICTIONARY
360
3CC
102
}
330
1F
100
AcDbEntity
  8
ANNOTATION_TEXT
100
AcDbDimension
  2
*D6
 10
0.966522080279871
 20
5.075916259641835
 30
0.0
 11
0.9665220802798709
 21
3.575916259641836
 31
0.0
 70
   160
  3
ONSHAPE-STANDARD$0
100
AcDbAlignedDimension
 13
1.516556208891172
 23
2.075916259641836
 33
-0.5937500000000001
 14
1.543170232578252
 24
5.075916259641835
 34
-0.3437500000000001
 50
90.0
100
AcDbRotatedDimension
1001
ACAD
1000
DSTYLE
1002
{
1070
     4
1000
[]
1070
   144
1040
2.0
1070
     3
1000

1070
   288
1070
     1
1002
}
1001
ACAD_DIMASSOC_CALC_DIMLFAC
1040
-2.0
1001
ACAD_DIMASSOC_DIMLFAC
1040
-2.0
1001
ACAD_DIMASSOC_OVERRIDDEN_D
1040
0.0
  0
DIMENSION
  5
3DF
102
{ACAD_REACTORS
102
}
102
{ACAD_XDICTIONARY
360
3E0
102
}
330
1F
100
AcDbEntity
  8
ANNOTATION_TEXT
100
AcDbDimension
  2
*D7
 10
3.354056208891173
 20
3.575916259641836
 30
0.0
 11
2.704056208891172
 21
3.575916259641836
 31
0.0
 70
   160
  3
ONSHAPE-STANDARD$0
100
AcDbAlignedDimension
 13
2.054056208891172
 23
3.575916259641835
 33
-0.1187500000000004
 14
3.354056208891173
 24
3.575916259641836
 34
-0.1187500000000004
100
AcDbRotatedDimension
1001
ACAD
1000
DSTYLE
1002
{
1070
     4
1000
[]
1070
   144
1040
2.0
1070
     3
1000

1070
   288
1070
     1
1002
}
1001
ACAD_DIMASSOC_CALC_DIMLFAC
1040
-2.0
1001
ACAD_DIMASSOC_DIMLFAC
1040
-2.0
1001
ACAD_DIMASSOC_OVERRIDDEN_D
1040
0.0
  0
DIMENSION
  5
3F2
102
{ACAD_REACTORS
102
}
102
{ACAD_XDICTIONARY
360
3F3
102
}
330
1F
100
AcDbEntity
  8
ANNOTATION_TEXT
100
AcDbDimension
  2
*D8
 10
3.219206609617348
 20
5.157632606226208
 30
0.0
 11
2.704056208891173
 21
5.157632606226208
 31
0.0
 70
   160
  3
ONSHAPE-STANDARD$0
100
AcDbAlignedDimension
 13
2.188905808164999
 23
5.817688132322791
 33
-1.175976167296528
 14
3.219206609617348
 24
5.817688132322791
 34
-1.175976167296528
100
AcDbRotatedDimension
1001
ACAD
1000
DSTYLE
1002
{
1070
     4
1000
[]
1070
   144
1040
2.0
1070
     3
1000

1070
   288
1070
     1
1002
}
1001
ACAD_DIMASSOC_CALC_DIMLFAC
1040
-2.0
1001
ACAD_DIMASSOC_DIMLFAC
1040
-2.0
1001
ACAD_DIMASSOC_OVERRIDDEN_D
1040
0.0
1001
ONSHAPE_DIMENSION_ON_CENTE
1070
     1
1013
0.0
1023
0.0
1033
0.0
1005
0
1001
ONSHAPE_DIMENSION_ON_CENT0
1070
     1
1013
0.0
1023
0.0
1033
0.0
1005
0
  0
DIMENSION
  5
407
102
{ACAD_REACTORS
102
}
102
{ACAD_XDICTIONARY
360
408
102
}
330
1F
100
AcDbEntity
  8
ANNOTATION_TEXT
100
AcDbDimension
  2
*D9
 10
0.9665220802798712
 20
7.45853745768044
 30
0.0
 11
0.9665220802798712
 21
6.638112795001616
 31
0.0
 70
   160
  3
ONSHAPE-STANDARD$0
100
AcDbAlignedDimension
 13
2.188905808165
 23
5.817688132322792
 33
-5.574425666542149
 14
2.188905808164999
 24
7.45853745768044
 34
-1.175976167296527
 50
90.0
100
AcDbRotatedDimension
1001
ACAD
1000
DSTYLE
1002
{
1070
     4
1000
[]
1070
   144
1040
2.0
1070
     3
1000

1070
   288
1070
     1
1002
}
1001
ACAD_DIMASSOC_CALC_DIMLFAC
1040
-2.0
1001
ACAD_DIMASSOC_DIMLFAC
1040
-2.0
1001
ACAD_DIMASSOC_OVERRIDDEN_D
1040
0.0
1001
ONSHAPE_DIMENSION_ON_CENTE
1070
     1
1013
0.0
1023
0.0
1033
0.0
1005
0
1001
ONSHAPE_DIMENSION_ON_CENT0
1070
     1
1013
0.0
1023
0.0
1033
0.0
1005
0
  0
DIMENSION
  5
41A
102
{ACAD_REACTORS
330
444
102
}
102
{ACAD_XDICTIONARY
360
41B
102
}
330
1F
100
AcDbEntity
  8
ANNOTATION_TEXT
100
AcDbDimension
  2
*D10
 10
8.728130983768965
 20
5.441007889628739
 30
0.0
 11
8.103130983768965
 21
5.441007889628739
 31
0.0
 70
   160
  3
ONSHAPE-STANDARD$0
100
AcDbAlignedDimension
 13
7.478130983768965
 23
4.725916259641836
 33
0.9223780407186636
 14
8.728130983768965
 24
4.725916259641836
 34
0.9223780407186644
100
AcDbRotatedDimension
1001
ACAD
1000
DSTYLE
1002
{
1070
     4
1000
[]
1070
   144
1040
2.0
1070
     3
1000

1070
   288
1070
     1
1002
}
1001
ACAD_DIMASSOC_CALC_DIMLFAC
1040
-2.0
1001
ACAD_DIMASSOC_DIMLFAC
1040
-2.0
1001
ACAD_DIMASSOC_OVERRIDDEN_D
1040
0.0
  0
DIMENSION
  5
42D
102
{ACAD_REACTORS
330
444
102
}
102
{ACAD_XDICTIONARY
360
42E
102
}
330
1F
100
AcDbEntity
  8
ANNOTATION_TEXT
100
AcDbDimension
  2
*D11
 10
7.478130983768965
 20
4.725916259641836
 30
0.9223780407186635
 11
6.700071154016798
 21
2.885213012341239
 31
0.0
 70
   162
  1
<>
  3
ONSHAPE-STANDARD$2
100
AcDb2LineAngularDimension
 13
6.990630983768964
 23
2.419458003411892
 33
0.0000000000000002
 14
7.428918385343769
 24
2.672503352693528
 34
0.0000000000000002
 15
7.478130983768965
 25
2.757742073538453
 35
0.9223780407186633
 16
6.964165152949215
 26
3.31343688499194
 36
0.0
1001
ACAD
1000
DSTYLE
1002
{
1070
   144
1040
2.0
1070
   272
1070
     0
1070
     3
1000

1070
   288
1070
     1
1002
}
1001
ACAD_DSTYLE_DIMANGULAR_EXT
1070
   387
1070
     1
1001
ACAD_DIMASSOC_CALC_DIMLFAC
1040
-2.0
1001
ACAD_DIMASSOC_DIMLFAC
1040
-2.0
1001
ACAD_DIMASSOC_OVERRIDDEN_D
1040
0.0
  0
DIMENSION
  5
441
102
{ACAD_REACTORS
102
}
102
{ACAD_XDICTIONARY
360
442
102
}
330
1F
100
AcDbEntity
  8
ANNOTATION_TEXT
100
AcDbDimension
  2
*D12
 10
8.353130983768965
 20
5.075916259641836
 30
1.16088597631292
 11
7.265736134452349
 21
4.907164431770446
 31
0.0
 70
   162
  1
<>
  3
ONSHAPE-STANDARD$2
100
AcDb2LineAngularDimension
 13
7.559456284973784
 23
4.801819874099666
 33
1.055733902027386
 14
7.853130983768965
 24
5.075916259641835
 34
1.16088597631292
 15
7.853130983768965
 25
5.075916259641836
 35
1.16088597631292
 16
7.316973986530576
 26
4.782581020153055
 36
0.0
1001
ACAD
1000
DSTYLE
1002
{
1070
   144
1040
2.0
1070
   272
1070
     0
1070
     3
1000

1070
   288
1070
     1
1002
}
1001
ACAD_DSTYLE_DIMANGULAR_EXT
1070
   387
1070
     1
1001
ACAD_DIMASSOC_CALC_DIMLFAC
1040
-2.0
1001
ACAD_DIMASSOC_DIMLFAC
1040
-2.0
1001
ACAD_DIMASSOC_OVERRIDDEN_D
1040
0.0
  0
ENDSEC
  0
SECTION
  2
OBJECTS
  0
DICTIONARY
  5
C
330
0
100
AcDbDictionary
  3
ACAD_FIELDLIST
350
2E9
  3
ACAD_GROUP
350
D
  3
ACAD_LAYOUT
350
1A
  3
ACAD_MATERIAL
350
43
  3
ACAD_MLEADERSTYLE
350
6B
  3
ACAD_MLINESTYLE
350
17
  3
ACAD_PLOTSETTINGS
350
19
  3
ACAD_SCALELIST
350
47
  3
ACAD_VISUALSTYLE
350
2A
  3
ACDBHEADERROUNDTRIPXREC
350
4B1
  3
ACDBVARIABLEDICTIONARY
350
6E
  3
ONSHAPE_DATA
350
455
  0
DICTIONARY
  5
4D8
330
8
100
AcDbDictionary
280
     1
  3
ACAD_XREC_ROUNDTRIP
360
4D9
  0
DICTIONARY
  5
27C
330
27B
100
AcDbDictionary
280
     1
  0
DICTIONARY
  5
283
330
282
100
AcDbDictionary
280
     1
  0
DICTIONARY
  5
28D
330
28C
100
AcDbDictionary
280
     1
  0
DICTIONARY
  5
293
330
292
100
AcDbDictionary
280
     1
  0
DICTIONARY
  5
2AD
330
2AC
100
AcDbDictionary
280
     1
  0
DICTIONARY
  5
2B3
330
2B2
100
AcDbDictionary
280
     1
  0
DICTIONARY
  5
2B9
330
2B8
100
AcDbDictionary
280
     1
  0
DICTIONARY
  5
2C0
330
2BF
100
AcDbDictionary
280
     1
  0
DICTIONARY
  5
2C7
330
2C6
100
AcDbDictionary
280
     1
  0
DICTIONARY
  5
2CE
330
2CD
100
AcDbDictionary
280
     1
  0
DICTIONARY
  5
2D5
330
2D4
100
AcDbDictionary
280
     1
  0
DICTIONARY
  5
2DE
330
2DD
100
AcDbDictionary
280
     1
  0
DICTIONARY
  5
2E4
330
2E3
100
AcDbDictionary
280
     1
  3
ONSHAPE_VIEW_ID
360
2E5
  0
DICTIONARY
  5
2EC
330
2EB
100
AcDbDictionary
280
     1
  3
ONSHAPE_VIEW_ID
360
2ED
  0
DICTIONARY
  5
2F3
330
2F2
100
AcDbDictionary
280
     1
  3
ONSHAPE_VIEW_ID
360
2F4
  0
DICTIONARY
  5
2F6
330
2F5
100
AcDbDictionary
280
     1
  3
ONSHAPE_VIEW_ID
360
2F7
  0
DICTIONARY
  5
35B
330
35A
100
AcDbDictionary
280
     1
  3
OS_DIM_DISPLAY_FLAG_DATA
360
35D
  3
OS_HOLECALLOUTDIM_DATA
360
35C
  0
DICTIONARY
  5
378
330
377
100
AcDbDictionary
280
     1
  3
OS_DIM_DISPLAY_FLAG_DATA
360
37A
  3
OS_HOLECALLOUTDIM_DATA
360
379
  0
DICTIONARY
  5
397
330
396
100
AcDbDictionary
280
     1
  3
ACAD_BREAKDATA
360
39A
  3
OS_DIM_DISPLAY_FLAG_DATA
360
398
  0
DICTIONARY
  5
3B0
330
3AF
100
AcDbDictionary
280
     1
  3
ACAD_BREAKDATA
360
3B3
  3
OS_DIM_DISPLAY_FLAG_DATA
360
3B1
  0
DICTIONARY
  5
3BE
330
3BD
100
AcDbDictionary
280
     1
  3
ACAD_BREAKDATA
360
3C1
  3
OS_DIM_DISPLAY_FLAG_DATA
360
3BF
  0
DICTIONARY
  5
3CC
330
3CB
100
AcDbDictionary
280
     1
  3
ACAD_BREAKDATA
360
3D0
  3
OS_DIM_DISPLAY_FLAG_DATA
360
3CD
  0
DICTIONARY
  5
3E0
330
3DF
100
AcDbDictionary
280
     1
  3
ACAD_BREAKDATA
360
3E4
  3
OS_DIM_DISPLAY_FLAG_DATA
360
3E1
  0
DICTIONARY
  5
3F3
330
3F2
100
AcDbDictionary
280
     1
  3
ACAD_BREAKDATA
360
3F7
  3
OS_DIM_DISPLAY_FLAG_DATA
360
3F4
  0
DICTIONARY
  5
408
330
407
100
AcDbDictionary
280
     1
  3
ACAD_BREAKDATA
360
40C
  3
OS_DIM_DISPLAY_FLAG_DATA
360
409
  0
DICTIONARY
  5
41B
330
41A
100
AcDbDictionary
280
     1
  3
ACAD_BREAKDATA
360
41F
  3
OS_DIM_DISPLAY_FLAG_DATA
360
41C
  0
DICTIONARY
  5
42E
330
42D
100
AcDbDictionary
280
     1
  3
ACAD_BREAKDATA
360
430
  0
DICTIONARY
  5
442
330
441
100
AcDbDictionary
280
     1
  3
ACAD_BREAKDATA
360
444
  0
ACAD_PROXY_OBJECT
  5
2E9
102
{ACAD_REACTORS
330
C
102
}
330
C
100
AcDbProxyObject
 90
      499
 91
      509
 93
       11
310
4600
330
27F
330
280
330
286
330
287
330
290
330
291
330
296
330
297
330
2B0
330
2B1
330
2B6
330
2B7
330
2BC
330
2BD
330
2C3
330
2C4
330
2CA
330
2CB
330
2D1
330
2D2
330
2D8
330
2D9
330
2E1
330
2E2
 94
        0
  0
DICTIONARY
  5
D
102
{ACAD_REACTORS
330
C
102
}
330
C
100
AcDbDictionary
  0
DICTIONARY
  5
1A
102
{ACAD_REACTORS
330
C
102
}
330
C
100
AcDbDictionary
  0
DICTIONARY
  5
43
102
{ACAD_REACTORS
330
C
102
}
330
C
100
AcDbDictionary
  3
BYBLOCK
350
45
  3
BYLAYER
350
44
  3
GLOBAL
350
46
  0
DICTIONARY
  5
6B
102
{ACAD_REACTORS
330
C
102
}
330
C
100
AcDbDictionary
  3
STANDARD
350
6C
  0
DICTIONARY
  5
17
102
{ACAD_REACTORS
330
C
102
}
330
C
100
AcDbDictionary
  3
STANDARD
350
18
  0
DICTIONARY
  5
19
102
{ACAD_REACTORS
330
C
102
}
330
C
100
AcDbDictionary
  0
DICTIONARY
  5
47
102
{ACAD_REACTORS
330
C
102
}
330
C
100
AcDbDictionary
  3
A0
350
48
  3
A1
350
49
  3
A2
350
4A
  3
A3
350
4B
  3
A4
350
4C
  3
A5
350
4D
  3
A6
350
4E
  3
A7
350
4F
  3
A8
350
50
  3
A9
350
51
  3
B0
350
52
  3
B1
350
53
  3
B2
350
54
  3
B3
350
55
  3
B4
350
56
  3
B5
350
57
  3
B6
350
58
  3
B7
350
59
  3
B8
350
5A
  3
B9
350
5B
  3
C0
350
5C
  3
C1
350
5D
  3
C2
350
5E
  3
C3
350
5F
  3
C4
350
60
  3
C5
350
61
  3
C6
350
62
  3
C7
350
63
  3
C8
350
64
  3
C9
350
65
  3
D0
350
66
  3
D1
350
67
  3
D2
350
68
  0
DICTIONARY
  5
2A
102
{ACAD_REACTORS
330
C
102
}
330
C
100
AcDbDictionary
  3
2DWIREFRAME
350
2F
  3
BASIC
350
32
  3
BRIGHTEN
350
36
  3
COLORCHANGE
350
3A
  3
CONCEPTUAL
350
34
  3
DIM
350
35
  3
EDGECOLOROFF
350
3D
  3
FACEPATTERN
350
39
  3
FLAT
350
2B
  3
FLATWITHEDGES
350
2C
  3
GOURAUD
350
2D
  3
GOURAUDWITHEDGES
350
2E
  3
HIDDEN
350
31
  3
JITTEROFF
350
3B
  3
LINEPATTERN
350
38
  3
OVERHANGOFF
350
3C
  3
REALISTIC
350
33
  3
SHADED
350
42
  3
SHADED_WITH_EDGES
350
41
  3
SHADES_OF_GRAY
350
3E
  3
SKETCHY
350
3F
  3
THICKEN
350
37
  3
WIREFRAME
350
30
  3
X-RAY
350
40
  0
DICTIONARY
  5
4B1
102
{ACAD_REACTORS
330
C
102
}
330
C
100
AcDbDictionary
  3
CEPSNID
350
4BB
  3
CEPSNTYPE
350
4BA
  3
DIMSTYLEDATA
350
4D1
  3
FINGERPRINTGUID
350
4BC
  3
HYPERLINKBASE
350
4B4
  3
INSUNITS
350
4B9
  3
LAYOUTDICT
350
4B6
  3
LWETCUNION
350
4B8
  3
PLOTSETDICT
350
4B7
  3
PSVPSCALE
350
4BE
  3
PUCSBASE
350
4C1
  3
PUCSORGBACK
350
4C7
  3
PUCSORGBOTTOM
350
4C3
  3
PUCSORGFRONT
350
4C6
  3
PUCSORGLEFT
350
4C4
  3
PUCSORGRIGHT
350
4C5
  3
PUCSORGTOP
350
4C2
  3
PUCSORTHOREF
350
4BF
  3
PUCSORTHOVIEW
350
4C0
  3
STYLESHEET
350
4B5
  3
TSTACKALIGN
350
4B2
  3
TSTACKSIZE
350
4B3
  3
UCSBASE
350
4CA
  3
UCSORGBACK
350
4D0
  3
UCSORGBOTTOM
350
4CC
  3
UCSORGFRONT
350
4CF
  3
UCSORGLEFT
350
4CD
  3
UCSORGRIGHT
350
4CE
  3
UCSORGTOP
350
4CB
  3
UCSORTHOREF
350
4C8
  3
UCSORTHOVIEW
350
4C9
  3
VERSIONGUID
350
4BD
  0
DICTIONARY
  5
6E
102
{ACAD_REACTORS
330
C
102
}
330
C
100
AcDbDictionary
  3
CANNOSCALE
350
4DA
  3
CMLEADERSTYLE
350
4D3
  3
CTABLESTYLE
350
4D2
  3
DIMASSOC
350
4D6
  3
HIDETEXT
350
4D7
  3
MSLTSCALE
350
4DB
  3
OLEFRAME
350
6F
  0
DICTIONARY
  5
455
102
{ACAD_REACTORS
330
C
102
}
330
C
100
AcDbDictionary
280
     1
  3
DIM_UNITS
360
456
  3
ONSHAPE_ANG_TOL_PRECISION
360
459
  3
ONSHAPE_BREAK_DIMENSION_DEFAULT
360
45F
  3
ONSHAPE_DIMENSION_TEXT_HOR
360
45E
  3
ONSHAPE_FITCLASS_TOL_PRECISION
360
45A
  3
ONSHAPE_JOGDIMENSION_LOCK_
360
45C
  3
ONSHAPE_SHOWDIMENSIONSLINE
360
45D
  3
ONSHAPE_UNDERLINEOVERRIDEN
360
45B
  3
ONSHAPE_VSHARP_EXTENSION
360
458
  3
ONSHAPE_WELD_STANDARD
360
457
  0
XRECORD
  5
4D9
102
{ACAD_REACTORS
330
4D8
102
}
330
4D8
100
AcDbXrecord
102
VTR_0.000_0.000_1.000_1.000_VISUALSTYLE
340
2F
102
VTR_0.000_0.000_1.000_1.000_GRIDDISPLAY
 70
     3
102
VTR_0.000_0.000_1.000_1.000_GRIDMAJOR
 70
     5
102
VTR_0.000_0.000_1.000_1.000_DEFAULTLIGHTING
280
     1
102
VTR_0.000_0.000_1.000_1.000_DEFAULTLIGHTINGTYPE
 70
     1
102
VTR_0.000_0.000_1.000_1.000_BRIGHTNESS
141
0.0
102
VTR_0.000_0.000_1.000_1.000_CONTRAST
142
0.0
  0
XRECORD
  5
2E5
102
{ACAD_REACTORS
330
2E4
102
}
330
2E4
100
AcDbXrecord
330
0
  0
XRECORD
  5
2ED
102
{ACAD_REACTORS
330
2EC
102
}
330
2EC
100
AcDbXrecord
330
0
  0
XRECORD
  5
2F4
102
{ACAD_REACTORS
330
2F3
102
}
330
2F3
100
AcDbXrecord
330
0
  0
XRECORD
  5
2F7
102
{ACAD_REACTORS
330
2F6
102
}
330
2F6
100
AcDbXrecord
330
0
  0
XRECORD
  5
35D
102
{ACAD_REACTORS
330
35B
102
}
330
35B
100
AcDbXrecord
 90
        1
 90
        0
  0
ACAD_PROXY_OBJECT
  5
35C
102
{ACAD_REACTORS
330
35B
102
}
330
35B
100
AcDbProxyObject
 90
      499
 91
      512
 93
      794
310
589680008000001000400000000000000016801C3520D60880401680008000001680008000000A000000000000003C2FCA000000000000003C2FD6803FFFFFFFC880400880400B004000078B004080079B5B48804008804016803FFFFFFFCB0040000780
  0
XRECORD
  5
37A
102
{ACAD_REACTORS
330
378
102
}
330
378
100
AcDbXrecord
 90
        1
 90
        0
  0
ACAD_PROXY_OBJECT
  5
379
102
{ACAD_REACTORS
330
378
102
}
330
378
100
AcDbProxyObject
 90
      499
 91
      512
 93
      794
310
589680008000001000400000000000000016801C3520D60880401680008000001680008000000A000000000000003C2FCA000000000000003C2FD6803FFFFFFFC880400880400B004000078B004080079B5B48804008804016803FFFFFFFCB0040000780
  0
BREAKDATA
  5
39A
102
{ACAD_REACTORS
330
397
102
}
330
397
100
AcDbBreakData
 70
     0
330
396
 90
        0
  0
XRECORD
  5
398
102
{ACAD_REACTORS
330
397
102
}
330
397
100
AcDbXrecord
 90
        1
 90
        0
  0
BREAKDATA
  5
3B3
102
{ACAD_REACTORS
330
3B0
102
}
330
3B0
100
AcDbBreakData
 70
     0
330
3AF
 90
        0
  0
XRECORD
  5
3B1
102
{ACAD_REACTORS
330
3B0
102
}
330
3B0
100
AcDbXrecord
 90
        1
 90
        0
  0
BREAKDATA
  5
3C1
102
{ACAD_REACTORS
330
3BE
102
}
330
3BE
100
AcDbBreakData
 70
     0
330
3BD
 90
        0
  0
XRECORD
  5
3BF
102
{ACAD_REACTORS
330
3BE
102
}
330
3BE
100
AcDbXrecord
 90
        1
 90
        0
  0
BREAKDATA
  5
3D0
102
{ACAD_REACTORS
330
3CC
102
}
330
3CC
100
AcDbBreakData
 70
     0
330
3CB
 90
        0
  0
XRECORD
  5
3CD
102
{ACAD_REACTORS
330
3CC
102
}
330
3CC
100
AcDbXrecord
 90
        1
 90
        0
  0
BREAKDATA
  5
3E4
102
{ACAD_REACTORS
330
3E0
102
}
330
3E0
100
AcDbBreakData
 70
     0
330
3DF
 90
        0
  0
XRECORD
  5
3E1
102
{ACAD_REACTORS
330
3E0
102
}
330
3E0
100
AcDbXrecord
 90
        1
 90
        0
  0
BREAKDATA
  5
3F7
102
{ACAD_REACTORS
330
3F3
102
}
330
3F3
100
AcDbBreakData
 70
     0
330
3F2
 90
        0
  0
XRECORD
  5
3F4
102
{ACAD_REACTORS
330
3F3
102
}
330
3F3
100
AcDbXrecord
 90
        1
 90
        0
  0
BREAKDATA
  5
40C
102
{ACAD_REACTORS
330
408
102
}
330
408
100
AcDbBreakData
 70
     0
330
407
 90
        0
  0
XRECORD
  5
409
102
{ACAD_REACTORS
330
408
102
}
330
408
100
AcDbXrecord
 90
        1
 90
        0
  0
BREAKDATA
  5
41F
102
{ACAD_REACTORS
330
41B
102
}
330
41B
100
AcDbBreakData
 70
     0
330
41A
 90
        0
  0
XRECORD
  5
41C
102
{ACAD_REACTORS
330
41B
102
}
330
41B
100
AcDbXrecord
 90
        1
 90
        0
  0
BREAKDATA
  5
430
102
{ACAD_REACTORS
330
42E
102
}
330
42E
100
AcDbBreakData
 70
     0
330
42D
 90
        0
  0
BREAKDATA
  5
444
102
{ACAD_REACTORS
330
442
102
}
330
442
100
AcDbBreakData
 70
     0
330
441
 90
        3
100
AcDbBreakPointRef
 71
     0
 72
     0
 91
       -1
 10
0.0
 20
0.0
 30
0.0
 11
0.0
 21
0.0
 31
0.0
331
41A
 73
     5
 92
        0
100
AcDbBreakPointRef
 71
     0
 72
     0
 91
       -1
 10
0.0
 20
0.0
 30
0.0
 11
0.0
 21
0.0
 31
0.0
331
42D
 73
     5
 92
        0
100
AcDbBreakPointRef
 71
     0
 72
     0
 91
       -1
 10
0.0
 20
0.0
 30
0.0
 11
0.0
 21
0.0
 31
0.0
331
42D
 73
     2
 92
        0
  0
MATERIAL
  5
45
102
{ACAD_REACTORS
330
43
102
}
102
{ACAD_XDICTIONARY
360
4DE
102
}
330
43
100
AcDbMaterial
  1
BYBLOCK
  0
MATERIAL
  5
44
102
{ACAD_REACTORS
330
43
102
}
102
{ACAD_XDICTIONARY
360
4DC
102
}
330
43
100
AcDbMaterial
  1
BYLAYER
  0
MATERIAL
  5
46
102
{ACAD_REACTORS
330
43
102
}
102
{ACAD_XDICTIONARY
360
4E0
102
}
330
43
100
AcDbMaterial
  1
GLOBAL
  0
ACAD_PROXY_OBJECT
  5
6C
102
{ACAD_REACTORS
330
6B
102
}
330
6B
100
AcDbProxyObject
 90
      499
 91
      505
 93
      610
310
40901902A4063FBFFFFFE056BD1B81E855B9FC0AD7A3703D0AD73F4214DD185B99185C9900AD7A3703D0AC73F90140501A02B5E8DC0F42B1CFC02B5E8DC0F42B1CFE5764000000000000300FC0
340
14
340
0
340
11
340
0
 94
        0
1001
ACAD_MLEADERVER
1070
     2
  0
MLINESTYLE
  5
18
102
{ACAD_REACTORS
330
17
102
}
330
17
100
AcDbMlineStyle
  2
Standard
 70
     0
  3

 62
   256
 51
90.0
 52
90.0
 71
     2
 49
0.5
 62
   256
  6
BYLAYER
 49
-0.5
 62
   256
  6
BYLAYER
  0
ACAD_PROXY_OBJECT
  5
48
102
{ACAD_REACTORS
330
47
102
}
330
47
100
AcDbProxyObject
 90
      499
 91
      503
 93
       41
310
903313A31580
  0
ACAD_PROXY_OBJECT
  5
49
102
{ACAD_REACTORS
330
47
102
}
330
47
100
AcDbProxyObject
 90
      499
 91
      503
 93
      105
310
903313A324000000000000004000
  0
ACAD_PROXY_OBJECT
  5
4A
102
{ACAD_REACTORS
330
47
102
}
330
47
100
AcDbProxyObject
 90
      499
 91
      503
 93
      105
310
903313A344000000000000104000
  0
ACAD_PROXY_OBJECT
  5
4B
102
{ACAD_REACTORS
330
47
102
}
330
47
100
AcDbProxyObject
 90
      499
 91
      503
 93
      105
310
903313A354000000000000144000
  0
ACAD_PROXY_OBJECT
  5
4C
102
{ACAD_REACTORS
330
47
102
}
330
47
100
AcDbProxyObject
 90
      499
 91
      503
 93
      105
310
903313A384000000000000204000
  0
ACAD_PROXY_OBJECT
  5
4D
102
{ACAD_REACTORS
330
47
102
}
330
47
100
AcDbProxyObject
 90
      499
 91
      503
 93
      113
310
904313A31304000000000000244000
  0
ACAD_PROXY_OBJECT
  5
4E
102
{ACAD_REACTORS
330
47
102
}
330
47
100
AcDbProxyObject
 90
      499
 91
      503
 93
      113
310
904313A31364000000000000304000
  0
ACAD_PROXY_OBJECT
  5
4F
102
{ACAD_REACTORS
330
47
102
}
330
47
100
AcDbProxyObject
 90
      499
 91
      503
 93
      113
310
904313A32304000000000000344000
  0
ACAD_PROXY_OBJECT
  5
50
102
{ACAD_REACTORS
330
47
102
}
330
47
100
AcDbProxyObject
 90
      499
 91
      503
 93
      113
310
904313A333040000000000003E4000
  0
ACAD_PROXY_OBJECT
  5
51
102
{ACAD_REACTORS
330
47
102
}
330
47
100
AcDbProxyObject
 90
      499
 91
      503
 93
      113
310
904313A34304000000000000444000
  0
ACAD_PROXY_OBJECT
  5
52
102
{ACAD_REACTORS
330
47
102
}
330
47
100
AcDbProxyObject
 90
      499
 91
      503
 93
      113
310
904313A35304000000000000494000
  0
ACAD_PROXY_OBJECT
  5
53
102
{ACAD_REACTORS
330
47
102
}
330
47
100
AcDbProxyObject
 90
      499
 91
      503
 93
      121
310
905313A3130304000000000000594000
  0
ACAD_PROXY_OBJECT
  5
54
102
{ACAD_REACTORS
330
47
102
}
330
47
100
AcDbProxyObject
 90
      499
 91
      503
 93
      105
310
903323A310000000000000010100
  0
ACAD_PROXY_OBJECT
  5
55
102
{ACAD_REACTORS
330
47
102
}
330
47
100
AcDbProxyObject
 90
      499
 91
      503
 93
      105
310
903343A310000000000000410100
  0
ACAD_PROXY_OBJECT
  5
56
102
{ACAD_REACTORS
330
47
102
}
330
47
100
AcDbProxyObject
 90
      499
 91
      503
 93
      105
310
903383A310000000000000810100
  0
ACAD_PROXY_OBJECT
  5
57
102
{ACAD_REACTORS
330
47
102
}
330
47
100
AcDbProxyObject
 90
      499
 91
      503
 93
      113
310
90431303A310000000000000910100
  0
ACAD_PROXY_OBJECT
  5
58
102
{ACAD_REACTORS
330
47
102
}
330
47
100
AcDbProxyObject
 90
      499
 91
      503
 93
      121
310
9053130303A310000000000001650100
  0
ACAD_PROXY_OBJECT
  5
59
102
{ACAD_REACTORS
330
47
102
}
330
47
100
AcDbProxyObject
 90
      499
 91
      503
 93
      257
310
90E312F31323822203D2031272D3022000000000000200FC000000000000284000
  0
ACAD_PROXY_OBJECT
  5
5A
102
{ACAD_REACTORS
330
47
102
}
330
47
100
AcDbProxyObject
 90
      499
 91
      503
 93
      249
310
90D312F363422203D2031272D3022000000000000240FC000000000000284000
  0
ACAD_PROXY_OBJECT
  5
5B
102
{ACAD_REACTORS
330
47
102
}
330
47
100
AcDbProxyObject
 90
      499
 91
      503
 93
      249
310
90D312F333222203D2031272D3022000000000000280FC000000000000284000
  0
ACAD_PROXY_OBJECT
  5
5C
102
{ACAD_REACTORS
330
47
102
}
330
47
100
AcDbProxyObject
 90
      499
 91
      503
 93
      249
310
90D312F313622203D2031272D30220000000000002C0FC000000000000284000
  0
ACAD_PROXY_OBJECT
  5
5D
102
{ACAD_REACTORS
330
47
102
}
330
47
100
AcDbProxyObject
 90
      499
 91
      503
 93
      249
310
90D332F333222203D2031272D30220000000000002E0FC000000000000284000
  0
ACAD_PROXY_OBJECT
  5
5E
102
{ACAD_REACTORS
330
47
102
}
330
47
100
AcDbProxyObject
 90
      499
 91
      503
 93
      241
310
90C312F3822203D2031272D3022000000000000300FC000000000000284000
  0
ACAD_PROXY_OBJECT
  5
5F
102
{ACAD_REACTORS
330
47
102
}
330
47
100
AcDbProxyObject
 90
      499
 91
      503
 93
      249
310
90D332F313622203D2031272D3022000000000000320FC000000000000284000
  0
ACAD_PROXY_OBJECT
  5
60
102
{ACAD_REACTORS
330
47
102
}
330
47
100
AcDbProxyObject
 90
      499
 91
      503
 93
      241
310
90C312F3422203D2031272D3022000000000000340FC000000000000284000
  0
ACAD_PROXY_OBJECT
  5
61
102
{ACAD_REACTORS
330
47
102
}
330
47
100
AcDbProxyObject
 90
      499
 91
      503
 93
      241
310
90C332F3822203D2031272D3022000000000000360FC000000000000284000
  0
ACAD_PROXY_OBJECT
  5
62
102
{ACAD_REACTORS
330
47
102
}
330
47
100
AcDbProxyObject
 90
      499
 91
      503
 93
      241
310
90C312F3222203D2031272D3022000000000000380FC000000000000284000
  0
ACAD_PROXY_OBJECT
  5
63
102
{ACAD_REACTORS
330
47
102
}
330
47
100
AcDbProxyObject
 90
      499
 91
      503
 93
      241
310
90C332F3422203D2031272D30220000000000003A0FC000000000000284000
  0
ACAD_PROXY_OBJECT
  5
64
102
{ACAD_REACTORS
330
47
102
}
330
47
100
AcDbProxyObject
 90
      499
 91
      503
 93
      161
310
90A3122203D2031272D30224000000000000284000
  0
ACAD_PROXY_OBJECT
  5
65
102
{ACAD_REACTORS
330
47
102
}
330
47
100
AcDbProxyObject
 90
      499
 91
      503
 93
      257
310
90E312D312F3222203D2031272D30220000000000003E0FC000000000000284000
  0
ACAD_PROXY_OBJECT
  5
66
102
{ACAD_REACTORS
330
47
102
}
330
47
100
AcDbProxyObject
 90
      499
 91
      503
 93
      225
310
90A3322203D2031272D302200000000000002100000000000000284000
  0
ACAD_PROXY_OBJECT
  5
67
102
{ACAD_REACTORS
330
47
102
}
330
47
100
AcDbProxyObject
 90
      499
 91
      503
 93
      225
310
90A3622203D2031272D302200000000000006100000000000000284000
  0
ACAD_PROXY_OBJECT
  5
68
102
{ACAD_REACTORS
330
47
102
}
330
47
100
AcDbProxyObject
 90
      499
 91
      503
 93
      249
310
90D31272D3022203D2031272D30220000000000000A100000000000000284000
  0
ACAD_PROXY_OBJECT
  5
2F
102
{ACAD_REACTORS
330
2A
102
}
330
2A
100
AcDbProxyObject
 90
      499
 91
      501
 93
      436
310
42CC9915DA5C99599C985B595049028333333333333E33F0000000000000F90107901411070040501600405405064090741402480A0340
1001
ACAD
1000
AcDbSavedByObjectVersion
1070
     0
  0
ACAD_PROXY_OBJECT
  5
32
102
{ACAD_REACTORS
330
2A
102
}
330
2A
100
AcDbProxyObject
 90
      499
 91
      501
 93
      388
310
4150985CDA58D07406404333333333333E33F0000000000000F90107A41107004050150841D405064090741402480A0350
1001
ACAD
1000
AcDbSavedByObjectVersion
1070
     0
  0
ACAD_PROXY_OBJECT
  5
36
102
{ACAD_REACTORS
330
2A
102
}
330
2A
100
AcDbProxyObject
 90
      499
 91
      501
 93
      428
310
42109C9A59DA1D195B90C409028333333333333E33F0000000000000F9010790141107004050150841D405064090741402480A029950
1001
ACAD
1000
AcDbSavedByObjectVersion
1070
     0
  0
ACAD_PROXY_OBJECT
  5
3A
102
{ACAD_REACTORS
330
2A
102
}
330
2A
100
AcDbProxyObject
 90
      499
 91
      501
 93
      452
310
42D0DBDB1BDC90DA185B99D95104090240C333333333333E33F0000000000000F90108901411070040501508421405064090741402480A0350
1001
ACAD
1000
AcDbSavedByObjectVersion
1070
     0
  0
ACAD_PROXY_OBJECT
  5
34
102
{ACAD_REACTORS
330
2A
102
}
330
2A
100
AcDbProxyObject
 90
      499
 91
      501
 93
      500
310
4290DBDB98D95C1D1D585B10940D028333333333333E33F0000000000000F90107902409070040501000000000018199010841D405064090740C02480A0340
1001
ACAD
1000
AcDbSavedByObjectVersion
1070
     0
  0
ACAD_PROXY_OBJECT
  5
35
102
{ACAD_REACTORS
330
2A
102
}
330
2A
100
AcDbProxyObject
 90
      499
 91
      501
 93
      412
310
40D11A5B50B409028333333333333E33F0000000000000F9010790141107004050150841D405064090741402480A02677FFFFFD0
1001
ACAD
1000
AcDbSavedByObjectVersion
1070
     0
  0
ACAD_PROXY_OBJECT
  5
3D
102
{ACAD_REACTORS
330
2A
102
}
330
2A
100
AcDbProxyObject
 90
      499
 91
      501
 93
      452
310
43115919D950DBDB1BDC93D999916409028333333333333E33F0000000000000F9010790141107004050150841D405064090741402480A0350
1001
ACAD
1000
AcDbSavedByObjectVersion
1070
     0
  0
ACAD_PROXY_OBJECT
  5
39
102
{ACAD_REACTORS
330
2A
102
}
330
2A
100
AcDbProxyObject
 90
      499
 91
      501
 93
      444
310
42D19858D95C185D1D195C9B90F409028333333333333E33F0000000000000F9010790141107004050150841D405064090741402480A0350
1001
ACAD
1000
AcDbSavedByObjectVersion
1070
     0
  0
ACAD_PROXY_OBJECT
  5
2B
102
{ACAD_REACTORS
330
2A
102
}
330
2A
100
AcDbProxyObject
 90
      499
 91
      501
 93
      380
310
41119B185D240901404333333333333E33F0000000000000F9010740A907004050150841D405064090741402480A1B50
1001
ACAD
1000
AcDbSavedByObjectVersion
1070
     0
  0
ACAD_PROXY_OBJECT
  5
2C
102
{ACAD_REACTORS
330
2A
102
}
330
2A
100
AcDbProxyObject
 90
      499
 91
      501
 93
      468
310
43519B185D15DA5D1A115919D95CD0140901404333333333333E33F0000000000000F90107409019070040501600405405064090741402480A1B50
1001
ACAD
1000
AcDbSavedByObjectVersion
1070
     0
  0
ACAD_PROXY_OBJECT
  5
2D
102
{ACAD_REACTORS
330
2A
102
}
330
2A
100
AcDbProxyObject
 90
      499
 91
      501
 93
      404
310
41D1DBDD5C985D5910240902404333333333333E33F0000000000000F9010740A9070040501641D405064090741402480A1B50
1001
ACAD
1000
AcDbSavedByObjectVersion
1070
     0
  0
ACAD_PROXY_OBJECT
  5
2E
102
{ACAD_REACTORS
330
2A
102
}
330
2A
100
AcDbProxyObject
 90
      499
 91
      501
 93
      492
310
4411DBDD5C985D5915DA5D1A115919D95CD0340902404333333333333E33F0000000000000F90107409019070040501600405405064090741402480A1B50
1001
ACAD
1000
AcDbSavedByObjectVersion
1070
     0
  0
ACAD_PROXY_OBJECT
  5
31
102
{ACAD_REACTORS
330
2A
102
}
330
2A
100
AcDbProxyObject
 90
      499
 91
      501
 93
      476
310
41921A5919195B90640502408333333333333E33F0000000000000F901079024090700405020000000000001110200405405064090740C02480A0340
1001
ACAD
1000
AcDbSavedByObjectVersion
1070
     0
  0
ACAD_PROXY_OBJECT
  5
3B
102
{ACAD_REACTORS
330
2A
102
}
330
2A
100
AcDbProxyObject
 90
      499
 91
      501
 93
      428
310
42529A5D1D195C93D999914409028333333333333E33F0000000000000F9010790141107004050150A41D405064090741402480A0350
1001
ACAD
1000
AcDbSavedByObjectVersion
1070
     0
  0
ACAD_PROXY_OBJECT
  5
38
102
{ACAD_REACTORS
330
2A
102
}
330
2A
100
AcDbProxyObject
 90
      499
 91
      501
 93
      444
310
42D31A5B995C185D1D195C9B90E409028333333333333E33F0000000000000F9010790141107004050750841D405064090741402483A0350
1001
ACAD
1000
AcDbSavedByObjectVersion
1070
     0
  0
ACAD_PROXY_OBJECT
  5
3C
102
{ACAD_REACTORS
330
2A
102
}
330
2A
100
AcDbProxyObject
 90
      499
 91
      501
 93
      444
310
42D3DD995C9A185B99D3D999915409028333333333333E33F0000000000000F9010790141107004050150941D405064090741402480A0350
1001
ACAD
1000
AcDbSavedByObjectVersion
1070
     0
  0
ACAD_PROXY_OBJECT
  5
33
102
{ACAD_REACTORS
330
2A
102
}
330
2A
100
AcDbProxyObject
 90
      499
 91
      501
 93
      428
310
425499585B1A5CDD1A58D08409038333333333333E33F0000000000000F9010740A907004050150800405405064090740C02480A1B40
1001
ACAD
1000
AcDbSavedByObjectVersion
1070
     0
  0
ACAD_PROXY_OBJECT
  5
42
102
{ACAD_REACTORS
330
2A
102
}
330
2A
100
AcDbProxyObject
 90
      499
 91
      501
 93
      420
310
4194DA1859195911B40902404333333333333E33F0000000000000F9010740A41107004050150800405405064090840C02480A0B40
1001
ACAD
1000
AcDbSavedByObjectVersion
1070
     0
  0
ACAD_PROXY_OBJECT
  5
41
102
{ACAD_REACTORS
330
2A
102
}
330
2A
100
AcDbProxyObject
 90
      499
 91
      501
 93
      516
310
4454DA18591959081DDA5D1A08195919D95CD1A40902404333333333333E33F0000000000000F901074090142907004050250800405405064090740C02480A0B40
1001
ACAD
1000
AcDbSavedByObjectVersion
1070
     0
  0
ACAD_PROXY_OBJECT
  5
3E
102
{ACAD_REACTORS
330
2A
102
}
330
2A
100
AcDbProxyObject
 90
      499
 91
      501
 93
      532
310
4394DA1859195CC81BD98811DC985E5174090240C333333333333E33F0000000000000F901079024090741D01000000000000111010841D405064090740C02480A0340
1001
ACAD
1000
AcDbSavedByObjectVersion
1070
     0
  0
ACAD_PROXY_OBJECT
  5
3F
102
{ACAD_REACTORS
330
2A
102
}
330
2A
100
AcDbProxyObject
 90
      499
 91
      501
 93
      476
310
41D4DAD95D18DA1E51840502408333333333333E33F0000000000000F901079024090741D01000000000000111010B41D405064090741802480A0340
1001
ACAD
1000
AcDbSavedByObjectVersion
1070
     0
  0
ACAD_PROXY_OBJECT
  5
37
102
{ACAD_REACTORS
330
2A
102
}
330
2A
100
AcDbProxyObject
 90
      499
 91
      501
 93
      412
310
41D51A1A58DAD95B90D409028333333333333E33F0000000000000F9010790141107004050150C41D405064090741402480A0350
1001
ACAD
1000
AcDbSavedByObjectVersion
1070
     0
  0
ACAD_PROXY_OBJECT
  5
30
102
{ACAD_REACTORS
330
2A
102
}
330
2A
100
AcDbProxyObject
 90
      499
 91
      501
 93
      420
310
4255DA5C99599C985B595059028333333333333E33F0000000000000F90107901411070040501600405405064090740C02480A0340
1001
ACAD
1000
AcDbSavedByObjectVersion
1070
     0
  0
ACAD_PROXY_OBJECT
  5
40
102
{ACAD_REACTORS
330
2A
102
}
330
2A
100
AcDbProxyObject
 90
      499
 91
      501
 93
      404
310
41560B54985E51940902404000000000000E03F0000000000000F9010740501907004050150841D405064090740C02480A1B40
1001
ACAD
1000
AcDbSavedByObjectVersion
1070
     0
  0
XRECORD
  5
4BB
102
{ACAD_REACTORS
330
4B1
102
}
330
4B1
100
AcDbXrecord
340
0
  0
XRECORD
  5
4BA
102
{ACAD_REACTORS
330
4B1
102
}
330
4B1
100
AcDbXrecord
 90
        0
  0
XRECORD
  5
4D1
102
{ACAD_REACTORS
330
4B1
102
}
330
4B1
100
AcDbXrecord
1000
DSTYLE
1002
{
1070
   179
 70
     1
1070
   285
 70
     7
1070
   176
 70
     7
1070
   177
 70
     7
1070
   178
 70
     7
1070
   271
 70
     3
1070
    44
 40
0.08
1070
   144
 40
2.0
1070
   371
 70
    13
1070
   372
 70
    13
1070
   272
 70
     3
1070
   340
340
73
1070
   140
 40
0.12
1070
   284
 70
     7
1070
   288
 70
     1
1070
    78
 70
     7
1070
    90
 70
     1
1002
}
  0
XRECORD
  5
4BC
102
{ACAD_REACTORS
330
4B1
102
}
330
4B1
100
AcDbXrecord
  1
{62617634-3472-6372-7271-617475793737}
  0
XRECORD
  5
4B4
102
{ACAD_REACTORS
330
4B1
102
}
330
4B1
100
AcDbXrecord
  1

  0
XRECORD
  5
4B9
102
{ACAD_REACTORS
330
4B1
102
}
330
4B1
100
AcDbXrecord
 90
        0
  0
XRECORD
  5
4B6
102
{ACAD_REACTORS
330
4B1
102
}
330
4B1
100
AcDbXrecord
340
1A
  0
XRECORD
  5
4B8
102
{ACAD_REACTORS
330
4B1
102
}
330
4B1
100
AcDbXrecord
 90
    10269
  0
XRECORD
  5
4B7
102
{ACAD_REACTORS
330
4B1
102
}
330
4B1
100
AcDbXrecord
340
19
  0
XRECORD
  5
4BE
102
{ACAD_REACTORS
330
4B1
102
}
330
4B1
100
AcDbXrecord
 40
0.0
  0
XRECORD
  5
4C1
102
{ACAD_REACTORS
330
4B1
102
}
330
4B1
100
AcDbXrecord
340
0
  0
XRECORD
  5
4C7
102
{ACAD_REACTORS
330
4B1
102
}
330
4B1
100
AcDbXrecord
 10
0.0
 20
0.0
 30
0.0
  0
XRECORD
  5
4C3
102
{ACAD_REACTORS
330
4B1
102
}
330
4B1
100
AcDbXrecord
 10
0.0
 20
0.0
 30
0.0
  0
XRECORD
  5
4C6
102
{ACAD_REACTORS
330
4B1
102
}
330
4B1
100
AcDbXrecord
 10
0.0
 20
0.0
 30
0.0
  0
XRECORD
  5
4C4
102
{ACAD_REACTORS
330
4B1
102
}
330
4B1
100
AcDbXrecord
 10
0.0
 20
0.0
 30
0.0
  0
XRECORD
  5
4C5
102
{ACAD_REACTORS
330
4B1
102
}
330
4B1
100
AcDbXrecord
 10
0.0
 20
0.0
 30
0.0
  0
XRECORD
  5
4C2
102
{ACAD_REACTORS
330
4B1
102
}
330
4B1
100
AcDbXrecord
 10
0.0
 20
0.0
 30
0.0
  0
XRECORD
  5
4BF
102
{ACAD_REACTORS
330
4B1
102
}
330
4B1
100
AcDbXrecord
340
0
  0
XRECORD
  5
4C0
102
{ACAD_REACTORS
330
4B1
102
}
330
4B1
100
AcDbXrecord
 70
     0
  0
XRECORD
  5
4B5
102
{ACAD_REACTORS
330
4B1
102
}
330
4B1
100
AcDbXrecord
  1

  0
XRECORD
  5
4B2
102
{ACAD_REACTORS
330
4B1
102
}
330
4B1
100
AcDbXrecord
 90
        1
  0
XRECORD
  5
4B3
102
{ACAD_REACTORS
330
4B1
102
}
330
4B1
100
AcDbXrecord
 90
       70
  0
XRECORD
  5
4CA
102
{ACAD_REACTORS
330
4B1
102
}
330
4B1
100
AcDbXrecord
340
0
  0
XRECORD
  5
4D0
102
{ACAD_REACTORS
330
4B1
102
}
330
4B1
100
AcDbXrecord
 10
0.0
 20
0.0
 30
0.0
  0
XRECORD
  5
4CC
102
{ACAD_REACTORS
330
4B1
102
}
330
4B1
100
AcDbXrecord
 10
0.0
 20
0.0
 30
0.0
  0
XRECORD
  5
4CF
102
{ACAD_REACTORS
330
4B1
102
}
330
4B1
100
AcDbXrecord
 10
0.0
 20
0.0
 30
0.0
  0
XRECORD
  5
4CD
102
{ACAD_REACTORS
330
4B1
102
}
330
4B1
100
AcDbXrecord
 10
0.0
 20
0.0
 30
0.0
  0
XRECORD
  5
4CE
102
{ACAD_REACTORS
330
4B1
102
}
330
4B1
100
AcDbXrecord
 10
0.0
 20
0.0
 30
0.0
  0
XRECORD
  5
4CB
102
{ACAD_REACTORS
330
4B1
102
}
330
4B1
100
AcDbXrecord
 10
0.0
 20
0.0
 30
0.0
  0
XRECORD
  5
4C8
102
{ACAD_REACTORS
330
4B1
102
}
330
4B1
100
AcDbXrecord
340
0
  0
XRECORD
  5
4C9
102
{ACAD_REACTORS
330
4B1
102
}
330
4B1
100
AcDbXrecord
 70
     0
  0
XRECORD
  5
4BD
102
{ACAD_REACTORS
330
4B1
102
}
330
4B1
100
AcDbXrecord
  1
{FAEB1C32-E019-11D5-929B-00C0DF256EC4}
  0
DICTIONARYVAR
  5
4DA
102
{ACAD_REACTORS
330
6E
102
}
330
6E
100
DictionaryVariables
280
     0
  1
1:1
  0
DICTIONARYVAR
  5
4D3
102
{ACAD_REACTORS
330
6E
102
}
330
6E
100
DictionaryVariables
280
     0
  1
Standard
  0
DICTIONARYVAR
  5
4D2
102
{ACAD_REACTORS
330
6E
102
}
330
6E
100
DictionaryVariables
280
     0
  1
Onshape-Standard
  0
DICTIONARYVAR
  5
4D6
102
{ACAD_REACTORS
330
6E
102
}
330
6E
100
DictionaryVariables
280
     0
  1
2
  0
DICTIONARYVAR
  5
4D7
102
{ACAD_REACTORS
330
6E
102
}
330
6E
100
DictionaryVariables
280
     0
  1
1
  0
DICTIONARYVAR
  5
4DB
102
{ACAD_REACTORS
330
6E
102
}
330
6E
100
DictionaryVariables
280
     0
  1
1
  0
DICTIONARYVAR
  5
6F
102
{ACAD_REACTORS
330
6E
102
}
330
6E
100
DictionaryVariables
280
     0
  1
0
  0
XRECORD
  5
456
102
{ACAD_REACTORS
330
455
102
}
330
455
100
AcDbXrecord
 70
     0
  0
XRECORD
  5
459
102
{ACAD_REACTORS
330
455
102
}
330
455
100
AcDbXrecord
 90
        0
  0
ACAD_PROXY_OBJECT
  5
45F
102
{ACAD_REACTORS
330
455
102
}
330
455
100
AcDbProxyObject
 90
      499
 91
      512
 93
       34
310
40C8804040
  0
XRECORD
  5
45E
102
{ACAD_REACTORS
330
455
102
}
330
455
100
AcDbXrecord
 90
        5
  0
XRECORD
  5
45A
102
{ACAD_REACTORS
330
455
102
}
330
455
100
AcDbXrecord
 90
        4
  0
XRECORD
  5
45C
102
{ACAD_REACTORS
330
455
102
}
330
455
100
AcDbXrecord
 90
        0
  0
ACAD_PROXY_OBJECT
  5
45D
102
{ACAD_REACTORS
330
455
102
}
330
455
100
AcDbProxyObject
 90
      499
 91
      512
 93
       34
310
40C8804000
  0
ACAD_PROXY_OBJECT
  5
45B
102
{ACAD_REACTORS
330
455
102
}
330
455
100
AcDbProxyObject
 90
      499
 91
      512
 93
       34
310
40C8804040
  0
XRECORD
  5
458
102
{ACAD_REACTORS
330
455
102
}
330
455
100
AcDbXrecord
 90
        0
  0
XRECORD
  5
457
102
{ACAD_REACTORS
330
455
102
}
330
455
100
AcDbXrecord
 90
        0
  0
DICTIONARY
  5
4DE
330
45
100
AcDbDictionary
280
     1
  3
ACAD_XREC_ROUNDTRIP
360
4DF
  0
DICTIONARY
  5
4DC
330
44
100
AcDbDictionary
280
     1
  3
ACAD_XREC_ROUNDTRIP
360
4DD
  0
DICTIONARY
  5
4E0
330
46
100
AcDbDictionary
280
     1
  3
ACAD_XREC_ROUNDTRIP
360
4E1
  0
XRECORD
  5
4DF
102
{ACAD_REACTORS
330
4DE
102
}
330
4DE
100
AcDbXrecord
102
MATERIAL
148
0.0
149
0.0
149
0.0
 93
        0
 94
      127
282
     0
 72
     1
 77
     1
171
     1
175
     1
179
     1
273
     0
  0
XRECORD
  5
4DD
102
{ACAD_REACTORS
330
4DC
102
}
330
4DC
100
AcDbXrecord
102
MATERIAL
148
0.0
149
0.0
149
0.0
 93
        0
 94
      127
282
     0
 72
     1
 77
     1
171
     1
175
     1
179
     1
273
     0
  0
XRECORD
  5
4E1
102
{ACAD_REACTORS
330
4E0
102
}
330
4E0
100
AcDbXrecord
102
MATERIAL
148
0.0
149
0.0
149
0.0
 93
        0
 94
      127
282
     0
 72
     1
 77
     1
171
     1
175
     1
179
     1
273
     0
  0
ENDSEC
  0
EOF
